Project_ID,Project_Name,Project_Type,Region,Location,Contractor,Start_Date,Planned_End_Date,Actual_End_Date,Planned_Cost_INR,Actual_Cost_INR,Planned_Progress_Pct,Actual_Progress_Pct,Manpower,Material_Cost_INR,Labor_Cost_INR,Equipment_Cost_INR,Equipment_Hours,Safety_Incidents,Quality_Issues,Weather_Delay_Days,Design_Changes,Quality_Rating,Safety_Score,Delay_Days,Project_Status,Actual_Duration_day,Planned_Duration,Total_Direct_Cost,Cost_Overrun,Progress_variance
P1001,Power Transmission Project 0001,Power Transmission,West,Ahmedabad,Prime Projects,13-04-2023,16-01-2024,09-02-2024,1007602667,1092391114,90.3,89.6,372,649344556,322321247,120725312,3917,1,2,10,1,90.1,95.5,24,On Track,302,278,1092391115,84788447,-0.7
P1002,Highway Project 0002,Highway,Central,Nagpur,ABC Infra,11-03-2024,21-02-2025,23-05-2025,1504720970,1497509928,90.1,71.1,822,783344199,402425555,311740174,3000,1,7,9,1,72,94.9,91,Delayed,438,347,1497509928,-7211042,-19
P1003,Highway Project 0003,Highway,Central,Indore,ABC Infra,10-05-2025,10-04-2026,08-06-2026,880962915,920260206,88.3,77.2,209,580944343,236589485,102726378,1305,0,4,9,3,95.2,98.2,59,Delayed,394,335,920260206,39297291,-11.1
P1004,Building Project 0004,Building,Central,Indore,BuildTech,28-09-2023,21-12-2025,10-02-2026,1064008714,1166667621,91.1,84.7,358,585849640,276090597,304727383,2001,1,5,8,3,85.3,84.9,51,Delayed,866,815,1166667620,102658907,-6.4
P1005,Power Transmission Project 0005,Power Transmission,West,Mumbai,Prime Projects,17-04-2023,29-08-2023,17-10-2023,1192128851,1270594233,89.6,80.1,451,755630417,281389349,233574467,3602,1,5,12,0,80.3,95.4,49,Delayed,183,134,1270594233,78465382,-9.5
P1006,Power Transmission Project 0006,Power Transmission,Central,Nagpur,ABC Infra,13-03-2023,14-12-2023,19-12-2023,821788341,825686915,90.4,91.3,317,510528831,194578793,120579291,9295,2,2,7,0,87.4,82,5,Completed,281,276,825686915,3898574,0.9
P1007,Highway Project 0007,Highway,West,Ahmedabad,BuildTech,01-12-2024,07-01-2027,28-01-2027,1453741396,1571789029,90,89.8,471,805035299,393545628,373208101,3666,0,4,15,2,74.8,100,21,On Track,788,767,1571789028,118047633,-0.2
P1008,Metro Project 0008,Metro,Central,Nagpur,Apex Contractors,21-01-2023,05-02-2024,07-05-2024,1901503639,2197969382,97.8,77.2,875,1143328745,424342816,630297821,11384,3,7,10,4,77.4,80.8,92,Delayed,472,380,2197969382,296465743,-20.6
P1009,Power Transmission Project 0009,Power Transmission,South,Bengaluru,Unknown,06-09-2024,09-06-2025,12-07-2025,1463702326,1642123876,94,83.9,744,797923638,405412030,438788208,11990,1,3,11,1,84.7,87.7,33,Delayed,309,276,1642123876,178421550,-10.1
P1010,Metro Project 0010,Metro,South,Bengaluru,Apex Contractors,02-05-2023,15-10-2023,20-01-2024,2937748935,3287138132,93.1,,1556,2024337500,908295383,354505248,3462,0,6,12,4,87.2,96.2,97,Delayed,263,166,3287138131,349389197,-93.1
P1011,Power Transmission Project 0011,Power Transmission,West,Ahmedabad,Vertex Infra,11-04-2024,28-06-2025,13-10-2025,665712174,712214205,91.9,72.4,323,409694485,220237797,82281922,8606,1,8,14,2,69.7,94.6,107,Delayed,550,443,712214204,46502031,-19.5
P1012,Power Transmission Project 0012,Power Transmission,Central,Nagpur,BuildTech,03-08-2023,15-10-2025,26-11-2025,722000417,806966537,91.7,81.1,361,398785544,236844515,171336478,11821,1,6,11,2,76.1,95.4,42,Delayed,846,804,806966537,84966120,-10.6
P1013,Building Project 0013,Building,South,Chennai,BuildTech,27-11-2023,02-08-2024,05-10-2024,872626570,977746478,88.9,77,350,626944349,212298354,138503775,2437,3,3,8,2,79.6,77.1,64,Delayed,313,249,977746478,105119908,-11.9
P1014,Bridge Project 0014,Bridge,South,Bengaluru,ABC Infra,03-04-2024,15-09-2025,31-10-2025,645005628,706706884,94.5,87,317,417006127,151351856,138348901,5152,2,4,9,3,88.1,88.6,46,Delayed,576,530,706706884,61701256,-7.5
P1015,Bridge Project 0015,Bridge,South,Bengaluru,MegaBuild,29-03-2023,29-10-2023,12-12-2023,564548652,587890969,91.3,78.9,180,279929718,136641336,171319916,330,0,2,8,1,93.7,100,44,Delayed,258,214,587890970,23342317,-12.4
P1016,Metro Project 0016,Metro,North,Delhi,MegaBuild,08-01-2024,23-01-2026,18-02-2026,1067936522,1127711140,92.3,90.8,375,612852502,239768482,275090157,6248,0,3,11,2,83,100,26,Completed,772,746,1127711141,59774618,-1.5
P1017,Power Transmission Project 0017,Power Transmission,Central,Nagpur,Shakti Engineering,10-04-2023,31-08-2025,25-11-2025,631434522,754800547,88.8,73.4,204,409663678,198845705,146291164,2105,2,5,6,9,83.7,86.7,86,Delayed,960,874,754800547,123366025,-15.4
P1018,Bridge Project 0018,Bridge,South,Bengaluru,MegaBuild,21-05-2025,06-07-2026,08-08-2026,1051450623,1134869885,86.5,83.3,393,553093260,222617725,359158899,6713,2,4,15,1,86.6,88.3,33,Delayed,444,411,1134869884,83419262,-3.2
P1019,Power Transmission Project 0019,Power Transmission,South,Hyderabad,BuildTech,25-10-2024,01-12-2025,30-12-2025,767664447,830887994,94.5,89.7,241,453377438,199465304,178045252,3869,1,2,15,1,99.2,99.5,29,On Track,431,402,830887994,63223547,-4.8
P1020,Highway Project 0020,Highway,Central,Nagpur,Shakti Engineering,11-05-2023,15-11-2023,25-12-2023,1011268044,1049666673,90.5,81.9,543,558615241,237777382,253274050,9928,0,4,11,1,80.9,93.8,40,Delayed,228,188,1049666673,38398629,-8.6
P1021,Power Transmission Project 0021,Power Transmission,Central,Indore,Apex Contractors,23-10-2024,11-12-2026,09-03-2027,1338135146,1461690944,88.1,71.3,432,881228233,380227289,200235422,5610,0,6,13,2,83.2,96.7,88,Delayed,867,779,1461690944,123555798,-16.8
P1022,Bridge Project 0022,Bridge,North,Delhi,ABC Infra,05-11-2023,14-03-2024,15-03-2024,765890235,789741487,91.4,91.7,193,380977106,226032959,182731422,11920,0,6,9,1,70.7,100,1,Completed,131,130,789741487,23851252,0.3
P1023,Highway Project 0023,Highway,South,Bengaluru,Apex Contractors,08-02-2025,16-02-2026,04-03-2026,550826452,590389371,89.6,91.1,216,288258076,173049975,129081320,756,0,8,9,2,74.2,100,16,Completed,389,373,590389371,39562919,1.5
P1024,Highway Project 0024,Highway,North,Delhi,Prime Projects,10-12-2023,09-10-2025,10-11-2025,1341259070,1462064502,96.2,86.4,320,888144804,417275930,156643768,748,1,0,9,4,100,88.2,32,Delayed,701,669,1462064502,120805432,-9.8
P1025,Water Infrastructure Project 0025,Water Infrastructure,Central,Indore,Vertex Infra,06-05-2024,14-01-2025,14-02-2025,308860501,321513979,88.6,84.6,80,173687683,72806654,75019642,367,0,5,9,1,85.9,98.1,31,Delayed,284,253,321513979,12653478,-4
P1026,Building Project 0026,Building,West,Ahmedabad,Vertex Infra,18-02-2024,29-05-2026,04-07-2026,902251274,938820753,91.8,82.4,263,479268998,273308423,186243331,4389,0,2,8,1,93.4,100,36,Delayed,867,831,938820752,36569479,-9.4
P1027,Power Transmission Project 0027,Power Transmission,West,Ahmedabad,BuildTech,16-03-2025,05-08-2025,20-09-2025,1685898437,1894398703,94.3,83.1,629,1140427208,477919085,276052409,2162,2,5,6,2,74.6,84,46,Delayed,188,142,1894398702,208500266,-11.2
P1028,Highway Project 0028,Highway,Central,Nagpur,BuildTech,21-01-2024,30-04-2025,24-05-2025,974817718,1030000059,92.6,92.4,353,639815813,275162174,115022072,2102,0,1,15,2,99.5,99.7,24,Completed,489,465,1030000059,55182341,-0.2
P1029,Highway Project 0029,Highway,Central,Indore,Shakti Engineering,11-07-2023,04-09-2024,17-11-2024,1082141884,1157912513,92.2,76.1,523,580546945,326370614,250994954,11923,1,2,7,3,96.9,92.5,74,Delayed,495,421,1157912513,75770629,-16.1
P1030,Building Project 0030,Building,West,Pune,ABC Infra,13-08-2025,08-12-2026,16-01-2027,698543126,727292731,88,86.5,324,444710747,152360086,130221897,7854,0,3,14,2,88.1,96.6,39,Delayed,521,482,727292730,28749605,-1.5
P1031,Bridge Project 0031,Bridge,West,Pune,UrbanWorks,04-10-2023,02-03-2025,03-06-2025,733597110,793126114,90.5,74.7,264,465569842,237751035,89805236,8619,5,4,10,1,84.3,63,93,Delayed,608,515,793126113,59529004,-15.8
P1032,Bridge Project 0032,Bridge,Central,Nagpur,BuildTech,10-06-2023,12-05-2024,01-06-2024,1144625242,1227090608,91.8,89,377,740672394,308708637,177709577,6195,1,1,11,2,92.6,89.6,20,On Track,357,337,1227090608,82465366,-2.8
P1033,Power Transmission Project 0033,Power Transmission,West,mumbai,UrbanWorks,04-04-2024,20-12-2024,26-01-2025,1686659548,1866491319,90.7,82.7,547,1118808655,417148757,330533907,9759,1,3,11,2,94.6,85.7,37,Delayed,297,260,1866491319,179831771,-8
P1034,Power Transmission Project 0034,Power Transmission,North,Delhi,Apex Contractors,10-11-2023,14-11-2025,19-01-2026,1011337801,1028615993,95.9,80.1,480,597448989,231676375,199490630,9534,1,5,10,1,78.8,90.7,66,Delayed,801,735,1028615994,17278192,-15.8
P1035,Power Transmission Project 0035,Power Transmission,North,Delhi,UrbanWorks,22-01-2023,17-12-2023,26-01-2024,1349234402,1527666868,89.3,84.6,320,953436496,407835032,166395339,5815,1,3,7,4,81.8,83.6,40,Delayed,369,329,1527666867,178432466,-4.7
P1036,Power Transmission Project 0036,Power Transmission,West,Ahmedabad,MegaBuild,10-09-2023,21-09-2025,17-12-2025,1726558150,1876469968,90.1,76.3,387,1168998125,498077624,209394219,4038,1,5,12,3,85.1,88.2,87,Delayed,829,742,1876469968,149911818,-13.8
P1037,Metro Project 0037,Metro,West,Pune,ABC Infra,17-01-2025,22-01-2027,04-05-2027,2894875828,3239157294,100,77.2,1396,1641552587,873370527,724234180,667,3,7,9,3,71,80,102,Delayed,837,735,3239157294,344281466,-22.8
P1038,Bridge Project 0038,Bridge,North,Jaipur,Vertex Infra,06-05-2025,17-07-2027,30-08-2027,832391208,925522076,93.3,83,314,577976709,199372072,148173295,6501,1,3,14,2,93.1,99.1,44,Delayed,846,802,925522076,93130868,-10.3
P1039,Building Project 0039,Building,South,Bengaluru,Vertex Infra,14-07-2024,13-02-2026,11-03-2026,681269736,777532201,86.1,78.2,179,410478574,160757759,206295868,11096,0,3,11,0,82.5,95.2,26,On Track,605,579,777532201,96262465,-7.9
P1040,Power Transmission Project 0040,Power Transmission,South,Bengaluru,UrbanWorks,19-04-2024,07-08-2025,23-10-2025,942220122,1057911482,92,76.7,280,645811070,291668701,120431711,2940,2,6,10,2,67.5,91.2,77,Delayed,552,475,1057911482,115691360,-15.3
P1041,Highway Project 0041,Highway,South,Bengaluru,Vertex Infra,28-02-2023,16-05-2024,01-08-2024,1524521107,1652654455,93.2,76.8,804,1072873458,385853470,193927528,5207,0,5,9,4,86,99.4,77,Delayed,520,443,1652654456,128133348,-16.4
P1042,Bridge Project 0042,Bridge,West,Ahmedabad,Apex Contractors,25-05-2024,01-02-2025,27-03-2025,530321801,571953892,86.8,79.1,267,306266976,120203256,145483661,358,1,0,12,1,86.5,90.1,54,Delayed,306,252,571953893,41632091,-7.7
P1043,Highway Project 0043,Highway,Central,Indore,ABC Infra,12-11-2024,16-07-2025,09-09-2025,1128421907,1239171365,88.8,78.9,512,611681818,273474563,354014984,4556,1,3,11,2,86.2,97.3,55,Delayed,301,246,1239171365,110749458,-9.9
P1044,Building Project 0044,Building,South,Chennai,MegaBuild,20-04-2024,01-12-2024,11-12-2024,559523441,564555438,85.2,82.6,212,364697676,117862128,81995634,8594,1,5,7,0,79.3,95.5,10,On Track,235,225,564555438,5031997,-2.6
P1045,Power Transmission Project 0045,Power Transmission,West,Pune,ABC Infra,30-11-2024,23-11-2026,21-01-2027,942600031,974786623,91.2,75.3,369,487934243,240443434,246408946,5241,0,3,15,2,89.1,100,59,Delayed,782,723,974786623,32186592,-15.9
P1046,Power Transmission Project 0046,Power Transmission,West,Pune,BuildTech,02-09-2025,12-01-2027,03-02-2027,1095011991,1220947577,83.5,85.1,593,652223758,268863544,299860275,4807,2,1,8,4,98.9,77.7,22,On Track,519,497,1220947577,125935586,1.6
P1047,Metro Project 0047,Metro,North,Jaipur,UrbanWorks,21-02-2025,10-08-2025,24-09-2025,2967610013,3287109659,86.8,79.2,1598,1842339991,927141913,517627754,1085,0,5,15,2,87.8,97.1,45,Delayed,215,170,3287109658,319499646,-7.6
P1048,Power Transmission Project 0048,Power Transmission,North,Delhi,ABC Infra,09-07-2023,04-12-2023,17-01-2024,671509231,742573627,84.5,82,195,,203405576,165579333,2746,0,7,9,2,72.8,100,44,Delayed,192,148,368984909,71064396,-2.5
P1049,Water Infrastructure Project 0049,Water Infrastructure,West,Mumbai,Apex Contractors,15-08-2025,19-03-2027,11-05-2027,652517800,721004072,91.3,80.5,318,444650068,196108628,80245376,9448,2,3,13,1,83.7,92.2,53,Delayed,634,581,721004072,68486272,-10.8
P1050,Highway Project 0050,Highway,Central,Nagpur,Vertex Infra,17-11-2024,06-01-2026,06-02-2026,608787905,651828620,88.6,84.8,173,344261548,160025662,147541410,11194,3,1,10,2,90.5,82.5,31,Delayed,446,415,651828620,43040715,-3.8
P1051,Metro Project 0051,Metro,North,Delhi,Prime Projects,15-08-2025,05-10-2026,18-10-2026,1295951243,1463156224,91.6,90.6,376,931230656,370746235,161179333,8928,0,4,6,3,83.1,100,13,Completed,429,416,1463156224,167204981,-1
P1052,Metro Project 0052,Metro,Central,Indore,ABC Infra,16-07-2024,08-11-2026,20-12-2026,1860334625,2178942210,82.7,76.4,824,1354592860,526126124,298223226,2665,0,4,8,4,88.9,100,42,Delayed,887,845,2178942210,318607585,-6.3
P1053,Highway Project 0053,Highway,Central,Nagpur,UrbanWorks,25-05-2025,09-11-2027,19-03-2028,1055930837,1199552266,86.9,57.7,373,693250629,250539831,255761806,5001,3,8,11,6,74.4,75.8,131,Delayed,1029,898,1199552266,143621429,-29.2
P1054,Power Transmission Project 0054,Power Transmission,West,Pune,MegaBuild,20-07-2024,28-12-2025,04-02-2026,918138814,929277464,93.2,,484,564591762,187751287,176934414,7717,0,3,10,1,91.1,100,38,Delayed,564,526,929277463,11138650,-93.2
P1055,Bridge Project 0055,Bridge,Central,Indore,Vertex Infra,01-09-2023,05-02-2026,10-03-2026,673577133,709321393,85.4,81,167,404877286,190952975,113491132,5866,0,4,10,0,93.6,95.7,33,Delayed,921,888,709321393,35744260,-4.4
P1056,Power Transmission Project 0056,Power Transmission,Central,Nagpur,MegaBuild,11-04-2025,13-04-2027,07-06-2027,710230095,779928827,94.1,82.8,276,432092511,163065288,184771027,8988,1,4,10,0,96.6,100,55,Delayed,787,732,779928826,69698732,-11.3
P1057,Metro Project 0057,Metro,North,Jaipur,UrbanWorks,19-05-2024,25-10-2025,02-12-2025,1590375172,1765069745,89.4,82.2,831,914082236,337277286,513710223,9858,0,8,8,1,74.7,100,38,Delayed,562,524,1765069745,174694573,-7.2
P1058,Highway Project 0058,Highway,North,Jaipur,Vertex Infra,11-05-2023,18-08-2024,13-09-2024,1532553569,1629757960,86.7,85.7,794,1002314569,381545974,245897417,11357,1,3,9,0,86.4,95.8,26,On Track,491,465,1629757960,97204391,-1
P1059,Bridge Project 0059,Bridge,South,Hyderabad,BuildTech,29-04-2024,10-05-2026,01-07-2026,1191883590,1187300905,86.9,81.3,323,697228968,331836452,158235485,10343,1,2,12,3,100,89,52,Delayed,793,741,1187300905,-4582685,-5.6
P1060,Highway Project 0060,Highway,South,Chennai,Vertex Infra,29-03-2025,19-09-2026,06-11-2026,872447813,930703660,90.9,82.9,297,570748473,255398575,104556611,9514,3,3,10,2,86.4,73.2,48,Delayed,587,539,930703659,58255847,-8
P1061,Bridge Project 0061,Bridge,North,Jaipur,BuildTech,08-10-2024,05-08-2025,25-09-2025,883454497,1008984033,98.8,87.3,374,567594449,290827892,150561693,6683,4,5,8,1,84.1,68.8,51,Delayed,352,301,1008984034,125529536,-11.5
P1062,Power Transmission Project 0062,Power Transmission,West,Pune,MegaBuild,21-01-2023,21-05-2023,13-08-2023,1705610423,1719037076,100,81.3,464,921594065,373100591,424342420,11622,1,5,9,1,74,91.2,84,Delayed,204,120,1719037076,13426653,-18.7
P1063,Building Project 0063,Building,West,Mumbai,MegaBuild,20-04-2025,07-03-2027,05-04-2027,361921433,399064114,84.7,78,195,190170570,117494465,91399079,11336,3,6,16,1,79,80.1,29,On Track,715,686,399064114,37142681,-6.7
P1064,Building Project 0064,Building,South,Bengaluru,UrbanWorks,16-06-2023,18-10-2024,21-12-2024,937138753,980400831,92.7,76.9,489,536775185,280248698,163376948,1789,1,5,12,0,82.3,87.6,64,Delayed,554,490,980400831,43262078,-15.8
P1065,Highway Project 0065,Highway,South,Hyderabad,BuildTech,01-10-2023,19-11-2025,25-01-2026,1513546183,1673150130,96.7,77.9,416,1031261430,341513602,300375098,2634,1,5,11,1,83.8,97,67,Delayed,847,780,1673150130,159603947,-18.8
P1066,Highway Project 0066,Highway,South,Bengaluru,MegaBuild,23-01-2024,26-07-2025,30-07-2025,617935392,639626795,85,89.9,160,384584438,183011170,72031187,7990,1,6,6,3,79.6,91.2,4,On Track,554,550,639626795,21691403,4.9
P1067,Highway Project 0067,Highway,South,Chennai,BuildTech,23-08-2024,25-10-2025,02-01-2026,691212832,735282152,87.5,73.6,171,446097025,179748993,109436133,3689,0,0,16,3,99.6,95.7,69,Delayed,497,428,735282151,44069320,-13.9
P1068,Building Project 0068,Building,Central,Nagpur,Unknown,12-11-2023,25-07-2024,15-08-2024,1044433606,1128373267,91.2,85.9,543,680362595,221037836,226972836,502,2,3,7,1,86.6,82.3,21,On Track,277,256,1128373267,83939661,-5.3
P1069,Highway Project 0069,Highway,West,Ahmedabad,Vertex Infra,14-01-2023,01-12-2023,09-01-2024,1084229450,1173823581,90.2,81.3,307,597717426,249329302,326776853,530,1,1,14,4,96.2,90.9,39,Delayed,360,321,1173823581,89594131,-8.9
P1070,Bridge Project 0070,Bridge,North,Jaipur,ABC Infra,30-08-2023,07-03-2025,25-04-2025,424212223,482289515,84.5,85.1,151,243741178,116770769,121777569,7347,2,6,11,3,82.4,84,49,Delayed,604,555,482289516,58077292,0.6
P1071,Building Project 0071,Building,West,Mumbai,Apex Contractors,15-02-2025,23-04-2026,14-05-2026,541706879,533830035,93,86.2,199,277496360,131480963,124852712,11620,1,1,7,0,94,89.4,21,On Track,453,432,533830035,-7876844,-6.8
P1072,Bridge Project 0072,Bridge,South,Chennai,Prime Projects,12-12-2023,04-08-2024,22-10-2024,783703531,840459130,91.7,72.3,327,427771153,241906559,170781418,11183,3,7,16,2,78,79.5,79,Delayed,315,236,840459130,56755599,-19.4
P1073,Highway Project 0073,Highway,South,Bengaluru,Apex Contractors,18-07-2024,11-09-2026,13-12-2026,1246589812,1340386707,93.8,73.5,303,677477062,301424232,361485413,11983,1,3,6,3,93.4,87.3,93,Delayed,878,785,1340386707,93796895,-20.3
P1074,Metro Project 0074,Metro,South,Hyderabad,Vertex Infra,16-06-2025,11-05-2027,06-08-2027,2441657549,2753635402,92.1,71.7,719,1375746820,672810877,705077705,3262,2,3,16,4,90.8,77.8,87,Delayed,781,694,2753635402,311977853,-20.4
P1075,Power Transmission Project 0075,Power Transmission,North,Jaipur,Shakti Engineering,06-12-2023,03-12-2024,29-12-2024,1809460031,1989337281,92.1,85.3,954,1241962483,429424778,317950021,2627,1,3,8,2,84.1,100,26,On Track,389,363,1989337282,179877250,-6.8
P1076,Water Infrastructure Project 0076,Water Infrastructure,West,Pune,Apex Contractors,02-04-2023,17-01-2025,26-01-2025,476444276,519235923,90.1,91.5,247,291349724,127951003,99935196,3084,0,3,8,3,93.7,100,9,Completed,665,656,519235923,42791647,1.4
P1077,Building Project 0077,Building,North,Jaipur,ABC Infra,02-01-2024,23-12-2025,17-01-2026,742327373,755396028,94.8,88.9,354,418286977,229891236,107217815,1103,0,4,8,0,82.2,100,25,On Track,746,721,755396028,13068655,-5.9
P1078,Highway Project 0078,Highway,South,Hyderabad,Shakti Engineering,13-08-2025,23-02-2026,28-03-2026,1079823108,1141392387,84.7,77.2,244,632341985,284389171,224661232,6066,0,5,8,2,92.8,100,33,Delayed,227,194,1141392388,61569279,-7.5
P1079,Power Transmission Project 0079,Power Transmission,South,Hyderabad,MegaBuild,30-03-2024,17-08-2025,27-08-2025,1095830764,1218594218,85.6,85.5,359,627716462,300404329,290473428,4023,0,4,11,1,81.5,99.5,10,On Track,515,505,1218594219,122763454,-0.1
P1080,Water Infrastructure Project 0080,Water Infrastructure,West,Ahmedabad,Prime Projects,03-03-2024,26-01-2025,24-02-2025,404842946,470849559,94.4,89.1,172,271459797,129546649,69843114,11393,1,0,4,3,86.8,91.1,29,On Track,358,329,470849560,66006613,-5.3
P1081,Metro Project 0081,Metro,North,Jaipur,Prime Projects,23-05-2024,07-01-2026,13-02-2026,2925363995,3174780313,88.9,84.6,909,1588473712,679464544,906842058,6696,0,3,8,1,85,100,37,Delayed,631,594,3174780314,249416318,-4.3
P1082,Power Transmission Project 0082,Power Transmission,North,Jaipur,MegaBuild,14-02-2025,05-08-2026,11-10-2026,1637513796,1833969931,86.4,80.5,851,1119084272,516615555,198270104,475,1,4,9,4,84.3,90.5,67,Delayed,604,537,1833969931,196456135,-5.9
P1083,Metro Project 0083,Metro,West,Ahmedabad,MegaBuild,31-07-2025,09-11-2026,17-12-2026,1976699396,2007629820,93.4,88,848,1042640962,517972157,447016701,9936,1,2,6,1,95.5,95.9,38,Delayed,504,466,2007629820,30930424,-5.4
P1084,Building Project 0084,Building,Central,Indore,BuildTech,04-02-2023,13-11-2024,09-01-2025,788820477,875259385,92.7,81.8,192,541932108,234681573,98645704,5991,2,3,14,3,92.7,87.6,57,Delayed,705,648,875259385,86438908,-10.9
P1085,Building Project 0085,Building,Central,Indore,MegaBuild,25-07-2023,22-08-2025,16-09-2025,519991653,540987515,82,78.2,270,316580006,151722391,72685118,3832,2,0,11,5,100,83.4,25,On Track,784,759,540987515,20995862,-3.8
P1086,Metro Project 0086,Metro,Central,Nagpur,UrbanWorks,22-03-2023,20-08-2025,08-11-2025,2066698399,2349321952,92.7,75.9,1107,1385999316,642541639,320780998,4649,0,8,9,1,71,100,80,Delayed,962,882,2349321953,282623553,-16.8
P1087,Power Transmission Project 0087,Power Transmission,Central,Indore,Apex Contractors,20-07-2025,14-05-2026,17-06-2026,1445913861,1588772342,87.5,79.1,355,1000835115,411971611,175965615,1843,1,4,13,1,79.3,98.2,34,Delayed,332,298,1588772341,142858481,-8.4
P1088,Water Infrastructure Project 0088,Water Infrastructure,North,Delhi,MegaBuild,15-07-2024,12-05-2025,07-05-2025,614176052,647216060,92,95.6,243,317328663,173220772,156666625,10646,1,3,7,0,88.6,84.1,-5,Completed,296,301,647216060,33040008,3.6
P1089,Building Project 0089,Building,North,Jaipur,UrbanWorks,21-05-2025,13-07-2027,02-10-2027,1065553897,1095046206,89.7,74.3,341,545657929,217753530,331634747,10597,0,8,10,0,64.1,96.2,81,Delayed,864,783,1095046206,29492309,-15.4
P1090,Highway Project 0090,Highway,West,Mumbai,MegaBuild,23-01-2024,15-06-2024,30-08-2024,1161352031,1250967591,92.5,78.5,406,682481374,301394922,267091294,5756,1,5,13,0,64.8,92.3,76,Delayed,220,144,1250967590,89615560,-14
P1091,Highway Project 0091,Highway,North,Jaipur,BuildTech,02-01-2023,28-10-2023,13-12-2023,910167530,922370740,90,81.8,254,554785187,267232864,100352689,3713,0,3,10,2,79.7,96.4,46,Delayed,345,299,922370740,12203210,-8.2
P1092,Metro Project 0092,Metro,North,Delhi,UrbanWorks,25-01-2024,03-05-2026,13-06-2026,2518861015,2665262889,85,81.3,1034,1281202142,589361288,794699458,7385,0,5,9,1,80.1,98.3,41,Delayed,870,829,2665262888,146401874,-3.7
P1093,Water Infrastructure Project 0093,Water Infrastructure,North,Delhi,Apex Contractors,19-07-2024,31-03-2026,21-04-2026,405629820,433415584,83.6,84.1,217,217099539,106215886,110100159,11853,0,1,8,1,98.8,100,21,On Track,641,620,433415584,27785764,0.5
P1094,Metro Project 0094,Metro,South,Bengaluru,ABC Infra,16-04-2023,21-01-2024,16-02-2024,1751341311,1814544699,84.6,83,676,970233712,372905868,471405120,4479,0,4,7,1,79.8,99.4,26,On Track,306,280,1814544700,63203388,-1.6
P1095,Building Project 0095,Building,North,Jaipur,UrbanWorks,10-02-2025,03-12-2025,06-12-2025,605575650,646207915,85.5,88.7,149,382263977,144816986,119126952,9632,1,3,9,1,83.8,95.9,3,On Track,299,296,646207915,40632265,3.2
P1096,Water Infrastructure Project 0096,Water Infrastructure,South,Chennai,Vertex Infra,01-04-2025,10-05-2026,14-07-2026,563743293,675653448,91.8,78.2,239,357589705,184727772,133335970,5107,0,1,6,6,93.3,99.5,65,Delayed,469,404,675653447,111910155,-13.6
P1097,Highway Project 0097,Highway,North,Delhi,BuildTech,21-04-2024,20-10-2024,13-12-2024,1339459918,1342094959,93.8,82.5,445,775547945,369572743,196974270,7686,0,3,10,2,80.6,98.4,54,Delayed,236,182,1342094958,2635041,-11.3
P1098,Water Infrastructure Project 0098,Water Infrastructure,West,Mumbai,Shakti Engineering,03-12-2024,23-01-2027,14-03-2027,595424684,642054796,88.8,75.8,299,352225839,157147714,132681243,10253,3,4,9,3,88.7,75.2,50,Delayed,831,781,642054796,46630112,-13
P1099,Highway Project 0099,Highway,West,Ahmedabad,Apex Contractors,06-02-2024,01-04-2026,28-04-2026,1352245101,1462532036,86.4,83.2,491,696929206,422918562,342684268,2240,2,1,13,3,94.6,89.9,27,On Track,812,785,1462532036,110286935,-3.2
P1100,Power Transmission Project 0100,Power Transmission,Central,Nagpur,UrbanWorks,30-12-2024,01-10-2025,07-01-2026,1302551573,1447101254,90.1,68.4,369,879326018,404388880,163386356,10298,5,6,9,3,76.2,68.8,98,Delayed,373,275,1447101254,144549681,-21.7
P1101,Bridge Project 0101,Bridge,South,Bengaluru,Vertex Infra,09-07-2024,17-02-2026,13-03-2026,694707284,777598240,82.1,81.5,196,444814996,177263129,155520115,11665,1,2,14,4,88.6,94.9,24,On Track,612,588,777598240,82890956,-0.6
P1102,Highway Project 0102,Highway,West,Ahmedabad,Vertex Infra,11-06-2023,26-11-2023,02-02-2024,1368927787,1504195143,92.5,81.5,648,928517158,365572176,210105810,956,1,4,14,1,86.3,87.1,68,Delayed,236,168,1504195144,135267356,-11
P1103,Metro Project 0103,Metro,South,Bengaluru,Apex Contractors,21-07-2023,09-02-2024,08-04-2024,1461813548,1622028685,89.7,80.7,449,960588547,466238610,195201527,2803,1,4,11,4,82.2,94.5,59,Delayed,262,203,1622028684,160215137,-9
P1104,Bridge Project 0104,Bridge,West,Mumbai,Apex Contractors,15-08-2025,08-12-2026,24-01-2027,597615958,656569725,90.3,85,282,320600876,128648328,207320521,958,1,6,9,2,84.9,90.9,47,Delayed,527,480,656569725,58953767,-5.3
P1105,Water Infrastructure Project 0105,Water Infrastructure,South,Hyderabad,Vertex Infra,22-09-2025,09-12-2027,23-01-2028,607724269,612959700,87.9,78.5,174,346838777,158256351,107864572,11330,1,3,10,2,88.1,93.2,45,Delayed,853,808,612959700,5235431,-9.4
P1106,Water Infrastructure Project 0106,Water Infrastructure,North,Jaipur,MegaBuild,27-09-2023,20-06-2024,26-07-2024,460313794,507176322,87.5,85.1,150,325503449,108698300,72974573,7338,0,3,8,3,79.4,100,36,Delayed,303,267,507176322,46862528,-2.4
P1107,Building Project 0107,Building,West,Pune,Vertex Infra,12-05-2025,31-05-2027,25-05-2027,363997230,386467800,83.4,85,135,203269368,76403525,106794907,10945,1,2,10,0,94.6,92.5,-6,On Track,743,749,386467800,22470570,1.6
P1108,Highway Project 0108,Highway,South,Chennai,MegaBuild,26-03-2025,30-06-2026,31-07-2026,1199970916,1255619582,93.5,89.7,637,710287592,372014862,173317128,8402,1,7,7,0,72.5,89.8,31,Delayed,492,461,1255619582,55648666,-3.8
P1109,Highway Project 0109,Highway,West,Ahmedabad,Shakti Engineering,28-09-2023,15-05-2025,04-06-2025,1056593043,1223692919,85,89.3,557,729598772,350140912,143953234,6325,0,2,13,4,86.7,97.3,20,On Track,615,595,1223692918,167099876,4.3
P1110,Highway Project 0110,Highway,North,Jaipur,BuildTech,31-03-2024,29-09-2024,15-12-2024,988066116,1074464013,87.1,72.1,284,550588574,229466656,294408784,9546,2,4,8,2,81.6,90.8,77,Delayed,259,182,1074464014,86397897,-15
P1111,Building Project 0111,Building,South,Chennai,Prime Projects,06-04-2024,05-07-2026,26-09-2026,1048882488,1201718675,86.2,65.6,354,722039770,344059408,135619498,6798,1,5,14,6,88.6,91.7,83,Delayed,903,820,1201718676,152836187,-20.6
P1112,Power Transmission Project 0112,Power Transmission,South,Hyderabad,MegaBuild,27-12-2024,20-04-2026,20-05-2026,1296151013,1374391622,93.3,86.8,349,787043541,276506386,310841694,6648,0,2,15,1,92.7,93.5,30,On Track,509,479,1374391621,78240609,-6.5
P1113,Bridge Project 0113,Bridge,West,Pune,Vertex Infra,09-09-2023,20-07-2025,11-08-2025,1124831052,1129190659,87.7,80,436,604449345,274040967,250700347,3341,1,5,13,0,78.1,91.8,22,On Track,702,680,1129190659,4359607,-7.7
P1114,Highway Project 0114,Highway,South,Chennai,Vertex Infra,02-12-2024,21-02-2026,18-04-2026,668225497,711929508,93.9,80.8,248,382024273,199072784,130832450,2638,2,5,8,3,73.2,81.5,56,Delayed,502,446,711929507,43704011,-13.1
P1115,Building Project 0115,Building,South,Chennai,ABC Infra,23-10-2023,29-03-2026,29-05-2026,764482621,818175971,92.3,78.4,395,521038492,205252711,91884769,410,1,3,11,2,82.1,86,61,Delayed,949,888,818175972,53693350,-13.9
P1116,Power Transmission Project 0116,Power Transmission,West,Ahmedabad,Vertex Infra,25-12-2024,29-04-2027,18-06-2027,1655255348,1915601810,86.2,82.5,872,985700576,571013010,358888224,5487,1,4,10,5,84.3,92.3,50,Delayed,905,855,1915601810,260346462,-3.7
P1117,Water Infrastructure Project 0117,Water Infrastructure,Central,Indore,BuildTech,20-12-2024,06-09-2025,12-12-2025,655278983,733052131,89.6,79.6,227,407986289,193254187,131811655,2018,0,4,15,7,80.8,100,97,Delayed,357,260,733052131,77773148,-10
P1118,Power Transmission Project 0118,Power Transmission,West,Pune,UrbanWorks,18-01-2025,18-12-2025,27-01-2026,1473797156,1610621089,83.2,80.9,563,998609234,392282738,219729116,6816,2,2,12,2,92.4,84.3,40,Delayed,374,334,1610621088,136823933,-2.3
P1119,Metro Project 0119,Metro,North,Jaipur,UrbanWorks,04-12-2023,10-06-2025,22-07-2025,1726646264,1879436126,91.6,81.2,890,957796937,566680470,354958719,425,1,3,11,1,90.5,87.9,42,Delayed,596,554,1879436126,152789862,-10.4
P1120,Highway Project 0120,Highway,South,Hyderabad,Vertex Infra,28-05-2025,17-09-2027,10-11-2027,619109745,663264544,87.4,80.9,301,416306197,126975293,119983053,8753,2,3,16,3,82.5,86.6,54,Delayed,896,842,663264543,44154799,-6.5
P1121,Power Transmission Project 0121,Power Transmission,West,Pune,ABC Infra,22-02-2023,04-05-2024,03-06-2024,1159059357,1214535928,85.8,88.1,256,706086249,306465125,201984553,3234,0,3,11,3,82.9,100,30,On Track,467,437,1214535927,55476571,2.3
P1122,Building Project 0122,Building,West,Mumbai,MegaBuild,02-03-2025,31-07-2025,21-10-2025,639552764,695330992,88.9,71.3,208,387317307,182592933,125420752,6217,1,6,8,4,74.7,91.6,82,Delayed,233,151,695330992,55778228,-17.6
P1123,Metro Project 0123,Metro,Central,Indore,BuildTech,10-07-2025,07-09-2027,26-09-2027,2706779161,2815558742,88.1,86.7,972,1542952285,802037778,470568679,10694,1,1,8,2,99.3,89.3,19,On Track,808,789,2815558742,108779581,-1.4
P1124,Water Infrastructure Project 0124,Water Infrastructure,West,Mumbai,ABC Infra,05-08-2023,12-09-2024,06-10-2024,450117158,459435628,91.1,86.9,133,279350933,112039745,68044950,1904,1,2,9,1,92.1,91.4,24,On Track,428,404,459435628,9318470,-4.2
P1125,Power Transmission Project 0125,Power Transmission,South,Hyderabad,MegaBuild,02-02-2025,02-04-2026,15-07-2026,1774748415,2016450688,97.6,73.5,507,1239281921,560416591,216752176,7890,1,3,9,4,87.8,91.2,104,Delayed,528,424,2016450688,241702273,-24.1
P1126,Building Project 0126,Building,West,Ahmedabad,BuildTech,07-07-2023,05-01-2025,19-04-2025,1042568756,1174888749,95.3,69,242,662051753,292777338,220059657,2382,3,1,5,4,91.4,79.2,104,Delayed,652,548,1174888748,132319993,-26.3
P1127,Water Infrastructure Project 0127,Water Infrastructure,West,Ahmedabad,Vertex Infra,15-01-2024,02-09-2025,30-10-2025,452317144,479855489,85.2,75.5,195,265545038,105693858,108616593,9146,2,6,14,2,77.5,86.9,58,Delayed,654,596,479855489,27538345,-9.7
P1128,Bridge Project 0128,Bridge,South,Hyderabad,UrbanWorks,07-05-2024,16-06-2025,09-09-2025,699642863,756664683,96.1,79.5,214,406592418,231078925,118993340,5393,0,4,6,2,83.9,94.9,85,Delayed,490,405,756664683,57021820,-16.6
P1129,Building Project 0129,Building,South,Bengaluru,BuildTech,10-02-2023,31-10-2023,09-01-2024,997822355,1118376268,90.2,80.3,236,628054948,310455937,179865383,10955,4,3,9,5,87.1,79.1,70,Delayed,333,263,1118376268,120553913,-9.9
P1130,Building Project 0130,Building,South,Hyderabad,Vertex Infra,06-06-2023,30-11-2024,11-01-2025,1048634888,1182556776,79.8,71.4,310,572108397,286473488,323974891,7443,2,9,5,4,65.3,85.6,42,Delayed,585,543,1182556776,133921888,-8.4
P1131,Power Transmission Project 0131,Power Transmission,Central,Indore,Shakti Engineering,15-01-2023,02-06-2023,13-08-2023,1141561314,1274940567,89.1,70.1,553,770055936,363784056,141100575,584,2,5,20,3,78.7,89.9,72,Delayed,210,138,1274940567,133379253,-19
P1132,Power Transmission Project 0132,Power Transmission,North,Delhi,Prime Projects,23-03-2025,07-08-2025,27-08-2025,993406425,1023236197,83.8,85,497,644247228,266964151,112024818,5866,2,6,9,1,75.4,86.1,20,On Track,157,137,1023236197,29829772,1.2
P1133,Power Transmission Project 0133,Power Transmission,West,Ahmedabad,BuildTech,06-03-2023,10-08-2025,17-10-2025,1241573756,1298711798,88.2,77.6,471,781252316,336298169,181161313,11057,1,5,14,5,84.1,91.9,68,Delayed,956,888,1298711798,57138042,-10.6
P1134,Highway Project 0134,Highway,Central,Nagpur,Prime Projects,06-05-2025,15-04-2027,28-06-2027,1241218821,1359507089,97.6,73.6,443,763246274,368566626,227694189,8518,3,3,10,2,90.8,77,74,Delayed,783,709,1359507089,118288268,-24
P1135,Water Infrastructure Project 0135,Water Infrastructure,Central,Indore,BuildTech,18-04-2025,21-08-2026,16-08-2026,467952082,488386648,84.8,85.3,253,301022384,132870869,54493395,2574,0,4,14,0,91,99.4,-5,On Track,485,490,488386648,20434566,0.5
P1136,Water Infrastructure Project 0136,Water Infrastructure,Central,Indore,Prime Projects,04-06-2024,25-03-2025,21-05-2025,748066271,805514340,84.6,73.2,214,512094964,201524324,91895053,4272,0,5,14,2,83.7,94.4,57,Delayed,351,294,805514341,57448069,-11.4
P1137,Water Infrastructure Project 0137,Water Infrastructure,Central,Indore,Shakti Engineering,10-12-2023,18-10-2024,27-12-2024,333752701,361894788,89.6,77.1,97,213898165,89389644,58606979,10083,1,7,11,3,64.9,92.6,70,Delayed,383,313,361894788,28142087,-12.5
P1138,Water Infrastructure Project 0138,Water Infrastructure,South,Chennai,UrbanWorks,09-05-2023,19-01-2025,11-03-2025,332323168,364297786,86.7,79.6,105,223048332,102114405,39135049,11873,1,1,14,4,92.7,97.2,51,Delayed,672,621,364297786,31974618,-7.1
P1139,Power Transmission Project 0139,Power Transmission,Central,Indore,Apex Contractors,09-10-2024,29-05-2025,06-08-2025,1072408123,1113072728,89,73.4,297,543631595,281171546,288269587,9620,1,6,10,3,80,88.9,69,Delayed,301,232,1113072728,40664605,-15.6
P1140,Bridge Project 0140,Bridge,West,Ahmedabad,MegaBuild,16-04-2024,05-12-2024,29-01-2025,704115383,751530665,90.4,74.6,243,364710353,165724508,221095804,4413,1,3,6,1,89,91.7,55,Delayed,288,233,751530665,47415282,-15.8
P1141,Building Project 0141,Building,North,Delhi,Prime Projects,04-03-2023,08-02-2024,24-02-2024,583177749,558317839,84.1,81.6,303,274684263,140921967,142711609,10628,0,5,9,0,84.3,100,16,On Track,357,341,558317839,-24859910,-2.5
P1142,Highway Project 0142,Highway,North,Delhi,Shakti Engineering,19-05-2023,24-07-2025,31-08-2025,1035615652,1073675413,90.9,84,438,536820392,216903310,319951711,7029,1,3,6,1,84.4,90.1,38,Delayed,835,797,1073675413,38059761,-6.9
P1143,Bridge Project 0143,Bridge,Central,Indore,Prime Projects,13-05-2024,15-06-2026,29-07-2026,677105205,724005675,87,74.5,241,388668714,193030363,142306598,8648,1,5,9,2,78.7,95.2,44,Delayed,807,763,724005675,46900470,-12.5
P1144,Building Project 0144,Building,West,Mumbai,UrbanWorks,15-08-2024,02-09-2025,29-11-2025,494964412,509348419,94.3,70.9,261,317212745,101593694,90541980,1589,0,4,11,1,80.6,61.3,88,Delayed,471,383,509348419,14384007,-23.4
P1145,Power Transmission Project 0145,Power Transmission,West,Ahmedabad,Prime Projects,27-01-2024,19-07-2024,20-09-2024,979458154,1114163413,86.5,76.7,231,654620707,224604523,234938182,10673,1,6,15,1,77.6,98,63,Delayed,237,174,1114163412,134705259,-9.8
P1146,Metro Project 0146,Metro,West,Ahmedabad,Shakti Engineering,05-11-2024,07-12-2026,20-01-2027,2920310460,3177496348,87.2,78.2,845,1827287799,920178812,430029736,2811,2,4,10,2,79,86.5,44,Delayed,806,762,3177496347,257185888,-9
P1147,Highway Project 0147,Highway,West,Pune,Vertex Infra,23-02-2024,08-08-2026,12-10-2026,952113521,1021674378,86.3,73.9,387,537269756,275847222,208557400,6020,2,6,13,2,82,84.3,65,Delayed,962,897,1021674378,69560857,-12.4
P1148,Water Infrastructure Project 0148,Water Infrastructure,North,Jaipur,Shakti Engineering,16-10-2023,15-05-2025,28-06-2025,571551230,676916678,88.3,84.4,241,384112955,160684296,132119427,10263,2,5,12,3,83,90.3,44,Delayed,621,577,676916678,105365448,-3.9
P1149,Highway Project 0149,Highway,South,Bengaluru,Apex Contractors,14-01-2024,21-10-2024,27-10-2024,1124989514,1237941515,84.2,86.6,262,640404175,265030424,332506915,1455,2,2,7,3,94,83.9,6,On Track,287,281,1237941514,112952001,2.4
P1150,Highway Project 0150,Highway,South,Bengaluru,Apex Contractors,11-02-2025,25-06-2026,05-09-2026,1550091103,1747028026,92.1,77.9,547,1015971536,513889466,217167024,3088,1,1,7,6,92,88.9,72,Delayed,571,499,1747028026,196936923,-14.2
P1151,Highway Project 0151,Highway,West,Mumbai,Apex Contractors,04-05-2024,26-11-2024,29-11-2024,774973334,821035162,87.9,87.1,336,488699717,241745872,90589573,5453,2,1,12,1,98.7,86.8,3,On Track,209,206,821035162,46061828,-0.8
P1152,Highway Project 0152,Highway,South,Bengaluru,ABC Infra,19-08-2023,09-02-2024,11-03-2024,1234439806,1266513857,93.2,87.3,555,721033105,312588377,232892375,6526,0,3,6,0,92.8,98.4,31,Delayed,205,174,1266513857,32074051,-5.9
P1153,Highway Project 0153,Highway,West,Pune,UrbanWorks,10-02-2023,27-09-2024,02-11-2024,1270704005,1364021112,90.2,83,547,738164169,345585850,280271093,3276,1,5,8,0,80,96.2,36,Delayed,631,595,1364021112,93317107,-7.2
P1154,Bridge Project 0154,Bridge,South,Hyderabad,Vertex Infra,28-01-2023,21-11-2023,23-01-2024,913542644,888384037,96.8,86.2,297,560107605,196027284,132249147,5551,2,3,9,2,75.8,74.6,63,Delayed,360,297,888384036,-25158607,-10.6
P1155,Bridge Project 0155,Bridge,South,Bengaluru,ABC Infra,15-05-2023,06-10-2024,21-12-2024,485577130,498018799,89,75.8,121,260866715,128154701,108997382,3799,1,5,11,3,84.9,93,76,Delayed,586,510,498018798,12441669,-13.2
P1156,Power Transmission Project 0156,Power Transmission,West,Ahmedabad,UrbanWorks,20-07-2023,30-10-2024,20-12-2024,1424015454,1510629839,88.6,85.3,513,819606478,346384732,344638629,3213,3,4,11,4,77.8,77.7,51,Delayed,519,468,1510629839,86614385,-3.3
P1157,Building Project 0157,Building,South,Hyderabad,Vertex Infra,19-04-2025,24-08-2025,10-11-2025,403327718,410090986,92.4,78.4,105,253924082,112121368,44045536,503,4,3,11,3,88,73.1,78,Delayed,205,127,410090986,6763268,-14
P1158,Water Infrastructure Project 0158,Water Infrastructure,South,Bengaluru,Prime Projects,18-02-2025,26-04-2026,08-05-2026,663166303,749260436,81.7,84.8,353,486604811,175849578,86806046,2122,2,6,10,3,76,88.6,12,On Track,444,432,749260435,86094133,3.1
P1159,Highway Project 0159,Highway,West,Ahmedabad,Vertex Infra,18-07-2025,13-12-2027,23-01-2028,1295362330,1377317160,88.1,83.2,488,643845425,359199718,374272018,9851,1,5,3,3,83,89.1,41,Delayed,919,878,1377317161,81954830,-4.9
P1160,Metro Project 0160,Metro,West,Ahmedabad,Shakti Engineering,02-02-2023,17-08-2024,03-11-2024,1407720383,1608553109,89.7,75.1,457,903188466,340327338,365037305,11036,0,6,9,3,72.9,100,78,Delayed,640,562,1608553109,200832726,-14.6
P1161,Water Infrastructure Project 0161,Water Infrastructure,Central,Indore,ABC Infra,17-02-2023,22-07-2025,13-08-2025,811681315,850585957,92.9,88.5,383,453784086,171463747,225338124,8933,0,2,12,1,86.8,100,22,On Track,908,886,850585957,38904642,-4.4
P1162,Highway Project 0162,Highway,North,Delhi,Prime Projects,17-05-2024,07-08-2025,03-10-2025,554219727,590866538,93.7,89,212,319807356,119284910,151774273,7271,0,5,10,4,72.5,98.7,57,Delayed,504,447,590866539,36646811,-4.7
P1163,Bridge Project 0163,Bridge,West,Mumbai,Shakti Engineering,11-02-2024,02-08-2024,16-09-2024,1108645613,1185003125,94.5,84.4,357,685939254,281568349,217495522,7725,1,6,4,1,74.6,94.5,45,Delayed,218,173,1185003125,76357512,-10.1
P1164,Building Project 0164,Building,West,Pune,UrbanWorks,27-07-2024,24-12-2026,10-01-2027,686635271,749056724,88.8,89.6,335,427404138,162080952,159571633,9807,0,3,12,0,91.5,96.6,17,On Track,897,880,749056723,62421453,0.8
P1165,Building Project 0165,Building,South,Chennai,Vertex Infra,28-12-2024,21-12-2025,19-03-2026,513075377,570667979,87.1,75,259,338179067,169543154,62945759,9640,0,5,13,6,71.1,100,88,Delayed,446,358,570667980,57592602,-12.1
P1166,Highway Project 0166,Highway,North,Jaipur,Shakti Engineering,15-03-2025,26-02-2026,13-04-2026,662298162,739879423,90.2,83.2,292,364264194,214466809,161148421,6082,0,5,13,1,82.3,100,46,Delayed,394,348,739879424,77581261,-7
P1167,Metro Project 0167,Metro,South,Bengaluru,Prime Projects,09-04-2023,07-03-2025,30-05-2025,2877548192,3295980547,88.9,77.6,677,2063719547,869123512,363137487,8226,0,6,9,4,79.9,100,84,Delayed,782,698,3295980546,418432355,-11.3
P1168,Building Project 0168,Building,South,Bengaluru,Unknown,14-11-2024,03-05-2025,02-08-2025,409455895,444711065,83.3,69.8,166,247305666,121195527,76209872,9690,4,3,14,3,86.6,73.1,91,Delayed,261,170,444711065,35255170,-13.5
P1169,Highway Project 0169,Highway,South,Hyderabad,ABC Infra,21-05-2025,19-05-2027,03-08-2027,730552624,800207055,90.7,77.9,344,462702612,171530292,165974151,6303,0,6,12,5,80.8,100,76,Delayed,804,728,800207055,69654431,-12.8
P1170,Water Infrastructure Project 0170,Water Infrastructure,South,Hyderabad,Apex Contractors,26-12-2024,19-12-2026,01-03-2027,512932520,558497634,86.3,76.5,135,316921496,158190570,83385568,11408,0,11,6,3,58.5,96.9,72,Delayed,795,723,558497634,45565114,-9.8
P1171,Water Infrastructure Project 0171,Water Infrastructure,North,Jaipur,Vertex Infra,13-09-2025,01-10-2026,07-01-2027,677742084,730483079,89.1,76.9,200,445662493,207751157,77069429,4475,1,5,9,6,76.9,91.6,98,Delayed,481,383,730483079,52740995,-12.2
P1172,Power Transmission Project 0172,Power Transmission,South,Bengaluru,Shakti Engineering,30-06-2024,19-12-2025,11-03-2026,1264209313,1330169775,88.8,70.8,646,865338940,298005445,166825391,8086,1,6,13,4,61.6,96.9,82,Delayed,619,537,1330169776,65960462,-18
P1173,Metro Project 0173,Metro,Central,Nagpur,Apex Contractors,18-08-2025,21-03-2026,25-05-2026,1238774115,1326518799,98.6,77.8,280,774882937,401923933,149711929,3159,0,5,15,3,77.2,100,65,Delayed,280,215,1326518799,87744684,-20.8
P1174,Power Transmission Project 0174,Power Transmission,West,Pune,Prime Projects,08-01-2025,03-08-2025,29-10-2025,955570860,958499923,93.6,74.2,447,595119500,227106135,136274288,3262,5,5,11,1,74.1,63.6,87,Delayed,294,207,958499923,2929063,-19.4
P1175,Building Project 0175,Building,South,Bengaluru,Apex Contractors,04-09-2024,20-03-2025,30-04-2025,528207516,533654772,92.6,81.5,198,310917522,102549956,120187294,1667,1,2,7,1,94.5,96.8,41,Delayed,238,197,533654772,5447256,-11.1
P1176,Bridge Project 0176,Bridge,North,Delhi,BuildTech,31-07-2025,11-09-2026,16-11-2026,588672855,680215468,93.9,81.2,216,366484257,161291670,152439540,5510,2,10,13,4,58.7,89.8,66,Delayed,473,407,680215467,91542613,-12.7
P1177,Highway Project 0177,Highway,North,Jaipur,UrbanWorks,06-04-2024,01-12-2024,14-01-2025,952145832,976378193,88.6,77.3,211,502754690,300828230,172795273,3209,3,2,8,2,100,79.4,44,Delayed,283,239,976378193,24232361,-11.3
P1178,Water Infrastructure Project 0178,Water Infrastructure,Central,Nagpur,Apex Contractors,04-10-2024,06-06-2026,14-06-2026,728439029,817370305,85,81.9,357,443673644,213863547,159833114,10708,2,2,4,2,98.7,85.8,8,On Track,618,610,817370305,88931276,-3.1
P1179,Metro Project 0179,Metro,West,Pune,UrbanWorks,07-02-2025,01-09-2026,05-10-2026,1420556806,1562943973,81.4,84.3,481,951298287,430580497,181065190,3705,0,2,15,3,91.2,98,34,Delayed,605,571,1562943974,142387167,2.9
P1180,Bridge Project 0180,Bridge,South,Bengaluru,Prime Projects,05-01-2023,15-09-2024,11-12-2024,715010076,821194105,92.2,75,284,400945951,181177501,239070653,11551,1,3,12,2,86.2,88.8,87,Delayed,706,619,821194105,106184029,-17.2
P1181,Highway Project 0181,Highway,South,Chennai,BuildTech,06-08-2023,16-05-2024,07-07-2024,931008711,1064663439,92.2,78.9,412,616942714,226727508,220993217,10775,1,3,9,1,83.8,94.9,52,Delayed,336,284,1064663439,133654728,-13.3
P1182,Power Transmission Project 0182,Power Transmission,Central,Indore,ABC Infra,17-05-2024,14-03-2025,22-04-2025,1786512401,1986247693,87,80.8,807,1063509630,566550255,356187808,4794,2,3,13,2,88.9,83.6,39,Delayed,340,301,1986247693,199735292,-6.2
P1183,Water Infrastructure Project 0183,Water Infrastructure,North,Delhi,Vertex Infra,05-02-2025,16-09-2026,24-09-2026,880073146,925364852,87.5,92.9,471,521638016,218562850,185163986,1120,0,3,8,3,80.5,100,8,Completed,596,588,925364852,45291706,5.4
P1184,Water Infrastructure Project 0184,Water Infrastructure,South,Chennai,MegaBuild,02-02-2024,05-06-2026,17-08-2026,786583238,814367733,86.8,77.8,310,520175777,158963028,135228928,11552,1,7,10,3,69.2,88.3,73,Delayed,927,854,814367733,27784495,-9
P1185,Metro Project 0185,Metro,South,Hyderabad,MegaBuild,20-05-2025,23-09-2025,19-10-2025,1468484663,1516750986,86.8,82.9,516,711747224,331931836,473071927,11016,2,5,14,2,89.1,89.4,26,On Track,152,126,1516750987,48266323,-3.9
P1186,Highway Project 0186,Highway,South,Hyderabad,Vertex Infra,05-03-2025,28-05-2026,14-06-2026,593598993,690846003,88,89.5,317,432484490,151218223,107143290,8002,2,6,14,1,85.1,83.9,17,On Track,466,449,690846003,97247010,1.5
P1187,Building Project 0187,Building,South,Bengaluru,Prime Projects,28-01-2024,10-07-2026,03-09-2026,584086458,581772915,91.3,82.3,252,336484864,147176054,98111997,11124,0,1,9,2,95.4,100,55,Delayed,949,894,581772915,-2313543,-9
P1188,Building Project 0188,Building,South,Hyderabad,BuildTech,26-07-2023,25-09-2025,09-12-2025,548258103,585771300,94.2,75.2,174,295478388,160341621,129951291,7555,0,4,5,3,85.2,100,75,Delayed,867,792,585771300,37513197,-19
P1189,Highway Project 0189,Highway,North,Delhi,BuildTech,15-01-2023,12-10-2023,22-11-2023,1051192461,1195302244,89.9,80.7,275,711155159,290763052,193384032,2962,2,3,8,3,86.9,87.8,41,Delayed,311,270,1195302243,144109783,-9.2
P1190,Water Infrastructure Project 0190,Water Infrastructure,West,Pune,UrbanWorks,07-05-2025,27-11-2025,23-02-2026,773025386,824469678,95.1,76.2,384,449647592,169795119,205026967,7404,1,7,10,3,73.7,100,88,Delayed,292,204,824469678,51444292,-18.9
P1191,Power Transmission Project 0191,Power Transmission,West,Ahmedabad,ABC Infra,07-07-2024,30-03-2025,11-07-2025,1643570756,1908524721,99.5,69.5,558,1052620592,372354882,483549248,11317,2,4,13,4,87,82.1,103,Delayed,369,266,1908524722,264953965,-30
P1192,Water Infrastructure Project 0192,Water Infrastructure,West,Mumbai,Shakti Engineering,10-06-2025,23-06-2027,23-08-2027,813642772,877602059,91.6,79.3,356,509725300,206387938,161488821,5672,2,3,12,2,91.7,89.5,61,Delayed,804,743,877602059,63959287,-12.3
P1193,Water Infrastructure Project 0193,Water Infrastructure,North,Jaipur,Apex Contractors,05-04-2024,18-08-2025,02-11-2025,520103715,585275612,89.8,75.8,195,362835160,158994138,63446314,4753,2,7,20,3,72.3,87.8,76,Delayed,576,500,585275612,65171897,-14
P1194,Power Transmission Project 0194,Power Transmission,West,Pune,BuildTech,21-11-2024,19-09-2026,09-09-2026,1436553556,1465092726,80.7,100,410,910635595,337963604,216493527,3429,0,1,6,0,91.8,100,-10,Completed,657,667,1465092726,28539170,19.3
P1195,Metro Project 0195,Metro,West,Ahmedabad,Vertex Infra,28-07-2024,05-09-2025,29-10-2025,1609411711,1670441457,92.4,78.3,673,1086211759,374539592,209690106,4916,1,4,7,2,89.4,89.2,54,Delayed,458,404,1670441457,61029746,-14.1
P1196,Building Project 0196,Building,Central,Nagpur,Shakti Engineering,13-05-2025,10-08-2027,07-10-2027,401047463,444100980,90.2,78.8,96,279017740,85447751,79635490,8386,2,3,10,2,88.7,84.9,58,Delayed,877,819,444100981,43053517,-11.4
P1197,Power Transmission Project 0197,Power Transmission,North,Delhi,MegaBuild,12-01-2025,01-08-2025,18-10-2025,1453893971,1622847880,90.4,74.1,518,764843686,394269630,463734564,1966,1,5,11,3,72.9,90.8,78,Delayed,279,201,1622847880,168953909,-16.3
P1198,Highway Project 0198,Highway,South,Chennai,Shakti Engineering,29-08-2023,23-05-2025,13-05-2025,532769792,586806772,89.1,93.8,213,321208838,158238701,107359233,7689,3,2,11,1,100,78.3,-10,Completed,623,633,586806772,54036980,4.7
P1199,Water Infrastructure Project 0199,Water Infrastructure,West,Ahmedabad,ABC Infra,17-07-2024,23-10-2026,10-12-2026,550055465,609935078,88.3,73.2,200,381106149,127919273,100909657,3700,2,4,4,1,80.8,85.3,48,Delayed,876,828,609935079,59879613,-15.1
P1200,Building Project 0200,Building,North,Delhi,Vertex Infra,06-04-2023,07-01-2025,09-02-2025,593006178,629914940,86,84.6,276,381678804,157887498,90348638,2500,3,4,9,1,85,77.7,33,Delayed,675,642,629914940,36908762,-1.4
P1201,Building Project 0201,Building,Central,Indore,Unknown,18-06-2025,31-10-2027,29-01-2028,853264940,949246837,93.2,75.3,420,538023565,231410888,179812384,9384,0,4,7,4,87.9,96.2,90,Delayed,955,865,949246837,95981897,-17.9
P1202,Water Infrastructure Project 0202,Water Infrastructure,South,Chennai,Shakti Engineering,03-01-2025,23-05-2026,13-05-2026,766078511,859789848,79.2,89.2,363,512696744,226678262,120414841,1283,1,6,10,2,78.8,97.6,-10,On Track,495,505,859789847,93711337,10
P1203,Power Transmission Project 0203,Power Transmission,South,Hyderabad,Apex Contractors,29-04-2024,03-08-2026,06-10-2026,972954510,1087150300,91.8,79.5,226,577863397,326416960,182869943,6923,1,8,17,2,62.8,95.3,64,Delayed,890,826,1087150300,114195790,-12.3
P1204,Power Transmission Project 0204,Power Transmission,South,Hyderabad,Prime Projects,11-02-2024,23-09-2025,27-10-2025,1587068687,1698525083,83.9,82.7,450,955684200,371748899,371091984,9074,0,5,11,3,80.7,100,34,Delayed,624,590,1698525083,111456396,-1.2
P1205,Highway Project 0205,Highway,South,Chennai,BuildTech,19-08-2023,13-04-2024,08-05-2024,829643015,876602737,95.1,91.9,329,511609696,263740275,101252766,6351,0,0,8,0,93.4,97.6,25,Completed,263,238,876602737,46959722,-3.2
P1206,Power Transmission Project 0206,Power Transmission,Central,Nagpur,Vertex Infra,18-01-2025,17-06-2026,10-08-2026,1145054896,1167484644,88.7,81.1,605,687329372,323265661,156889612,4415,2,4,15,3,88.3,84.2,54,Delayed,569,515,1167484645,22429748,-7.6
P1207,Metro Project 0207,Metro,Central,Nagpur,Prime Projects,16-10-2024,29-07-2026,12-10-2026,2429496683,2646554921,92.2,74.6,1203,1574218929,510689972,561646019,2940,1,4,6,2,86.5,90.1,75,Delayed,726,651,2646554920,217058238,-17.6
P1208,Bridge Project 0208,Bridge,Central,Nagpur,Shakti Engineering,20-06-2023,04-07-2024,18-08-2024,984159189,1021912226,90.8,80.9,490,634574003,276392570,110945653,10465,3,4,13,1,79.7,89.2,45,Delayed,425,380,1021912226,37753037,-9.9
P1209,Bridge Project 0209,Bridge,West,Ahmedabad,BuildTech,24-06-2024,04-07-2025,29-10-2025,1227078990,1354112259,94.8,66.5,392,727540210,345420762,281151287,6671,1,7,11,3,74.5,94.7,117,Delayed,492,375,1354112259,127033269,-28.3
P1210,Bridge Project 0210,Bridge,North,Jaipur,UrbanWorks,05-02-2023,07-06-2025,31-08-2025,598257845,648409955,97.4,72.7,216,387462300,189366128,71581526,3717,4,5,7,2,80.1,81.5,85,Delayed,938,853,648409954,50152110,-24.7
P1211,Bridge Project 0211,Bridge,West,Ahmedabad,Prime Projects,08-06-2024,19-05-2025,17-06-2025,958912279,1038617480,94.6,90.9,359,604051742,233624893,200940845,6887,1,5,9,2,83.5,85.2,29,Completed,374,345,1038617480,79705201,-3.7
P1212,Power Transmission Project 0212,Power Transmission,South,Bengaluru,Prime Projects,09-06-2023,28-11-2023,23-12-2023,1342715109,1358530921,92.5,83.5,365,785449945,338771651,234309326,10907,1,6,8,1,78,92.5,25,On Track,197,172,1358530922,15815812,-9
P1213,Water Infrastructure Project 0213,Water Infrastructure,West,Mumbai,Shakti Engineering,18-04-2025,28-12-2026,28-01-2027,856134565,946277808,88.9,81.4,197,541231363,294209937,110836509,9380,3,2,17,1,92.8,82.3,31,Delayed,650,619,946277809,90143243,-7.5
P1214,Building Project 0214,Building,South,Chennai,MegaBuild,29-11-2024,16-08-2026,11-09-2026,469298931,519894003,91.9,86.9,249,332990515,114925592,71977896,2183,0,7,8,1,76.7,100,26,On Track,651,625,519894003,50595072,-5
P1215,Highway Project 0215,Highway,West,Pune,Shakti Engineering,31-08-2023,26-12-2024,02-03-2025,1308129081,1352434542,94.1,76,391,740160543,323625666,288648332,5121,1,3,10,2,91.9,93.1,66,Delayed,549,483,1352434541,44305461,-18.1
P1216,Power Transmission Project 0216,Power Transmission,West,Mumbai,Prime Projects,27-03-2023,29-04-2024,30-06-2024,1292605026,1329953795,88.5,75.9,386,682636999,380964001,266352795,4122,3,5,8,1,82.6,71.1,62,Delayed,461,399,1329953795,37348769,-12.6
P1217,Power Transmission Project 0217,Power Transmission,Central,Indore,BuildTech,06-03-2025,16-02-2027,25-04-2027,937345702,980710371,90.3,70.9,232,579647569,262046897,139015905,8638,0,2,9,4,84.5,100,68,Delayed,780,712,980710371,43364669,-19.4
P1218,Power Transmission Project 0218,Power Transmission,West,Ahmedabad,Apex Contractors,31-07-2024,11-11-2026,25-12-2026,1179066246,1343150854,87,78.6,620,666782647,384178408,292189799,2016,4,4,10,3,83.7,71.3,44,Delayed,877,833,1343150854,164084608,-8.4
P1219,Highway Project 0219,Highway,West,Ahmedabad,MegaBuild,12-11-2024,16-08-2025,19-10-2025,871296544,921155792,93.5,80.5,358,498730930,234736119,187688743,5923,0,6,13,0,80.5,100,64,Delayed,341,277,921155792,49859248,-13
P1220,Highway Project 0220,Highway,North,Delhi,Shakti Engineering,10-07-2024,31-07-2026,23-09-2026,1127882506,1242582904,92,78.4,496,657533762,290813662,294235480,2777,3,6,8,3,71.8,70.6,54,Delayed,805,751,1242582904,114700398,-13.6
P1221,Metro Project 0221,Metro,West,Mumbai,Apex Contractors,27-07-2024,21-01-2025,30-01-2025,2750221209,2845579227,84.9,89.4,1432,1577804808,696626179,571148240,9955,0,0,9,1,95.5,93.7,9,On Track,187,178,2845579227,95358018,4.5
P1222,Highway Project 0222,Highway,North,Delhi,Vertex Infra,10-08-2025,04-12-2027,23-01-2028,1117423709,1159930907,91.4,79.9,373,643645406,277427593,238857909,10737,2,0,8,2,100,93.8,50,Delayed,896,846,1159930908,42507198,-11.5
P1223,Bridge Project 0223,Bridge,West,Pune,Shakti Engineering,07-10-2024,11-06-2025,22-08-2025,933670995,1001249057,89.2,72.6,396,521962642,219811099,259475315,9802,1,2,12,1,83.9,89.6,72,Delayed,319,247,1001249056,67578062,-16.6
P1224,Power Transmission Project 0224,Power Transmission,North,Delhi,Prime Projects,06-03-2025,09-07-2027,17-09-2027,1232684895,1430028327,90.5,73.6,286,866610676,357561296,205856355,668,1,4,10,4,82.1,91.2,70,Delayed,925,855,1430028327,197343432,-16.9
P1225,Bridge Project 0225,Bridge,West,Mumbai,Apex Contractors,28-01-2023,17-05-2025,15-06-2025,454711543,462712062,87.2,79.5,128,258729983,91393182,112588897,9755,1,3,13,0,85.9,96.1,29,On Track,869,840,462712062,8000519,-7.7
P1226,Highway Project 0226,Highway,South,Chennai,Prime Projects,11-09-2024,03-05-2025,03-07-2025,765837192,844293366,95.3,81.6,378,483742031,170496096,190055239,3149,1,4,10,2,82.2,97,61,Delayed,295,234,844293366,78456174,-13.7
P1227,Metro Project 0227,Metro,Central,Indore,UrbanWorks,09-07-2024,02-06-2025,15-07-2025,1964163424,2076929574,87.4,80.3,929,1317163918,413698439,346067217,3047,1,3,7,1,86.3,100,43,Delayed,371,328,2076929574,112766150,-7.1
P1228,Highway Project 0228,Highway,West,Ahmedabad,Apex Contractors,06-12-2023,11-09-2025,18-12-2025,846695872,908830788,98.5,75.5,284,519102784,243303066,146424938,7862,0,8,8,1,68.6,97.4,98,Delayed,743,645,908830788,62134916,-23
P1229,Highway Project 0229,Highway,West,Pune,Apex Contractors,08-03-2025,08-12-2026,24-01-2027,712442960,819300376,90.6,82.5,245,498646488,196902985,123750903,7439,4,6,8,1,72.8,77.4,47,Delayed,687,640,819300376,106857416,-8.1
P1230,Metro Project 0230,Metro,West,Ahmedabad,Shakti Engineering,15-08-2025,17-06-2027,05-07-2027,1988183027,2165099805,88.8,85.4,787,1180899835,548377254,435822716,11057,1,3,8,0,89.7,91.8,18,On Track,689,671,2165099805,176916778,-3.4
P1231,Metro Project 0231,Metro,South,Bengaluru,Prime Projects,27-11-2023,17-11-2024,14-12-2024,1629163391,1731835303,91.8,86.3,358,1010869846,405175499,315789959,10310,0,0,9,3,92.1,100,27,On Track,383,356,1731835304,102671912,-5.5
P1232,Power Transmission Project 0232,Power Transmission,Central,Indore,Vertex Infra,01-10-2024,05-11-2025,11-12-2025,917310248,1004117778,91.2,87.5,274,614552702,223900303,165664772,7004,1,2,10,1,100,97.8,36,Delayed,436,400,1004117777,86807530,-3.7
P1233,Power Transmission Project 0233,Power Transmission,North,Jaipur,ABC Infra,20-05-2024,10-09-2025,29-11-2025,1166422355,1172324233,97.9,76.8,336,612971370,269915759,289437104,2187,1,3,11,2,92.5,92.8,80,Delayed,558,478,1172324233,5901878,-21.1
P1234,Bridge Project 0234,Bridge,North,Delhi,MegaBuild,14-12-2023,29-10-2024,27-11-2024,522459513,518822472,91.9,83.3,158,314035138,112151265,92636070,359,1,6,3,2,74.2,88,29,On Track,349,320,518822473,-3637041,-8.6
P1235,Bridge Project 0235,Bridge,South,Hyderabad,ABC Infra,17-04-2024,11-09-2026,26-09-2026,1177890230,1222485541,82.6,80.9,572,684391546,318590038,219503958,844,0,3,10,2,88.4,100,15,On Track,892,877,1222485542,44595311,-1.7
P1236,Power Transmission Project 0236,Power Transmission,West,Mumbai,MegaBuild,19-08-2023,19-09-2024,13-10-2024,1654919538,1693076299,87.5,81.7,516,929746249,342238281,421091769,3364,1,4,6,1,86.5,93.2,24,On Track,421,397,1693076299,38156761,-5.8
P1237,Metro Project 0237,Metro,West,Ahmedabad,Vertex Infra,09-07-2023,27-06-2024,27-08-2024,2391088760,2593652471,93.2,79.5,677,1527549339,634072817,432030315,6746,2,9,8,1,63.1,85.6,61,Delayed,415,354,2593652471,202563711,-13.7
P1238,Highway Project 0238,Highway,North,Delhi,Apex Contractors,13-08-2023,17-04-2025,04-06-2025,633493450,735381654,89.3,82.7,244,392292918,181420286,161668450,6103,0,7,9,3,78.1,79.3,48,Delayed,661,613,735381654,101888204,-6.6
P1239,Power Transmission Project 0239,Power Transmission,West,Pune,Apex Contractors,20-01-2024,22-05-2024,09-06-2024,1543811478,1643585609,88,83.9,780,973986276,364920745,304678588,1530,1,3,10,2,93.2,91.8,18,On Track,141,123,1643585609,99774131,-4.1
P1240,Highway Project 0240,Highway,West,Ahmedabad,Shakti Engineering,12-01-2024,07-03-2026,28-04-2026,1366815408,1535593866,87.3,77.6,409,882171631,312868283,340553952,7842,0,2,13,4,92.6,99.9,52,Delayed,837,785,1535593866,168778458,-9.7
P1241,Building Project 0241,Building,North,Jaipur,UrbanWorks,10-10-2023,23-04-2025,08-06-2025,906451702,1015398099,86.3,78.2,222,538789028,281931701,194677370,858,1,2,15,3,90.1,100,46,Delayed,607,561,1015398099,108946397,-8.1
P1242,Building Project 0242,Building,Central,Indore,Prime Projects,15-08-2025,10-01-2026,31-12-2025,438985609,427249858,91,96.9,148,253060977,108997127,65191754,10004,1,2,6,0,95.6,87.8,-10,Completed,138,148,427249858,-11735751,5.9
P1243,Metro Project 0243,Metro,Central,Indore,Prime Projects,24-09-2024,10-05-2025,14-06-2025,2264937755,2480722695,87.3,78.6,1057,1526646770,682218864,271857061,6363,1,4,10,1,93,91.4,35,Delayed,263,228,2480722695,215784940,-8.7
P1244,Metro Project 0244,Metro,West,Ahmedabad,Prime Projects,19-09-2024,18-09-2026,31-12-2026,2641963096,3035543741,95.4,79.3,1061,1576196237,649648773,809698731,9161,1,6,15,3,74.9,93.9,104,Delayed,833,729,3035543741,393580645,-16.1
P1245,Water Infrastructure Project 0245,Water Infrastructure,West,Pune,Shakti Engineering,30-08-2025,24-12-2027,28-01-2028,651798808,727574116,86.7,80.4,319,445037325,201616956,80919835,8749,0,3,10,2,85.6,100,35,Delayed,881,846,727574116,75775308,-6.3
P1246,Highway Project 0246,Highway,Central,Indore,MegaBuild,14-01-2025,27-07-2025,11-08-2025,1197995707,1256323925,84.8,82,642,687850462,289197161,279276302,1370,0,3,6,1,93.5,100,15,On Track,209,194,1256323925,58328218,-2.8
P1247,Metro Project 0247,Metro,Central,Indore,Apex Contractors,16-09-2023,07-06-2024,19-08-2024,1897559689,2115540896,89.9,74.1,913,1271435490,417968497,426136908,1350,0,5,13,5,82,96.5,73,Delayed,338,265,2115540895,217981207,-15.8
P1248,Water Infrastructure Project 0248,Water Infrastructure,North,Jaipur,Vertex Infra,25-12-2023,28-08-2024,25-10-2024,622367929,675325460,81.9,71.3,260,338595416,145099771,191630273,4338,2,5,10,1,75.5,91.3,58,Delayed,305,247,675325460,52957531,-10.6
P1249,Building Project 0249,Building,West,Mumbai,Prime Projects,10-12-2024,20-05-2025,17-06-2025,382079454,417922222,80.4,74.6,146,192967723,88020506,136933993,5446,0,5,8,4,85.8,100,28,On Track,189,161,417922222,35842768,-5.8
P1250,Highway Project 0250,Highway,West,Pune,ABC Infra,31-03-2024,19-07-2025,02-09-2025,1190216358,1267949624,92.5,80.3,277,635388683,345513032,287047909,4322,2,7,5,3,72.2,86.3,45,Delayed,520,475,1267949624,77733266,-12.2
P1251,Power Transmission Project 0251,Power Transmission,West,Pune,Prime Projects,15-02-2024,24-07-2024,09-09-2024,703551128,744931520,90.2,82,383,473154202,164298495,107478823,8636,2,3,8,3,91.3,92.4,47,Delayed,207,160,744931520,41380392,-8.2
P1252,Bridge Project 0252,Bridge,South,Chennai,Apex Contractors,10-10-2024,12-03-2025,09-04-2025,771387040,856671529,81.7,80.2,267,472283620,215292879,169095030,2934,3,2,12,2,81.1,82.9,28,On Track,181,153,856671529,85284489,-1.5
P1253,Power Transmission Project 0253,Power Transmission,South,Chennai,Shakti Engineering,14-11-2023,29-03-2024,18-05-2024,959112668,1039465574,90.4,82,259,595308186,226137266,218020122,11061,1,1,12,4,100,94.1,50,Delayed,186,136,1039465574,80352906,-8.4
P1254,Power Transmission Project 0254,Power Transmission,Central,Indore,Vertex Infra,07-11-2024,12-01-2027,01-05-2027,1264967820,1448631845,88.8,70.8,556,928314351,345591103,174726390,7588,4,6,8,5,85.1,81.8,109,Delayed,905,796,1448631844,183664025,-18
P1255,Building Project 0255,Building,South,Hyderabad,UrbanWorks,13-08-2023,11-05-2024,01-05-2024,452892680,493857805,83.9,92.7,142,235300877,142340328,116216600,9292,0,4,5,0,81,100,-10,Completed,262,272,493857805,40965125,8.8
P1256,Building Project 0256,Building,South,Chennai,Vertex Infra,29-03-2025,08-08-2026,18-10-2026,852025032,915257944,92.9,74.7,352,497640301,227205742,190411901,1785,1,4,13,1,85.6,98.3,71,Delayed,568,497,915257944,63232912,-18.2
P1257,Power Transmission Project 0257,Power Transmission,Central,Indore,ABC Infra,22-08-2023,29-07-2025,11-10-2025,1566963960,1623491354,96.1,79.1,648,974483157,428682428,220325770,10921,1,6,15,1,81.2,88.3,74,Delayed,781,707,1623491355,56527394,-17
P1258,Highway Project 0258,Highway,Central,Nagpur,Prime Projects,14-11-2024,02-11-2026,29-01-2027,693205400,811702012,97.7,75,254,430028350,167600735,214072926,3123,2,1,8,3,98.5,88.2,88,Delayed,806,718,811702011,118496612,-22.7
P1259,Water Infrastructure Project 0259,Water Infrastructure,South,Bengaluru,Prime Projects,25-10-2024,12-11-2026,23-11-2026,365609418,382375544,91.3,91.6,181,188650501,81270608,112454435,972,0,4,5,1,76.4,97,11,Completed,759,748,382375544,16766126,0.3
P1260,Highway Project 0260,Highway,South,Bengaluru,BuildTech,01-09-2025,06-12-2026,16-01-2027,674563680,733145946,90.1,83.9,207,419020440,168933332,145192174,11981,3,3,11,3,88,77.5,41,Delayed,502,461,733145946,58582266,-6.2
P1261,Metro Project 0261,Metro,West,Pune,MegaBuild,06-04-2025,30-08-2025,25-10-2025,2726712573,2921956759,97.1,79.2,1003,1564059051,828133724,529763985,4722,0,4,8,1,76.7,100,56,Delayed,202,146,2921956760,195244186,-17.9
P1262,Metro Project 0262,Metro,South,Hyderabad,ABC Infra,09-01-2024,18-02-2025,22-04-2025,2035814738,2215701856,91,81.7,809,1081722268,496259076,637720512,1714,1,4,14,3,90.2,91.6,63,Delayed,469,406,2215701856,179887118,-9.3
P1263,Power Transmission Project 0263,Power Transmission,North,Jaipur,BuildTech,02-11-2024,07-12-2026,22-01-2027,1170385805,1280085647,88.6,84.4,513,668747231,347123768,264214648,11860,2,4,8,3,78.6,79.2,46,Delayed,811,765,1280085647,109699842,-4.2
P1264,Power Transmission Project 0264,Power Transmission,West,Mumbai,Vertex Infra,30-08-2024,28-12-2026,12-02-2027,734121301,769983799,87.4,76.7,351,404024547,228487239,137472012,6415,1,2,11,2,96.8,92.8,46,Delayed,896,850,769983798,35862498,-10.7
P1265,Highway Project 0265,Highway,South,Chennai,UrbanWorks,16-04-2024,28-01-2025,06-03-2025,1201286027,1333017724,92.2,85.4,420,739703139,388416853,204897732,4194,2,2,15,1,85.9,87.4,37,Delayed,324,287,1333017724,131731697,-6.8
P1266,Highway Project 0266,Highway,Central,Nagpur,MegaBuild,21-08-2023,19-08-2025,05-10-2025,1429559574,1601126870,83.5,80,619,846321302,506827657,247977911,4146,1,7,15,0,66.3,91.5,47,Delayed,776,729,1601126870,171567296,-3.5
P1267,Water Infrastructure Project 0267,Water Infrastructure,Central,Indore,ABC Infra,22-11-2024,14-12-2025,25-01-2026,803552451,925599729,94.6,84.4,216,496329895,255840862,173428972,10520,1,7,6,1,77,91.1,42,Delayed,429,387,925599729,122047278,-10.2
P1268,Bridge Project 0268,Bridge,South,Hyderabad,Prime Projects,23-04-2023,07-09-2025,21-10-2025,928995135,1069351518,84.4,76.9,490,646298611,212400059,210652848,9686,2,2,17,1,89.9,87.5,44,Delayed,912,868,1069351518,140356383,-7.5
P1269,Highway Project 0269,Highway,West,Pune,Vertex Infra,09-04-2025,04-11-2026,07-01-2027,601166259,619500369,86.6,76.7,208,375395396,175756220,68348753,2324,0,5,9,5,79,100,64,Delayed,638,574,619500369,18334110,-9.9
P1270,Water Infrastructure Project 0270,Water Infrastructure,South,Chennai,ABC Infra,11-05-2024,24-07-2026,05-10-2026,370500201,406867513,91.2,78.2,170,243252361,114928058,48687094,1657,1,3,8,2,83.3,96.6,73,Delayed,877,804,406867513,36367312,-13
P1271,Building Project 0271,Building,South,Hyderabad,Prime Projects,17-03-2024,19-08-2025,03-11-2025,392755926,406151806,97,85,89,244875175,104054732,57221899,7776,2,4,17,1,89.7,91.2,76,Delayed,596,520,406151806,13395880,-12
P1272,Power Transmission Project 0272,Power Transmission,South,Chennai,Apex Contractors,17-07-2024,04-03-2026,17-04-2026,916549852,1019611758,88.9,83,263,606080830,211412602,202118326,8348,0,1,12,2,98,100,44,Delayed,639,595,1019611758,103061906,-5.9
P1273,Metro Project 0273,Metro,West,Mumbai,Unknown,25-09-2023,24-12-2025,14-03-2026,1258609705,1388612210,85.8,80,479,772795280,331059609,284757321,11302,0,3,10,4,87.8,95.3,80,Delayed,901,821,1388612210,130002505,-5.8
P1274,Bridge Project 0274,Bridge,West,Mumbai,Apex Contractors,24-05-2024,16-06-2026,19-08-2026,627039633,673928298,94.3,82.5,319,437404510,145971614,90552174,868,1,5,7,4,72.5,91,64,Delayed,817,753,673928298,46888665,-11.8
P1275,Building Project 0275,Building,North,Jaipur,Apex Contractors,17-03-2025,23-01-2027,13-01-2027,632816510,636001663,88.2,90.2,249,391393304,149592809,95015549,6790,1,2,12,0,91.7,95,-10,Completed,667,677,636001662,3185153,2
P1276,Power Transmission Project 0276,Power Transmission,South,Bengaluru,Prime Projects,21-01-2024,16-12-2025,04-01-2026,1746009169,1859659837,83.3,79.2,919,1124679297,520332937,214647603,7769,6,4,8,0,88.9,57,19,On Track,714,695,1859659837,113650668,-4.1
P1277,Building Project 0277,Building,North,Delhi,UrbanWorks,22-01-2024,27-09-2024,05-11-2024,793918883,827257653,92.4,84.6,301,465898881,222854574,138504197,2245,0,5,6,2,78.4,100,39,Delayed,288,249,827257652,33338770,-7.8
P1278,Building Project 0278,Building,North,Delhi,Vertex Infra,23-04-2023,17-08-2024,26-10-2024,954506257,1067786406,89.1,77.5,364,634177766,293068475,140540165,8838,0,2,12,2,97.1,97.9,70,Delayed,552,482,1067786406,113280149,-11.6
P1279,Metro Project 0279,Metro,South,Chennai,Shakti Engineering,04-09-2024,07-12-2026,04-02-2027,2396495971,2618494915,89,75.9,621,1253238182,634298208,730958525,707,2,5,8,2,88.4,83.7,59,Delayed,883,824,2618494915,221998944,-13.1
P1280,Power Transmission Project 0280,Power Transmission,North,Jaipur,Prime Projects,16-09-2024,07-12-2026,24-01-2027,741128788,764298914,92.9,85.5,359,489253020,189382953,85662941,4528,3,4,9,0,84.8,73.8,48,Delayed,860,812,764298914,23170126,-7.4
P1281,Bridge Project 0281,Bridge,North,Delhi,UrbanWorks,09-08-2025,24-09-2026,22-11-2026,1019634335,1120128020,93.3,82.5,307,652666679,338885626,128575714,9105,2,3,9,2,86.6,86.6,59,Delayed,470,411,1120128019,100493685,-10.8
P1282,Highway Project 0282,Highway,West,Pune,Shakti Engineering,22-03-2023,24-07-2024,01-09-2024,809978331,883961590,87,80.7,418,499365325,232614747,151981518,7431,1,4,4,2,83,100,39,Delayed,529,490,883961590,73983259,-6.3
P1283,Water Infrastructure Project 0283,Water Infrastructure,North,Delhi,Vertex Infra,29-11-2024,26-04-2025,12-07-2025,689160247,743396428,90.5,75.6,358,382485648,200660621,160250158,8597,0,5,18,2,79.7,100,77,Delayed,225,148,743396427,54236181,-14.9
P1284,Metro Project 0284,Metro,West,Ahmedabad,Apex Contractors,23-04-2023,16-01-2024,17-03-2024,1665104708,1900823643,83.8,71.8,884,918369122,516356980,466097541,2518,3,5,15,1,71.1,78.9,61,Delayed,329,268,1900823643,235718935,-12
P1285,Highway Project 0285,Highway,Central,Indore,MegaBuild,02-01-2023,18-06-2025,06-08-2025,1565067515,1720683029,89,82.5,612,811161455,441720885,467800689,8011,1,6,7,1,68.2,94.1,49,Delayed,947,898,1720683029,155615514,-6.5
P1286,Power Transmission Project 0286,Power Transmission,North,Jaipur,MegaBuild,03-10-2024,22-11-2025,07-12-2025,923897290,999511261,86.5,85.6,409,534962725,302576077,161972458,4657,0,0,4,3,100,97.1,15,On Track,430,415,999511260,75613971,-0.9
P1287,Bridge Project 0287,Bridge,West,Pune,Vertex Infra,08-08-2023,16-12-2023,14-12-2023,642782638,636482691,89.2,93.1,306,361391251,146688994,128402447,793,1,3,8,1,83.3,88.9,-2,Completed,128,130,636482692,-6299947,3.9
P1288,Water Infrastructure Project 0288,Water Infrastructure,South,Hyderabad,Vertex Infra,19-07-2024,11-04-2026,22-05-2026,865556715,930348161,88.4,85.3,227,461149381,226406218,242792563,4168,0,4,14,3,72.7,99.9,41,Delayed,672,631,930348162,64791446,-3.1
P1289,Metro Project 0289,Metro,West,Pune,ABC Infra,04-05-2025,08-07-2027,28-08-2027,1038795921,1140510294,89.3,78.7,434,732690290,264767670,143052334,4685,1,2,9,2,83.2,98,51,Delayed,846,795,1140510294,101714373,-10.6
P1290,Power Transmission Project 0290,Power Transmission,South,Bengaluru,UrbanWorks,23-09-2025,13-05-2026,09-06-2026,1447993675,1633253829,83.3,82.4,334,908601771,461114791,263537267,11826,3,6,7,3,71,76.8,27,On Track,259,232,1633253829,185260154,-0.9
P1291,Highway Project 0291,Highway,South,Hyderabad,Apex Contractors,05-01-2025,07-11-2025,23-11-2025,1280466078,1369409653,84.7,91.9,491,751330539,410048412,208030701,10360,1,3,10,1,88.7,91.9,16,Completed,322,306,1369409652,88943575,7.2
P1292,Metro Project 0292,Metro,Central,Nagpur,UrbanWorks,13-08-2023,23-12-2025,23-02-2026,2646029583,2936380333,89.1,76.9,717,1699420263,693718887,543241183,5733,2,5,10,1,86.5,83.5,62,Delayed,925,863,2936380333,290350750,-12.2
P1293,Power Transmission Project 0293,Power Transmission,Central,Indore,Vertex Infra,20-01-2024,31-12-2024,13-02-2025,1784071566,1948997764,96,84.8,500,960874157,411308669,576814938,6528,2,1,9,2,100,88.9,44,Delayed,390,346,1948997764,164926198,-11.2
P1294,Power Transmission Project 0294,Power Transmission,Central,Indore,BuildTech,07-02-2024,11-04-2025,15-05-2025,1785478322,1953222450,92.9,88.3,607,1240609824,489510297,223102329,1738,1,2,10,1,89.4,81.1,34,Delayed,463,429,1953222450,167744128,-4.6
P1295,Building Project 0295,Building,Central,Indore,BuildTech,29-09-2024,04-05-2025,07-05-2025,404172882,434163367,91.7,92.4,146,242176140,131690018,60297209,1652,0,3,9,1,86.5,100,3,Completed,220,217,434163367,29990485,0.7
P1296,Metro Project 0296,Metro,Central,Indore,Shakti Engineering,10-05-2023,31-10-2023,07-11-2023,2617241859,2923737402,87.6,88.8,1114,1449728449,615298655,858710297,8536,1,3,8,3,87.7,92.6,7,On Track,181,174,2923737401,306495543,1.2
P1297,Power Transmission Project 0297,Power Transmission,South,Chennai,Shakti Engineering,22-02-2023,05-03-2025,14-04-2025,1387035020,1545565318,86.2,82.4,339,798611736,385445144,361508438,5210,2,3,12,2,83.4,83.1,40,Delayed,782,742,1545565318,158530298,-3.8
P1298,Building Project 0298,Building,Central,Indore,BuildTech,14-11-2024,06-01-2027,22-02-2027,820349626,886263761,92.5,81.4,316,484120593,199766313,202376854,2680,1,3,14,2,82.2,89.7,47,Delayed,830,783,886263760,65914135,-11.1
P1299,Water Infrastructure Project 0299,Water Infrastructure,Central,Indore,Unknown,30-12-2024,26-05-2027,19-07-2027,380151706,407581945,85.3,74.9,106,232257943,119033166,56290837,4860,0,4,18,1,78.2,100,54,Delayed,931,877,407581946,27430239,-10.4
P1300,Water Infrastructure Project 0300,Water Infrastructure,Central,Indore,Vertex Infra,02-11-2024,11-04-2026,07-07-2026,695863236,784656158,96.5,76.6,284,424004278,196093874,164558006,499,0,7,10,5,68.3,97.5,87,Delayed,612,525,784656158,88792922,-19.9
P1301,Highway Project 0301,Highway,North,Jaipur,Shakti Engineering,10-12-2024,16-06-2025,18-07-2025,1549194297,1587967206,89.8,84,666,924940973,408875834,254150399,4724,1,4,11,1,81.4,89.4,32,Delayed,220,188,1587967206,38772909,-5.8
P1302,Highway Project 0302,Highway,South,Chennai,Prime Projects,20-02-2024,26-04-2025,17-06-2025,1475350405,1499556351,98.1,84.6,595,882482943,282900744,334172663,8147,1,6,4,1,78.6,92.6,52,Delayed,483,431,1499556350,24205946,-13.5
P1303,Building Project 0303,Building,West,Mumbai,Vertex Infra,04-09-2023,16-10-2024,09-01-2025,671478422,787809853,96.8,82.9,311,485953427,211824736,90031689,10779,2,5,12,7,79.6,85.1,85,Delayed,493,408,787809852,116331431,-13.9
P1304,Highway Project 0304,Highway,West,Pune,BuildTech,15-04-2025,13-09-2027,25-10-2027,564245632,605205280,91.7,88.6,186,338820454,140408795,125976031,5097,1,1,11,0,94.2,90.4,42,Delayed,923,881,605205280,40959648,-3.1
P1305,Metro Project 0305,Metro,West,Pune,UrbanWorks,14-03-2024,10-01-2026,05-04-2026,1707341110,1878375645,91.5,77.1,806,1117971894,462772070,297631681,11122,0,2,9,5,92.3,99.9,85,Delayed,752,667,1878375645,171034535,-14.4
P1306,Power Transmission Project 0306,Power Transmission,South,Hyderabad,Vertex Infra,22-07-2023,08-12-2025,04-01-2026,1604932277,1740744766,87.4,82.8,582,840686717,423736165,476321885,7100,1,6,8,0,84,87.7,27,On Track,897,870,1740744767,135812489,-4.6
P1307,Building Project 0307,Building,North,Jaipur,Apex Contractors,03-07-2023,26-03-2024,07-06-2024,859071858,941503350,95.3,77.7,326,515866832,235509551,190126967,7826,0,3,19,1,86.4,96,73,Delayed,340,267,941503350,82431492,-17.6
P1308,Water Infrastructure Project 0308,Water Infrastructure,West,Ahmedabad,Vertex Infra,03-05-2023,09-12-2024,20-02-2025,580402912,649717952,88.5,72.3,251,311854197,182338289,155525466,6320,0,6,15,3,76.3,100,73,Delayed,659,586,649717952,69315040,-16.2
P1309,Building Project 0309,Building,West,Pune,Prime Projects,05-02-2024,12-06-2026,13-06-2026,396897598,441477136,83.2,87.5,89,222786426,97010959,121679751,3068,1,7,13,1,72.7,95.9,1,On Track,859,858,441477136,44579538,4.3
P1310,Building Project 0310,Building,North,Delhi,Shakti Engineering,05-02-2025,03-02-2026,29-03-2026,662729730,684107080,94.6,84.3,288,408863097,155812746,119431237,2707,0,5,12,2,77.1,96.9,54,Delayed,417,363,684107080,21377350,-10.3
P1311,Highway Project 0311,Highway,West,Ahmedabad,Vertex Infra,21-10-2023,22-06-2025,25-09-2025,1012631062,1186938197,92.2,73.9,429,717681052,332646882,136610263,5797,1,7,6,3,69.2,92.7,95,Delayed,705,610,1186938197,174307135,-18.3
P1312,Metro Project 0312,Metro,Central,Indore,MegaBuild,07-10-2023,24-06-2025,24-06-2025,2828539955,3071042126,87.9,82.2,911,1492421410,829351302,749269414,4091,2,2,11,1,86,88.4,0,On Track,626,626,3071042126,242502171,-5.7
P1313,Metro Project 0313,Metro,Central,Indore,ABC Infra,16-04-2025,13-08-2026,31-10-2026,2259350485,2606444676,91.1,76.8,561,1305404999,554741652,746298025,3593,3,8,9,2,65,80.9,79,Delayed,563,484,2606444676,347094191,-14.3
P1314,Bridge Project 0314,Bridge,South,Chennai,BuildTech,02-06-2025,24-01-2027,16-04-2027,669613656,752165615,90.1,73.4,167,505484826,148564274,98116516,3146,3,7,8,1,73.9,76.4,82,Delayed,683,601,752165616,82551959,-16.7
P1315,Power Transmission Project 0315,Power Transmission,West,Ahmedabad,Apex Contractors,01-09-2024,18-07-2025,28-08-2025,1240635100,1311558284,95.9,84.4,650,719134839,358931793,233491652,8142,0,4,8,4,77.4,100,41,Delayed,361,320,1311558284,70923184,-11.5
P1316,Bridge Project 0316,Bridge,North,Delhi,Apex Contractors,17-07-2023,15-04-2024,04-06-2024,466995629,509887425,86,79.8,208,265732940,106030092,138124394,6808,2,5,11,4,72.5,80.2,50,Delayed,323,273,509887426,42891796,-6.2
P1317,Bridge Project 0317,Bridge,South,Chennai,Apex Contractors,08-09-2025,31-03-2027,16-05-2027,1214868794,1294205038,96,84.9,318,617985643,378650784,297568611,3611,3,1,11,2,96.1,83,46,Delayed,615,569,1294205038,79336244,-11.1
P1318,Bridge Project 0318,Bridge,South,Hyderabad,MegaBuild,25-06-2025,07-03-2027,09-04-2027,709549419,796437453,95.3,88.9,239,490993377,213008716,92435360,11043,2,3,10,1,81.8,88,33,Delayed,653,620,796437453,86888034,-6.4
P1319,Highway Project 0319,Highway,West,Ahmedabad,Apex Contractors,25-05-2024,03-12-2024,05-01-2025,1021871386,1063971437,87.4,83.6,424,594049222,302125797,167796419,9929,1,3,9,2,87.2,96.7,33,Delayed,225,192,1063971438,42100051,-3.8
P1320,Bridge Project 0320,Bridge,North,Jaipur,Apex Contractors,21-01-2025,03-05-2027,12-06-2027,705609279,715544341,91.7,83.7,349,367849297,207024767,140670276,426,1,2,9,1,86.3,97.9,40,Delayed,872,832,715544340,9935062,-8
P1321,Highway Project 0321,Highway,Central,Indore,Shakti Engineering,24-05-2023,12-07-2024,04-08-2024,1235724758,1357900839,92.2,87.3,289,797470911,345415948,215013980,5906,0,5,9,2,73.4,100,23,On Track,438,415,1357900839,122176081,-4.9
P1322,Highway Project 0322,Highway,Central,Indore,UrbanWorks,31-08-2024,14-01-2025,12-04-2025,1214532605,1393081479,100,81.6,362,811620125,344267787,237193566,10112,2,5,13,0,83.2,88,88,Delayed,224,136,1393081478,178548874,-18.4
P1323,Highway Project 0323,Highway,South,Bengaluru,Unknown,20-07-2023,18-08-2025,03-10-2025,1270011815,1361876832,86.9,81.1,652,784271618,337561949,240043266,7994,0,2,15,5,85,100,46,Delayed,806,760,1361876833,91865017,-5.8
P1324,Metro Project 0324,Metro,South,Chennai,MegaBuild,04-05-2023,04-04-2024,23-05-2024,1520923595,1723725651,82.3,81.1,339,1074091463,464182782,185451406,3619,1,6,15,0,75.8,100,49,Delayed,385,336,1723725651,202802056,-1.2
P1325,Water Infrastructure Project 0325,Water Infrastructure,West,Mumbai,ABC Infra,06-07-2023,02-01-2024,16-02-2024,493479431,558991103,82,73,141,274703109,151427778,132860217,8973,1,1,8,5,94.1,97.8,45,Delayed,225,180,558991104,65511672,-9
P1326,Metro Project 0326,Metro,West,Mumbai,BuildTech,22-11-2023,26-11-2025,09-01-2026,1237997438,1322351908,90.8,79.3,664,830551159,279450576,212350174,5731,2,4,15,1,78.4,85.3,44,Delayed,779,735,1322351909,84354470,-11.5
P1327,Metro Project 0327,Metro,South,Chennai,Shakti Engineering,08-04-2024,16-09-2024,20-10-2024,2287909744,2281947673,94.1,87.2,966,1422451674,592199589,267296410,4678,0,1,6,1,97.3,100,34,Delayed,195,161,2281947673,-5962071,-6.9
P1328,Building Project 0328,Building,North,Jaipur,Vertex Infra,15-12-2023,07-05-2024,17-07-2024,385954946,413746970,86.4,71.1,118,220458185,95382125,97906660,7469,3,1,10,2,91,74.8,71,Delayed,215,144,413746970,27792024,-15.3
P1329,Highway Project 0329,Highway,Central,Nagpur,UrbanWorks,09-02-2025,17-07-2025,05-09-2025,1147078041,1221934052,89.2,84.3,277,800046724,251201844,170685485,2421,1,3,3,4,87.2,94,50,Delayed,208,158,1221934053,74856011,-4.9
P1330,Power Transmission Project 0330,Power Transmission,South,Chennai,Shakti Engineering,21-10-2024,28-06-2025,06-07-2025,1657332021,1815628416,88.2,84.8,380,1039143421,412917506,363567489,3435,0,3,5,0,90.3,97.6,8,On Track,258,250,1815628416,158296395,-3.4
P1331,Building Project 0331,Building,North,Jaipur,ABC Infra,02-02-2025,12-10-2026,18-10-2026,994444986,1049499352,85.4,87.6,299,642337233,220198729,186963390,11312,0,1,14,1,92.8,100,6,On Track,623,617,1049499352,55054366,2.2
P1332,Bridge Project 0332,Bridge,South,Hyderabad,MegaBuild,12-08-2025,26-07-2026,11-10-2026,782956152,858238149,92.4,78.7,400,499438008,246112495,112687645,6790,1,5,8,1,73.7,89.3,77,Delayed,425,348,858238148,75281997,-13.7
P1333,Building Project 0333,Building,Central,Indore,BuildTech,20-07-2025,04-03-2026,06-04-2026,685902137,779808211,83,79.6,245,403845898,160353603,215608710,6440,4,6,13,2,75.5,81.3,33,Delayed,260,227,779808211,93906074,-3.4
P1334,Highway Project 0334,Highway,North,Delhi,BuildTech,07-02-2024,24-11-2024,10-01-2025,602932796,628861831,92.6,85.5,275,356157737,143286518,129417576,10863,1,0,12,2,100,92.6,47,Delayed,338,291,628861831,25929035,-7.1
P1335,Building Project 0335,Building,Central,Nagpur,Shakti Engineering,12-12-2023,18-06-2025,06-07-2025,837096993,915021821,88.3,84.5,437,466472483,249065239,199484099,538,0,2,9,4,93.6,93.9,18,On Track,572,554,915021821,77924828,-3.8
P1336,Bridge Project 0336,Bridge,West,Ahmedabad,Vertex Infra,20-08-2025,09-04-2027,01-05-2027,1090039022,1210758807,93.9,87.1,386,624977739,366823283,218957784,1720,1,5,14,0,83.5,98.8,22,On Track,619,597,1210758806,120719785,-6.8
P1337,Power Transmission Project 0337,Power Transmission,Central,Nagpur,MegaBuild,25-05-2024,01-01-2025,16-01-2025,901032616,970646999,90.7,93.1,255,581221251,225477896,163947852,640,3,3,6,1,76.6,76,15,Completed,236,221,970646999,69614383,2.4
P1338,Highway Project 0338,Highway,North,Delhi,Vertex Infra,27-05-2023,28-02-2025,16-04-2025,962759421,1050053238,83.8,76.7,376,665240322,268430012,116382904,11842,1,5,11,3,84.4,91.4,47,Delayed,690,643,1050053238,87293817,-7.1
P1339,Building Project 0339,Building,South,Bengaluru,Vertex Infra,28-05-2023,25-06-2024,14-08-2024,957270126,1053583774,91.3,84,497,595357651,240112940,218113183,7820,1,2,20,1,100,98.7,50,Delayed,444,394,1053583774,96313648,-7.3
P1340,Building Project 0340,Building,Central,Indore,Apex Contractors,13-05-2025,15-05-2027,20-06-2027,984641134,1024413270,88.5,81.8,477,617379479,214643506,192390285,11485,1,6,8,2,77.9,91.6,36,Delayed,768,732,1024413270,39772136,-6.7
P1341,Highway Project 0341,Highway,West,Mumbai,MegaBuild,11-12-2024,23-05-2025,27-06-2025,776623079,767508210,94.4,83.8,187,387124120,175461406,204922684,5287,0,4,8,2,83.1,98.6,35,Delayed,198,163,767508210,-9114869,-10.6
P1342,Bridge Project 0342,Bridge,North,Jaipur,ABC Infra,30-03-2025,13-08-2025,03-09-2025,866720773,933736524,92.9,91.3,388,551957151,245737113,136042261,9978,1,2,11,1,91.8,93.4,21,Completed,157,136,933736525,67015751,-1.6
P1343,Water Infrastructure Project 0343,Water Infrastructure,South,Chennai,Shakti Engineering,03-05-2024,26-07-2025,20-09-2025,418958356,477685790,94.6,80.5,171,290513666,130655209,56516915,4375,1,4,14,3,83.1,88.4,56,Delayed,505,449,477685790,58727434,-14.1
P1344,Power Transmission Project 0344,Power Transmission,South,Chennai,Shakti Engineering,17-07-2025,05-06-2027,24-06-2027,728273305,841790651,88.6,89.7,378,406080540,197074005,238636106,5712,1,6,11,1,82.4,89,19,On Track,707,688,841790651,113517346,1.1
P1345,Metro Project 0345,Metro,West,Mumbai,Apex Contractors,24-07-2025,01-04-2027,30-04-2027,2794018593,3038079810,86.3,81.9,727,1476630868,628063209,933385733,9224,0,5,20,1,79.7,96.7,29,On Track,645,616,3038079810,244061217,-4.4
P1346,Power Transmission Project 0346,Power Transmission,Central,Nagpur,Prime Projects,01-10-2024,09-02-2025,27-04-2025,1597814080,1788383574,89.9,72.9,633,1118759810,377582223,292041541,3778,2,5,11,1,85,80.4,77,Delayed,208,131,1788383574,190569494,-17
P1347,Power Transmission Project 0347,Power Transmission,Central,Indore,Shakti Engineering,04-07-2024,14-09-2025,05-11-2025,1524642231,1728219126,92.9,82.9,777,936319188,479740448,312159489,8653,0,6,16,1,71.5,100,52,Delayed,489,437,1728219125,203576895,-10
P1348,Power Transmission Project 0348,Power Transmission,West,Pune,BuildTech,04-12-2023,14-11-2025,09-12-2025,664007246,733765344,86.2,85.6,235,413556150,200706304,119502890,7970,1,4,6,4,89.7,95.1,25,On Track,736,711,733765344,69758098,-0.6
P1349,Highway Project 0349,Highway,North,Jaipur,ABC Infra,21-05-2025,21-04-2026,23-06-2026,1404196588,1502981624,91.2,80.2,532,936837110,400992989,165151525,2795,1,8,15,1,68.4,95.6,63,Delayed,398,335,1502981624,98785036,-11
P1350,Water Infrastructure Project 0350,Water Infrastructure,South,Hyderabad,MegaBuild,02-10-2024,03-01-2026,11-03-2026,567516666,592166359,91.5,77.4,138,381816181,144373577,65976602,8162,1,0,4,3,100,95,67,Delayed,525,458,592166360,24649693,-14.1
P1351,Metro Project 0351,Metro,North,Delhi,Shakti Engineering,17-02-2025,01-08-2027,22-09-2027,1667942344,1788057030,95.5,85.1,520,1071160721,426116487,290779823,8352,1,2,6,3,87.2,95,52,Delayed,947,895,1788057031,120114686,-10.4
P1352,Power Transmission Project 0352,Power Transmission,Central,Nagpur,Unknown,14-09-2025,03-11-2027,28-11-2027,1266236397,1445884449,85.8,88.2,414,901817979,315190610,228875859,8623,4,1,13,1,98.4,72.5,25,On Track,805,780,1445884448,179648052,2.4
P1353,Bridge Project 0353,Bridge,West,Ahmedabad,Apex Contractors,10-08-2025,26-02-2026,29-03-2026,487866425,541722023,92,93.7,259,277001102,114162002,150558919,2157,0,1,7,3,100,100,31,Delayed,231,200,541722023,53855598,1.7
P1354,Highway Project 0354,Highway,South,Bengaluru,Shakti Engineering,17-04-2024,11-08-2026,02-09-2026,1313195644,1400465410,88,84.7,411,706276218,290484142,403705051,9734,0,6,9,1,70.7,100,22,On Track,868,846,1400465411,87269766,-3.3
P1355,Water Infrastructure Project 0355,Water Infrastructure,South,Chennai,MegaBuild,03-08-2025,30-03-2027,18-06-2027,654873222,771979877,87,69.5,243,470740859,219641980,81597038,11980,1,8,15,4,78,89.8,80,Delayed,684,604,771979877,117106655,-17.5
P1356,Metro Project 0356,Metro,Central,Nagpur,Unknown,31-05-2023,05-10-2024,21-11-2024,1359448392,1467947413,97.8,82.8,600,875669485,415551014,176726913,9163,0,3,9,1,84.5,100,47,Delayed,540,493,1467947412,108499021,-15
P1357,Power Transmission Project 0357,Power Transmission,South,Bengaluru,MegaBuild,19-02-2024,28-05-2026,13-08-2026,832760962,884071922,91.8,77.7,227,543134679,238434550,102502693,804,1,3,11,1,86.3,86.7,77,Delayed,906,829,884071922,51310960,-14.1
P1358,Power Transmission Project 0358,Power Transmission,North,Delhi,MegaBuild,16-09-2025,01-08-2026,10-10-2026,827940868,905503661,96.1,76.9,315,462826726,190222451,252454483,7767,0,8,12,1,55.4,96.8,70,Delayed,389,319,905503660,77562793,-19.2
P1359,Building Project 0359,Building,South,Chennai,MegaBuild,25-10-2023,11-08-2025,28-08-2025,398256707,430397224,87,84.9,184,279357942,101317015,49722267,2456,0,4,7,1,80.7,100,17,On Track,673,656,430397224,32140517,-2.1
P1360,Highway Project 0360,Highway,South,Chennai,Shakti Engineering,02-09-2024,10-04-2026,15-05-2026,1136749380,1256755529,96.7,93.6,575,614068070,294846915,347840543,9753,1,3,7,4,85.5,93.1,35,Delayed,620,585,1256755528,120006149,-3.1
P1361,Water Infrastructure Project 0361,Water Infrastructure,West,Pune,Prime Projects,20-09-2023,15-04-2024,15-08-2024,810910647,978721265,88.4,66,345,506982592,237973811,233764862,8784,2,9,11,4,68.3,91.7,122,Delayed,330,208,978721265,167810618,-22.4
P1362,Highway Project 0362,Highway,Central,Nagpur,MegaBuild,02-02-2025,24-02-2026,10-03-2026,540785634,575725422,93.2,90.7,238,301986449,142776736,130962236,5223,0,2,12,2,93.1,94.9,14,Completed,401,387,575725421,34939788,-2.5
P1363,Highway Project 0363,Highway,Central,Indore,Apex Contractors,24-05-2023,06-07-2025,27-09-2025,573709854,596889927,86.2,69.6,150,,173234419,72619483,9551,1,5,4,3,78.7,93,83,Delayed,857,774,245853902,23180073,-16.6
P1364,Power Transmission Project 0364,Power Transmission,West,Mumbai,BuildTech,12-12-2023,01-11-2025,08-11-2025,1298052035,1399822167,85.7,87.8,690,832862252,377243589,189716326,10795,1,5,8,0,72.9,93.1,7,On Track,697,690,1399822167,101770132,2.1
P1365,Metro Project 0365,Metro,West,Mumbai,BuildTech,15-09-2024,16-05-2026,13-06-2026,2612601457,2781745644,89.9,86.8,689,1573497715,554445269,653802660,5854,0,4,8,2,87.8,99.1,28,On Track,636,608,2781745644,169144187,-3.1
P1366,Bridge Project 0366,Bridge,South,Hyderabad,Apex Contractors,25-07-2024,13-05-2026,27-06-2026,682059585,696515399,96.2,85.7,324,335129683,164041004,197344712,6038,2,3,8,1,97.2,86.7,45,Delayed,702,657,696515399,14455814,-10.5
P1367,Power Transmission Project 0367,Power Transmission,West,Ahmedabad,ABC Infra,30-05-2025,12-11-2025,16-02-2026,1028033423,1202773809,95.1,73.5,316,788653413,258229731,155890665,3095,2,6,8,6,75.6,88.6,96,Delayed,262,166,1202773809,174740386,-21.6
P1368,Metro Project 0368,Metro,South,Bengaluru,Prime Projects,02-01-2023,13-02-2024,10-03-2024,2170766065,2045715573,90.6,86.6,1146,1334130022,460943317,250642234,9693,3,3,14,1,96,79.4,26,On Track,433,407,2045715573,-125050492,-4
P1369,Metro Project 0369,Metro,Central,Nagpur,ABC Infra,15-06-2025,29-11-2027,16-12-2027,1532941520,1660082995,88.7,87.5,701,873163474,513218889,273700631,11805,0,2,13,2,88,95,17,On Track,914,897,1660082994,127141475,-1.2
P1370,Power Transmission Project 0370,Power Transmission,North,Jaipur,Apex Contractors,31-10-2023,14-03-2024,23-04-2024,637196123,619819485,91.3,77.7,298,384067515,166520332,69231637,10580,3,1,15,0,88.4,81.2,40,Delayed,175,135,619819484,-17376638,-13.6
P1371,Highway Project 0371,Highway,West,Ahmedabad,BuildTech,11-09-2023,19-12-2025,01-01-2026,1290813801,1366721752,85.8,80.4,377,886751788,263048990,216920973,11920,1,2,2,1,86.8,87.4,13,On Track,843,830,1366721751,75907951,-5.4
P1372,Water Infrastructure Project 0372,Water Infrastructure,West,Pune,Vertex Infra,13-10-2024,17-03-2026,05-04-2026,681018197,735662799,90.6,91.7,249,391761875,168283679,175617245,7200,1,1,7,1,98.5,94.9,19,Completed,539,520,735662799,54644602,1.1
P1373,Power Transmission Project 0373,Power Transmission,South,Chennai,BuildTech,28-03-2024,19-10-2024,01-12-2024,1307714759,1454158904,90.2,79.8,554,724435403,344599627,385123874,2460,3,3,9,1,79.9,78.3,43,Delayed,248,205,1454158904,146444145,-10.4
P1374,Power Transmission Project 0374,Power Transmission,Central,Indore,UrbanWorks,06-02-2023,10-02-2024,13-04-2024,1502437796,1709381974,90.2,81.2,712,1086738658,434106436,188536880,7633,0,8,8,3,71.8,92.2,63,Delayed,432,369,1709381974,206944178,-9
P1375,Building Project 0375,Building,Central,Nagpur,MegaBuild,09-06-2023,31-10-2024,03-12-2024,840290049,859544162,91.9,84,213,405030338,207411864,247101959,7971,1,1,2,2,100,90.7,33,Delayed,543,510,859544161,19254113,-7.9
P1376,Metro Project 0376,Metro,West,Ahmedabad,Vertex Infra,09-01-2023,07-04-2024,25-05-2024,1397646337,1541310662,93.2,84.7,751,817048323,311532548,412729792,6521,1,4,9,3,76.9,91.6,48,Delayed,502,454,1541310663,143664325,-8.5
P1377,Metro Project 0377,Metro,West,Ahmedabad,BuildTech,21-08-2023,07-09-2025,20-10-2025,1687912473,1810383246,80.4,73.9,867,1133699245,466242698,210441304,9210,2,8,12,1,69.8,83.4,43,Delayed,791,748,1810383247,122470773,-6.5
P1378,Power Transmission Project 0378,Power Transmission,Central,Indore,Shakti Engineering,09-04-2023,06-01-2025,25-01-2025,757593271,781798508,86.7,85.8,234,467933172,165088229,148777107,10338,2,3,6,0,87.2,82,19,On Track,657,638,781798508,24205237,-0.9
P1379,Power Transmission Project 0379,Power Transmission,South,Hyderabad,Shakti Engineering,20-10-2024,03-07-2025,13-07-2025,762126986,813412232,87.4,85.3,374,492500239,206404456,114507537,9369,3,3,9,0,82.9,82.3,10,On Track,266,256,813412232,51285246,-2.1
P1380,Building Project 0380,Building,South,Bengaluru,ABC Infra,26-03-2025,11-06-2027,22-07-2027,840979959,898388729,89.4,81.5,328,556251458,202984130,139153142,3567,1,7,7,1,77.5,91,41,Delayed,848,807,898388730,57408770,-7.9
P1381,Metro Project 0381,Metro,South,Bengaluru,Vertex Infra,27-07-2023,04-04-2025,02-06-2025,2690028212,2731320924,89.7,77.7,1001,1665307922,579699161,486313841,4797,0,4,11,0,86.7,99,59,Delayed,676,617,2731320924,41292712,-12
P1382,Highway Project 0382,Highway,West,Ahmedabad,ABC Infra,11-05-2023,03-09-2025,06-10-2025,1528555550,1625889291,92.5,87.6,494,874260093,366072716,385556483,7276,1,2,6,0,94.9,100,33,Delayed,879,846,1625889292,97333741,-4.9
P1383,Highway Project 0383,Highway,North,Delhi,MegaBuild,08-02-2024,26-09-2025,19-11-2025,1179122738,1290951873,91.3,82,485,686500705,262949457,341501710,8555,3,1,8,1,97.2,78,54,Delayed,650,596,1290951872,111829135,-9.3
P1384,Water Infrastructure Project 0384,Water Infrastructure,West,Ahmedabad,MegaBuild,01-06-2023,14-05-2025,12-08-2025,413881301,453387583,94.8,73.4,190,242742177,98575775,112069631,2999,2,7,13,4,75.6,90,90,Delayed,803,713,453387583,39506282,-21.4
P1385,Bridge Project 0385,Bridge,West,Ahmedabad,UrbanWorks,23-02-2023,31-01-2024,11-03-2024,499661535,541095861,88.8,81.2,177,328047590,153319566,59728705,11425,0,5,6,3,78.1,99.5,40,Delayed,382,342,541095861,41434326,-7.6
P1386,Power Transmission Project 0386,Power Transmission,Central,Indore,Apex Contractors,30-04-2023,02-09-2024,05-11-2024,1588549676,1742179526,87.3,73.5,679,1124320997,395827341,222031187,5844,2,2,8,4,90.2,82.1,64,Delayed,555,491,1742179525,153629850,-13.8
P1387,Water Infrastructure Project 0387,Water Infrastructure,South,Chennai,Apex Contractors,03-11-2024,08-04-2026,07-06-2026,652647668,719189765,89.4,73.1,294,399552153,175943102,143694510,672,3,6,10,2,76,82.7,60,Delayed,581,521,719189765,66542097,-16.3
P1388,Highway Project 0388,Highway,Central,Indore,Prime Projects,08-07-2025,21-01-2027,06-03-2027,1168607847,1274754160,90.1,86.8,531,638677440,326877497,309199223,4327,1,3,12,3,86.9,93.5,44,Delayed,606,562,1274754160,106146313,-3.3
P1389,Building Project 0389,Building,Central,Nagpur,ABC Infra,19-09-2024,21-05-2026,07-07-2026,916245393,990501116,90.4,80.8,217,621428296,204730079,164342740,8797,1,3,10,1,91.3,94.7,47,Delayed,656,609,990501115,74255723,-9.6
P1390,Bridge Project 0390,Bridge,West,Ahmedabad,MegaBuild,09-08-2024,13-08-2026,04-10-2026,992703713,1106878155,89,75.5,500,554322646,274272577,278282932,2814,2,1,11,1,95.9,81.4,52,Delayed,786,734,1106878155,114174442,-13.5
P1391,Building Project 0391,Building,South,Bengaluru,Apex Contractors,16-09-2024,13-10-2025,04-01-2026,954137651,1060148581,94.3,78.2,354,544015775,311783254,204349552,1231,3,5,13,2,88.4,81.2,83,Delayed,475,392,1060148581,106010930,-16.1
P1392,Water Infrastructure Project 0392,Water Infrastructure,North,Jaipur,ABC Infra,25-08-2025,01-06-2027,28-07-2027,336509413,358011730,93.9,78,103,233466267,74386511,50158952,7771,2,3,6,2,83,85.1,57,Delayed,702,645,358011730,21502317,-15.9
P1393,Power Transmission Project 0393,Power Transmission,South,Bengaluru,MegaBuild,24-02-2024,28-11-2024,02-01-2025,1509499970,1648854828,94.4,93.6,452,937518236,483818243,227518349,2290,2,4,11,2,86.8,83.5,35,Delayed,313,278,1648854828,139354858,-0.8
P1394,Power Transmission Project 0394,Power Transmission,West,Mumbai,BuildTech,26-02-2024,23-11-2024,20-01-2025,1634531836,1742538494,86.1,82.6,620,914674823,493615825,334247845,3956,1,4,12,4,86.6,90,58,Delayed,329,271,1742538493,108006658,-3.5
P1395,Metro Project 0395,Metro,South,Hyderabad,ABC Infra,14-04-2023,22-04-2025,11-08-2025,1556547384,1671129827,92.9,67.1,797,1028396503,461978504,180754820,9907,0,7,5,4,76.7,100,111,Delayed,850,739,1671129827,114582443,-25.8
P1396,Highway Project 0396,Highway,West,Pune,BuildTech,01-05-2025,04-03-2026,03-06-2026,1191767401,1331557846,96.4,75.9,410,869231808,287663999,174662039,7090,0,4,10,4,83.3,100,91,Delayed,398,307,1331557846,139790445,-20.5
P1397,Water Infrastructure Project 0397,Water Infrastructure,Central,Nagpur,ABC Infra,11-09-2023,15-04-2024,21-05-2024,492568049,457747934,94.5,85.6,230,248790633,114910435,94046866,8853,1,3,5,0,90.7,86.6,36,Delayed,253,217,457747934,-34820115,-8.9
P1398,Highway Project 0398,Highway,Central,Nagpur,Prime Projects,15-08-2023,21-04-2024,07-06-2024,1523579764,1634389181,87.9,73.2,383,1025798197,425067929,183523056,5683,2,2,8,2,88.9,86.1,47,Delayed,297,250,1634389182,110809417,-14.7
P1399,Metro Project 0399,Metro,South,Hyderabad,UrbanWorks,22-04-2023,06-02-2024,04-03-2024,1056178673,1180725423,88.7,86.4,398,688550225,234475765,257699433,11260,1,2,16,2,97.2,88.9,27,On Track,317,290,1180725423,124546750,-2.3
P1400,Highway Project 0400,Highway,North,Jaipur,Shakti Engineering,24-05-2024,22-03-2025,24-05-2025,1128383522,1235985804,83.7,76.7,617,643379545,312987705,279618554,1015,0,2,9,3,91.3,91.8,63,Delayed,365,302,1235985804,107602282,-7
P1401,Water Infrastructure Project 0401,Water Infrastructure,West,Pune,Apex Contractors,17-04-2024,13-08-2025,13-11-2025,403234646,459615772,95.1,80.4,191,283647715,126260173,49707884,10137,3,4,18,2,81.9,79.3,92,Delayed,575,483,459615772,56381126,-14.7
P1402,Highway Project 0402,Highway,South,Chennai,Shakti Engineering,09-04-2023,14-09-2023,08-11-2023,1266770114,1424149265,86.1,76.7,366,712427242,436733760,274988263,9034,3,4,11,3,80,75.7,55,Delayed,213,158,1424149265,157379151,-9.4
P1403,Building Project 0403,Building,West,Ahmedabad,Shakti Engineering,02-06-2023,09-03-2025,15-04-2025,483261553,580630401,88.1,83.9,186,297560418,125017797,158052186,1847,3,4,11,4,80.7,75.2,37,Delayed,683,646,580630401,97368848,-4.2
P1404,Power Transmission Project 0404,Power Transmission,West,Pune,BuildTech,10-05-2025,16-01-2027,08-03-2027,889813747,918789022,92.2,84.6,264,487784239,200676866,230327918,8292,1,4,6,2,88.5,98.4,51,Delayed,667,616,918789023,28975275,-7.6
P1405,Highway Project 0405,Highway,North,Jaipur,Vertex Infra,02-07-2025,29-03-2027,29-05-2027,1039117498,1123829837,90.6,76,369,660496770,245362890,217970177,10733,1,5,8,1,79.7,91.4,61,Delayed,696,635,1123829837,84712339,-14.6
P1406,Highway Project 0406,Highway,North,Delhi,MegaBuild,14-06-2025,25-09-2026,22-10-2026,1478502523,1606833397,91.5,89.4,705,790698695,343898396,472236306,951,0,3,4,1,88.5,94,27,On Track,495,468,1606833397,128330874,-2.1
P1407,Metro Project 0407,Metro,West,Mumbai,Shakti Engineering,27-05-2025,25-10-2026,22-11-2026,1409194457,1483351161,87.7,81,668,952255628,360795333,170300201,1350,1,3,10,1,93.2,99.3,28,On Track,544,516,1483351162,74156704,-6.7
P1408,Power Transmission Project 0408,Power Transmission,West,Pune,Prime Projects,04-12-2023,24-03-2026,31-03-2026,779530426,864692605,85,88.4,230,508915527,240625978,115151101,5042,0,1,7,2,96.1,100,7,On Track,848,841,864692606,85162179,3.4
P1409,Metro Project 0409,Metro,West,Pune,Shakti Engineering,06-12-2024,12-09-2025,03-12-2025,2492774127,2848200833,90.9,73.7,1307,1454052930,755878652,638269251,10344,1,6,13,4,83,92.5,82,Delayed,362,280,2848200833,355426706,-17.2
P1410,Bridge Project 0410,Bridge,West,Mumbai,ABC Infra,01-04-2025,14-08-2025,20-10-2025,825511114,873166171,86.5,72.9,343,511098566,252985269,109082336,11493,3,6,8,3,74.8,79.4,67,Delayed,202,135,873166171,47655057,-13.6
P1411,Highway Project 0411,Highway,West,Ahmedabad,BuildTech,12-06-2023,13-02-2025,07-04-2025,1475315442,1655281882,92.1,81.3,509,964813469,392049098,298419315,11576,2,5,10,3,74,86.8,53,Delayed,665,612,1655281882,179966440,-10.8
P1412,Water Infrastructure Project 0412,Water Infrastructure,West,Pune,Vertex Infra,20-12-2024,18-06-2026,29-07-2026,391201807,442263745,86.4,81.6,150,234585218,112499876,95178651,5344,2,4,14,3,79,90.4,41,Delayed,586,545,442263745,51061938,-4.8
P1413,Bridge Project 0413,Bridge,West,Mumbai,ABC Infra,14-08-2025,29-03-2026,29-05-2026,945390512,1108570150,89.4,80.8,396,530263560,308052182,270254408,5356,0,3,11,5,86,98.5,61,Delayed,288,227,1108570150,163179638,-8.6
P1414,Water Infrastructure Project 0414,Water Infrastructure,West,Mumbai,Vertex Infra,11-11-2024,03-06-2026,22-07-2026,443391883,465926568,96.9,87.6,179,269858424,137971648,58096496,10588,0,2,10,1,90.7,100,49,Delayed,618,569,465926568,22534685,-9.3
P1415,Power Transmission Project 0415,Power Transmission,West,Mumbai,ABC Infra,22-09-2025,26-11-2026,02-12-2026,794680119,867677897,90.9,93.6,302,439008042,260654120,168015736,9294,1,3,10,1,88.6,95.9,6,Completed,436,430,867677898,72997778,2.7
P1416,Metro Project 0416,Metro,Central,Indore,ABC Infra,10-06-2023,15-10-2025,17-12-2025,2343190242,2577757727,86.8,79.1,905,1569883603,618529118,389345007,7561,0,4,11,3,73.2,100,63,Delayed,921,858,2577757728,234567485,-7.7
P1417,Power Transmission Project 0417,Power Transmission,North,Jaipur,Apex Contractors,02-08-2024,18-05-2025,12-07-2025,1323358390,1430962612,92,78,368,699127242,419777985,312057384,11146,1,4,6,4,85.1,98.7,55,Delayed,344,289,1430962611,107604222,-14
P1418,Highway Project 0418,Highway,Central,Indore,UrbanWorks,11-03-2025,05-01-2027,10-01-2027,1311294694,1405488331,89.4,89.9,640,764484452,335469310,305534569,1980,1,4,11,2,90.6,87.1,5,On Track,670,665,1405488331,94193637,0.5
P1419,Power Transmission Project 0419,Power Transmission,North,Delhi,UrbanWorks,02-02-2024,19-07-2025,12-09-2025,979449717,985215389,86.8,74.6,390,543507757,288984220,152723413,10099,1,8,12,1,64.2,92.7,55,Delayed,588,533,985215390,5765672,-12.2
P1420,Building Project 0420,Building,South,Chennai,MegaBuild,04-10-2023,08-10-2024,17-12-2024,677799734,749368847,90.1,78.5,178,437789335,213046735,98532777,3822,1,3,10,6,85.7,90,70,Delayed,440,370,749368847,71569113,-11.6
P1421,Power Transmission Project 0421,Power Transmission,Central,Indore,BuildTech,26-03-2025,21-08-2027,04-11-2027,1095620728,1251467684,95,80.6,518,602001652,271352927,378113105,2357,2,4,8,1,89.5,89.5,75,Delayed,953,878,1251467684,155846956,-14.4
P1422,Highway Project 0422,Highway,Central,Indore,Prime Projects,04-07-2025,21-03-2026,20-05-2026,1550873490,1703789767,92.4,79.5,818,895048082,520019975,288721710,3021,3,3,10,3,90,86.8,60,Delayed,320,260,1703789767,152916277,-12.9
P1423,Highway Project 0423,Highway,North,Jaipur,Prime Projects,18-05-2024,15-06-2025,03-08-2025,827900160,931952412,89.3,77.8,440,477909366,205417249,248625797,5121,1,5,13,2,79.2,95.6,49,Delayed,442,393,931952412,104052252,-11.5
P1424,Bridge Project 0424,Bridge,South,Chennai,Prime Projects,14-06-2025,01-12-2026,30-12-2026,655724222,713108476,85.1,80.7,224,411923842,208297178,92887456,2863,0,6,13,1,78.8,100,29,On Track,564,535,713108476,57384254,-4.4
P1425,Bridge Project 0425,Bridge,South,Hyderabad,Apex Contractors,27-01-2024,23-01-2026,29-04-2026,705002272,798540225,92.9,70.7,186,426554161,213664764,158321300,502,3,7,14,2,67.4,81.8,96,Delayed,823,727,798540225,93537953,-22.2
P1426,Metro Project 0426,Metro,West,Mumbai,ABC Infra,15-05-2023,19-09-2025,08-11-2025,2107896281,2480305593,91.9,79.6,824,1235044863,659897488,585363242,1241,1,7,8,2,75.9,88.4,50,Delayed,908,858,2480305593,372409312,-12.3
P1427,Bridge Project 0427,Bridge,Central,Nagpur,UrbanWorks,14-07-2023,19-12-2023,01-02-2024,620666264,654157177,83.5,80.9,159,313003054,133903533,207250590,888,0,3,6,2,89.3,100,44,Delayed,202,158,654157177,33490913,-2.6
P1428,Highway Project 0428,Highway,South,Chennai,BuildTech,05-02-2024,02-07-2024,07-07-2024,1478977988,1531751854,84.1,78.6,781,998781337,318057706,214912811,9062,0,3,11,0,90.1,94.2,5,On Track,153,148,1531751854,52773866,-5.5
P1429,Bridge Project 0429,Bridge,North,Delhi,ABC Infra,01-10-2024,20-05-2026,09-07-2026,631690591,709004509,96.3,83.2,177,432986200,200774948,75243361,11496,1,3,8,2,85.7,90.7,50,Delayed,646,596,709004509,77313918,-13.1
P1430,Power Transmission Project 0430,Power Transmission,West,Ahmedabad,Vertex Infra,02-02-2023,14-04-2024,20-05-2024,1688937035,1815403953,91.3,82.9,512,1123936038,429912159,261555756,8687,2,3,12,1,84.8,81.7,36,Delayed,473,437,1815403953,126466918,-8.4
P1431,Bridge Project 0431,Bridge,North,Delhi,UrbanWorks,18-11-2024,17-11-2025,21-12-2025,497866928,537196474,84.4,78,176,297206167,155586400,84403907,9837,0,7,8,2,69.8,100,34,Delayed,398,364,537196474,39329546,-6.4
P1432,Highway Project 0432,Highway,West,Mumbai,UrbanWorks,04-04-2024,19-08-2026,25-09-2026,1208608024,1370501364,94.5,90.6,418,672564144,367937189,330000031,8909,3,4,6,2,93.2,84.6,37,Delayed,904,867,1370501364,161893340,-3.9
P1433,Bridge Project 0433,Bridge,South,Chennai,Shakti Engineering,12-08-2025,06-11-2027,23-11-2027,1160763053,1244619255,94.9,90.1,559,725774694,337142897,181701664,1942,1,5,3,0,79.2,97.1,17,Completed,833,816,1244619255,83856202,-4.8
P1434,Highway Project 0434,Highway,North,Delhi,Shakti Engineering,01-06-2025,27-06-2026,28-07-2026,698843163,752618730,87.2,84.7,258,411078133,198816781,142723816,1665,3,2,15,1,89.6,74.1,31,Delayed,422,391,752618730,53775567,-2.5
P1435,Power Transmission Project 0435,Power Transmission,North,Delhi,Apex Contractors,14-04-2024,25-10-2025,25-12-2025,1776675622,1896125691,86.3,78.1,490,1075505746,395027578,425592367,7856,1,5,13,1,77,92.3,61,Delayed,620,559,1896125691,119450069,-8.2
P1436,Highway Project 0436,Highway,South,Hyderabad,BuildTech,10-01-2024,26-05-2026,18-07-2026,995763112,1035471341,90.3,82.6,306,581135704,255466244,198869392,308,0,6,7,1,76.9,100,53,Delayed,920,867,1035471340,39708229,-7.7
P1437,Water Infrastructure Project 0437,Water Infrastructure,South,Hyderabad,Vertex Infra,22-01-2023,15-01-2024,26-04-2024,874657641,920558375,90.6,67.6,339,532935065,246160115,141463195,831,2,10,18,1,59.9,83.4,102,Delayed,460,358,920558375,45900734,-23
P1438,Power Transmission Project 0438,Power Transmission,South,Chennai,BuildTech,19-01-2025,30-05-2026,13-07-2026,1423952253,1569849832,89.4,79.5,382,743100520,441954591,384794720,10044,0,2,10,1,94.8,100,44,Delayed,540,496,1569849831,145897579,-9.9
P1439,Power Transmission Project 0439,Power Transmission,West,Mumbai,BuildTech,31-10-2024,20-11-2025,25-12-2025,969920113,1057631466,85.7,87.1,409,523923661,296886007,236821799,1335,1,6,13,3,69.6,91.2,35,Delayed,420,385,1057631467,87711353,1.4
P1440,Water Infrastructure Project 0440,Water Infrastructure,Central,Indore,Apex Contractors,07-02-2023,30-05-2024,04-07-2024,416423028,428480450,88.6,86.1,169,211035152,95787715,121657584,1917,0,7,17,2,78.7,100,35,Delayed,513,478,428480451,12057422,-2.5
P1441,Power Transmission Project 0441,Power Transmission,South,Bengaluru,Apex Contractors,18-08-2023,19-11-2024,14-12-2024,972519406,1111036166,88.3,84.2,443,575677764,341958671,193399731,7022,0,3,7,2,85.7,97.2,25,On Track,484,459,1111036166,138516760,-4.1
P1442,Power Transmission Project 0442,Power Transmission,West,Pune,ABC Infra,31-12-2023,22-05-2025,03-06-2025,717551065,792152605,84,85.3,379,425401484,214585584,152165536,4016,2,5,15,2,85,87.1,12,On Track,520,508,792152604,74601540,1.3
P1443,Building Project 0443,Building,Central,Nagpur,MegaBuild,16-07-2024,12-06-2026,29-06-2026,460365596,490700973,94,94.2,239,247722942,121963880,121014152,6375,1,2,10,1,94.4,90.1,17,Completed,713,696,490700974,30335377,0.2
P1444,Building Project 0444,Building,West,Pune,Apex Contractors,13-03-2024,30-05-2026,31-05-2026,432332215,436182289,85.8,87.1,230,222764720,120085953,93331615,1376,1,4,8,1,84.2,99.1,1,On Track,809,808,436182288,3850074,1.3
P1445,Building Project 0445,Building,North,Jaipur,BuildTech,14-02-2025,16-06-2025,22-06-2025,659904634,721502106,95.2,94,198,368834629,188848448,163819028,7903,3,3,7,0,97.9,77.7,6,Completed,128,122,721502105,61597472,-1.2
P1446,Building Project 0446,Building,South,Hyderabad,Shakti Engineering,10-10-2023,10-04-2025,13-06-2025,926338539,1000126644,90.6,85.1,244,486824541,264172840,249129263,4315,1,3,8,4,95,94.8,64,Delayed,612,548,1000126644,73788105,-5.5
P1447,Building Project 0447,Building,South,Chennai,MegaBuild,27-01-2023,15-10-2023,14-12-2023,458589241,491399598,87.4,77.7,146,262869888,130463540,98066170,7429,1,1,9,4,100,91.5,60,Delayed,321,261,491399598,32810357,-9.7
P1448,Bridge Project 0448,Bridge,West,Pune,ABC Infra,14-08-2023,21-12-2024,07-02-2025,520014357,568974947,91.6,84,268,310493405,120629524,137852018,3262,0,6,12,1,73.9,100,48,Delayed,543,495,568974947,48960590,-7.6
P1449,Metro Project 0449,Metro,West,Mumbai,MegaBuild,04-10-2023,01-12-2025,31-01-2026,2263989320,2457175007,89.5,73.1,1224,1497022329,622975699,337176979,5140,2,3,15,1,82.9,89.6,61,Delayed,850,789,2457175007,193185687,-16.4
P1450,Highway Project 0450,Highway,Central,Nagpur,Prime Projects,08-03-2025,25-05-2026,09-08-2026,728556216,780440181,95.3,80.4,366,492953172,170639989,116847020,1212,3,7,7,2,80,79.4,76,Delayed,519,443,780440181,51883965,-14.9
P1451,Highway Project 0451,Highway,West,Pune,Vertex Infra,31-08-2024,23-05-2025,03-08-2025,624502490,641256640,98.5,78,160,396478641,158741833,86036167,4449,1,6,11,1,76.9,88,72,Delayed,337,265,641256641,16754150,-20.5
P1452,Metro Project 0452,Metro,Central,Nagpur,MegaBuild,11-10-2023,26-11-2024,16-12-2024,1320360185,1444360858,91.6,83.9,703,816928523,300575975,326856360,4370,4,3,6,1,86.6,74.4,20,On Track,432,412,1444360858,124000673,-7.7
P1453,Highway Project 0453,Highway,West,Ahmedabad,BuildTech,28-05-2025,21-07-2027,15-08-2027,1487799309,1599449406,89.3,85.1,535,903820655,353604042,342024710,5999,0,3,8,2,86.6,99.2,25,On Track,809,784,1599449407,111650097,-4.2
P1454,Building Project 0454,Building,West,Mumbai,ABC Infra,17-08-2025,19-02-2027,15-04-2027,944851946,1116097817,96.4,82.6,210,554961936,316339162,244796719,6222,0,2,20,2,82,100,55,Delayed,606,551,1116097817,171245871,-13.8
P1455,Metro Project 0455,Metro,South,Bengaluru,Vertex Infra,25-04-2024,28-07-2026,17-09-2026,1691047833,1665485847,89.2,79.6,618,1081766639,395742283,187976925,8835,1,4,11,1,83.2,100,51,Delayed,875,824,1665485847,-25561986,-9.6
P1456,Power Transmission Project 0456,Power Transmission,North,Delhi,BuildTech,28-03-2024,02-03-2026,27-04-2026,1398543128,1529711408,87.9,77.6,328,940917803,412384035,176409570,9684,1,5,8,2,84.6,92.7,56,Delayed,760,704,1529711408,131168280,-10.3
P1457,Highway Project 0457,Highway,Central,Nagpur,Vertex Infra,08-04-2025,08-09-2026,28-12-2026,1083953079,1139102612,94.9,67,433,,285993495,130124299,10424,3,6,6,3,72.3,63.4,111,Delayed,629,518,416117794,55149533,-27.9
P1458,Metro Project 0458,Metro,West,Mumbai,Shakti Engineering,26-03-2025,02-07-2026,05-09-2026,2330706042,2502501818,93.4,81.6,773,1272248983,567533747,662719088,5580,0,5,6,3,72,100,65,Delayed,528,463,2502501818,171795776,-11.8
P1459,Water Infrastructure Project 0459,Water Infrastructure,Central,Nagpur,Prime Projects,20-10-2024,06-07-2025,30-09-2025,715516047,798225424,87.9,73.1,269,428003686,194050810,176170928,9194,2,1,9,7,100,82.2,86,Delayed,345,259,798225424,82709377,-14.8
P1460,Building Project 0460,Building,Central,Nagpur,Unknown,30-05-2024,01-04-2025,30-04-2025,807044821,891849199,91.3,86.5,340,431645933,248618406,211584859,2198,0,8,8,1,65.3,100,29,On Track,335,306,891849198,84804378,-4.8
P1461,Highway Project 0461,Highway,Central,Indore,BuildTech,30-06-2024,27-12-2024,23-03-2025,800575930,913296029,88.6,73.1,405,567690898,197173938,148431193,6855,0,8,10,4,67.9,100,86,Delayed,266,180,913296029,112720099,-15.5
P1462,Power Transmission Project 0462,Power Transmission,Central,Indore,BuildTech,11-07-2023,21-11-2024,18-01-2025,652197769,748391667,92.4,80.3,285,406730713,185268571,156392383,8690,3,3,8,2,92.8,84.6,58,Delayed,557,499,748391667,96193898,-12.1
P1463,Power Transmission Project 0463,Power Transmission,West,Mumbai,BuildTech,18-02-2023,27-05-2025,21-06-2025,1156235806,1288118901,92,90.4,419,780944120,288304627,218870155,3532,2,6,14,2,79.2,84.3,25,Completed,854,829,1288118902,131883095,-1.6
P1464,Metro Project 0464,Metro,Central,Indore,UrbanWorks,26-05-2024,06-12-2025,21-12-2025,2754128292,3100623200,84.9,83.8,1350,1596788041,737093653,766741506,3122,4,4,13,0,76,74.2,15,On Track,574,559,3100623200,346494908,-1.1
P1465,Metro Project 0465,Metro,North,Jaipur,Prime Projects,17-01-2023,30-03-2024,20-04-2024,2117604572,2416033383,90.2,92,1098,1461001223,688643615,266388545,4784,2,3,8,2,84.1,88.4,21,Completed,459,438,2416033383,298428811,1.8
P1466,Power Transmission Project 0466,Power Transmission,South,Bengaluru,Vertex Infra,21-06-2023,15-08-2024,31-08-2024,1612193160,1798920236,84.1,82.9,418,903886605,499496582,395537050,8965,1,7,5,3,69.9,97.5,16,On Track,437,421,1798920237,186727076,-1.2
P1467,Building Project 0467,Building,South,Chennai,Apex Contractors,08-08-2023,13-11-2024,09-12-2024,1066511405,1196498167,84.3,81.5,421,759411685,286573863,150512619,5800,2,3,8,1,95.5,94.6,26,On Track,489,463,1196498167,129986762,-2.8
P1468,Building Project 0468,Building,West,Mumbai,BuildTech,07-06-2023,15-10-2023,16-11-2023,474485586,513640324,88,82.6,148,281291063,106433072,125916189,1954,2,4,15,0,80.6,87.2,32,Delayed,162,130,513640324,39154738,-5.4
P1469,Power Transmission Project 0469,Power Transmission,West,Mumbai,BuildTech,21-04-2024,19-10-2024,10-12-2024,1442050943,1575617527,87.6,76.7,339,945183030,391022422,239412075,891,2,7,8,1,66.4,88.8,52,Delayed,233,181,1575617527,133566584,-10.9
P1470,Metro Project 0470,Metro,North,Jaipur,Vertex Infra,15-02-2023,26-01-2024,16-01-2024,2325101276,2413521490,83.2,95.5,1024,1241441767,662523345,509556378,2148,1,4,11,0,90.8,94.7,-10,Completed,335,345,2413521490,88420214,12.3
P1471,Bridge Project 0471,Bridge,South,Hyderabad,Apex Contractors,08-01-2024,06-10-2024,16-11-2024,1220963244,1326554289,85.3,78.1,616,829704423,257791406,239058459,5491,1,6,9,0,75.9,94.4,41,Delayed,313,272,1326554288,105591045,-7.2
P1472,Metro Project 0472,Metro,South,Hyderabad,Shakti Engineering,01-06-2024,09-09-2026,11-09-2026,2941489453,3193918836,83.8,81.9,805,1952075159,881402202,360441475,3341,2,5,7,0,75,89.4,2,On Track,832,830,3193918836,252429383,-1.9
P1473,Power Transmission Project 0473,Power Transmission,Central,Indore,Shakti Engineering,09-04-2023,20-02-2025,03-04-2025,1435881120,1619028479,87,83.4,700,906329463,452497512,260201504,467,1,11,6,2,51.6,92.5,42,Delayed,725,683,1619028479,183147359,-3.6
P1474,Building Project 0474,Building,South,Chennai,BuildTech,10-06-2025,18-11-2027,05-01-2028,531684576,609473437,92.1,79,266,364857473,125345082,119270881,4679,4,3,9,2,84.8,72.9,48,Delayed,939,891,609473436,77788861,-13.1
P1475,Building Project 0475,Building,Central,Indore,ABC Infra,14-01-2025,05-12-2026,05-03-2027,928467424,1024921158,95.9,73,484,506483712,268466032,249971414,7961,2,4,7,0,83.8,82.7,90,Delayed,780,690,1024921158,96453734,-22.9
P1476,Metro Project 0476,Metro,West,Ahmedabad,UrbanWorks,06-02-2023,09-01-2025,10-03-2025,1201917686,1211075685,94.2,74.7,369,626616499,281009511,303449675,7267,2,2,17,0,86.6,76.5,60,Delayed,763,703,1211075685,9157999,-19.5
P1477,Metro Project 0477,Metro,West,Ahmedabad,Shakti Engineering,07-10-2023,24-11-2025,28-01-2026,2535784622,2628292406,91.7,70.9,1314,1475631989,548129353,604531064,11762,1,3,14,3,87.2,92.1,65,Delayed,844,779,2628292406,92507784,-20.8
P1478,Bridge Project 0478,Bridge,North,Delhi,ABC Infra,15-12-2023,08-11-2025,09-12-2025,1163411802,1263623917,91.5,82.8,379,731835753,292019791,239768372,7583,1,0,14,3,97.2,88.6,31,Delayed,725,694,1263623916,100212115,-8.7
P1479,Water Infrastructure Project 0479,Water Infrastructure,West,Ahmedabad,UrbanWorks,11-05-2024,14-07-2025,20-09-2025,534114204,561488215,89.6,74.5,214,324245955,121332979,115909281,4310,1,5,11,2,78.3,92.5,68,Delayed,497,429,561488215,27374011,-15.1
P1480,Building Project 0480,Building,South,Hyderabad,BuildTech,29-10-2023,25-10-2024,08-12-2024,808404236,868118196,89.6,75.7,191,513144878,254258978,100714340,5286,1,5,9,1,85.3,91.1,44,Delayed,406,362,868118196,59713960,-13.9
P1481,Highway Project 0481,Highway,South,Bengaluru,Prime Projects,30-06-2023,03-03-2025,20-04-2025,971999155,1037072764,95.5,83.3,227,611863920,277332057,147876786,4148,3,2,13,3,96.6,80.3,48,Delayed,660,612,1037072763,65073609,-12.2
P1482,Power Transmission Project 0482,Power Transmission,West,Ahmedabad,MegaBuild,29-08-2024,27-12-2025,27-02-2026,1134695717,1232236446,92.5,76.5,519,745828928,354258600,132148917,2481,0,3,7,3,95.3,100,62,Delayed,547,485,1232236445,97540729,-16
P1483,Highway Project 0483,Highway,Central,Indore,MegaBuild,09-04-2023,01-07-2024,05-09-2024,846837579,879230513,90.8,76,310,483066206,223894422,172269885,10146,2,6,10,0,77.9,89.2,66,Delayed,515,449,879230513,32392934,-14.8
P1484,Power Transmission Project 0484,Power Transmission,Central,Nagpur,BuildTech,30-11-2024,14-07-2025,21-07-2025,1527176841,1679546562,83,85.6,465,966209453,341710952,371626157,1132,0,3,9,3,83.9,94.3,7,On Track,233,226,1679546562,152369721,2.6
P1485,Highway Project 0485,Highway,West,Mumbai,Shakti Engineering,19-09-2025,30-08-2026,15-10-2026,1500804510,1550042151,92.9,83.1,424,964395566,354273254,231373331,1321,0,4,7,2,82.3,96.1,46,Delayed,391,345,1550042151,49237641,-9.8
P1486,Water Infrastructure Project 0486,Water Infrastructure,South,Bengaluru,ABC Infra,26-04-2023,28-03-2024,12-06-2024,871654270,955100197,93,74.9,384,515658824,264841477,174599897,10485,0,5,6,3,80.2,99,76,Delayed,413,337,955100198,83445927,-18.1
P1487,Highway Project 0487,Highway,South,Bengaluru,Prime Projects,10-07-2023,28-11-2025,01-12-2025,705146443,697901802,87.5,86.1,155,399866765,170689175,127345862,3792,0,2,9,1,85.2,100,3,On Track,875,872,697901802,-7244641,-1.4
P1488,Power Transmission Project 0488,Power Transmission,Central,Indore,Vertex Infra,10-09-2023,27-05-2025,01-08-2025,1663439816,1734609833,90.9,75.9,808,1069890509,425019631,239699693,9386,3,4,10,1,85.5,79.7,66,Delayed,691,625,1734609833,71170017,-15
P1489,Bridge Project 0489,Bridge,West,Mumbai,UrbanWorks,07-09-2025,20-09-2026,08-12-2026,1020880939,1155670353,89.5,79.2,251,743032011,280041232,132597110,10007,3,4,16,2,81.2,75.1,79,Delayed,457,378,1155670353,134789414,-10.3
P1490,Highway Project 0490,Highway,South,Hyderabad,BuildTech,16-07-2025,26-12-2027,06-02-2028,786715084,926343136,87.8,79.8,222,557187298,200429960,168725878,588,2,6,14,4,77.7,76.2,42,Delayed,935,893,926343136,139628052,-8
P1491,Metro Project 0491,Metro,South,Bengaluru,Prime Projects,09-09-2025,07-06-2027,04-07-2027,1123223534,1261554786,91.6,,390,602254738,244923502,414376546,8116,3,3,14,1,95.5,78.7,27,On Track,663,636,1261554786,138331252,-91.6
P1492,Highway Project 0492,Highway,North,Delhi,Apex Contractors,10-06-2023,18-11-2025,10-11-2025,802557144,871908801,85.7,87.4,304,477960989,181816564,212131248,1376,1,3,7,0,91.8,88.1,-8,On Track,884,892,871908801,69351657,1.7
P1493,Highway Project 0493,Highway,Central,Indore,Prime Projects,13-09-2023,04-03-2024,20-05-2024,1475757607,1692935384,98.2,79,497,839959450,381927885,471048049,1671,1,5,8,2,83.9,92.3,77,Delayed,250,173,1692935384,217177777,-19.2
P1494,Power Transmission Project 0494,Power Transmission,South,Bengaluru,Shakti Engineering,19-11-2023,03-05-2024,17-05-2024,1371146197,1549153570,92.1,89.2,446,797468966,329546810,422137795,1374,2,4,9,2,91.1,80.9,14,On Track,180,166,1549153571,178007373,-2.9
P1495,Bridge Project 0495,Bridge,South,Chennai,Apex Contractors,08-05-2023,31-08-2025,01-12-2025,1007370095,1043703094,89.6,70.9,542,570873707,262109681,210719705,5234,1,5,6,3,80.8,100,92,Delayed,938,846,1043703093,36332999,-18.7
P1496,Power Transmission Project 0496,Power Transmission,West,Mumbai,UrbanWorks,18-01-2023,05-04-2025,30-07-2025,916154345,1053882051,93.8,71.4,395,548147242,278488546,227246263,11451,0,6,14,4,79.7,100,116,Delayed,924,808,1053882051,137727706,-22.4
P1497,Building Project 0497,Building,West,Ahmedabad,Apex Contractors,03-03-2025,03-12-2026,20-02-2027,871862531,983984255,93.1,77.2,198,573163982,258903929,151916344,339,1,5,12,2,72.5,91.7,79,Delayed,719,640,983984255,112121724,-15.9
P1498,Water Infrastructure Project 0498,Water Infrastructure,South,Bengaluru,Prime Projects,04-01-2025,10-08-2025,24-09-2025,319513511,315672459,87,80,115,191387584,65327132,58957744,4574,1,1,13,1,97.2,97.9,45,Delayed,263,218,315672460,-3841052,-7
P1499,Highway Project 0499,Highway,Central,Indore,Shakti Engineering,19-07-2024,05-12-2024,18-01-2025,914710806,977065631,88,82.8,465,610192159,257907422,108966051,482,0,5,12,3,84.2,98.3,44,Delayed,183,139,977065632,62354825,-5.2
P1500,Metro Project 0500,Metro,West,Ahmedabad,Apex Contractors,23-07-2024,12-12-2026,22-12-2026,2230971630,2575346476,80.9,87.8,712,1337194234,614209054,623943189,10251,2,4,9,2,89.4,85.8,10,On Track,882,872,2575346477,344374846,6.9
P1501,Power Transmission Project 0501,Power Transmission,North,Delhi,ABC Infra,19-11-2023,11-10-2025,28-10-2025,781776844,831198933,85.7,82.2,196,424996763,233283270,172918900,10261,3,0,8,1,100,85.4,17,On Track,709,692,831198933,49422089,-3.5
P1502,Power Transmission Project 0502,Power Transmission,West,Ahmedabad,Shakti Engineering,21-05-2025,20-01-2027,02-04-2027,1600834325,1693473466,92.7,74.4,752,919012455,421787771,352673240,5796,2,5,5,3,75.6,93.2,72,Delayed,681,609,1693473466,92639141,-18.3
P1503,Metro Project 0503,Metro,South,Chennai,ABC Infra,16-11-2024,08-05-2026,20-06-2026,1455361972,1631524109,90.7,82.6,611,815455493,319171873,496896743,8988,5,3,10,0,83.2,63.7,43,Delayed,581,538,1631524109,176162137,-8.1
P1504,Metro Project 0504,Metro,South,Hyderabad,ABC Infra,02-03-2025,20-05-2027,03-07-2027,2281516603,2512812595,88,81.2,931,1373508495,496194148,643109951,9088,3,4,13,3,94,83.6,44,Delayed,853,809,2512812594,231295992,-6.8
P1505,Bridge Project 0505,Bridge,South,Bengaluru,Apex Contractors,17-09-2024,17-03-2025,15-06-2025,746787643,822173790,91.4,79,177,506258005,216677872,99237913,2808,2,4,13,4,73.2,87.8,90,Delayed,271,181,822173790,75386147,-12.4
P1506,Power Transmission Project 0506,Power Transmission,West,Pune,Apex Contractors,15-10-2023,05-07-2024,07-10-2024,1326212751,1561412979,87.9,70.4,353,756568111,359392625,445452243,9176,5,6,8,4,75.6,62.5,94,Delayed,358,264,1561412979,235200228,-17.5
P1507,Metro Project 0507,Metro,West,Pune,Vertex Infra,31-07-2025,01-07-2026,29-07-2026,1202752094,1325013640,84.2,79.2,511,708674499,286933418,329405723,8372,1,5,5,2,74.9,93.3,28,On Track,363,335,1325013640,122261546,-5
P1508,Bridge Project 0508,Bridge,West,Ahmedabad,Vertex Infra,03-05-2025,02-09-2025,30-11-2025,426453060,472969411,86.2,67.5,123,260433426,119040251,93495734,618,1,2,16,5,96,94.7,89,Delayed,211,122,472969411,46516351,-18.7
P1509,Power Transmission Project 0509,Power Transmission,North,Jaipur,Prime Projects,24-10-2024,30-07-2025,13-09-2025,1705572957,1802855219,99.2,86.1,658,901107071,369406553,532341594,9927,0,2,6,0,96.9,100,45,Delayed,324,279,1802855218,97282262,-13.1
P1510,Highway Project 0510,Highway,West,Mumbai,Shakti Engineering,19-08-2025,25-12-2027,05-02-2028,804263359,884693938,89.4,82.7,321,429565892,206404752,248723295,2703,1,4,10,4,85.2,87,42,Delayed,900,858,884693939,80430579,-6.7
P1511,Highway Project 0511,Highway,West,Pune,Vertex Infra,30-09-2024,27-05-2025,21-07-2025,1379062468,1554694630,89.6,81,432,949154852,350500256,255039522,11156,2,6,11,1,74.1,82.8,55,Delayed,294,239,1554694630,175632162,-8.6
P1512,Building Project 0512,Building,North,Jaipur,ABC Infra,04-06-2023,29-12-2023,19-01-2024,1072035465,1087912032,92.1,88.3,571,660907126,296993560,130011346,1028,0,5,10,1,78.9,100,21,On Track,229,208,1087912032,15876567,-3.8
P1513,Power Transmission Project 0513,Power Transmission,West,Pune,Vertex Infra,04-05-2024,26-07-2025,05-10-2025,860831822,925049316,93.9,75,428,548167866,190807019,186074431,1587,3,5,11,0,74.2,82.6,71,Delayed,519,448,925049316,64217494,-18.9
P1514,Metro Project 0514,Metro,North,Jaipur,UrbanWorks,21-01-2024,20-12-2025,10-01-2026,1515038068,1625119956,89.1,85.8,694,916011743,444424038,264684175,4301,2,6,9,1,84.8,88.2,21,On Track,720,699,1625119956,110081888,-3.3
P1515,Bridge Project 0515,Bridge,West,Mumbai,Prime Projects,12-09-2025,01-01-2027,06-02-2027,959359325,1036131936,94.4,86.4,235,630865471,255351882,149914583,5906,0,4,11,1,79.5,100,36,Delayed,512,476,1036131936,76772611,-8
P1516,Bridge Project 0516,Bridge,Central,Nagpur,Shakti Engineering,23-02-2025,22-02-2027,28-04-2027,1208995124,1266099011,89.1,77.9,308,641746800,257362802,366989409,9052,1,3,11,3,85.4,94.2,65,Delayed,794,729,1266099011,57103887,-11.2
P1517,Bridge Project 0517,Bridge,West,Pune,Shakti Engineering,14-04-2023,04-05-2024,30-07-2024,1168046837,1341494561,90,72.2,446,801589624,392778988,147125948,1675,0,3,15,3,86.4,95.5,87,Delayed,473,386,1341494560,173447724,-17.8
P1518,Building Project 0518,Building,South,Chennai,MegaBuild,17-07-2025,23-07-2027,31-10-2027,717055997,777882481,88.1,62.4,195,444710120,221938344,111234018,9957,3,5,10,3,86.7,75,100,Delayed,836,736,777882482,60826484,-25.7
P1519,Bridge Project 0519,Bridge,South,Bengaluru,Shakti Engineering,28-01-2024,14-04-2025,12-05-2025,1068465983,1179320514,93.1,91.5,579,710814157,257987502,210518855,10998,1,4,8,0,88,89,28,Completed,470,442,1179320514,110854531,-1.6
P1520,Bridge Project 0520,Bridge,North,Jaipur,Prime Projects,21-03-2025,14-04-2027,25-05-2027,524490329,583341913,84.5,78.7,142,311748233,155843639,115750041,324,2,4,5,2,80.8,91.2,41,Delayed,795,754,583341913,58851584,-5.8
P1521,Bridge Project 0521,Bridge,South,Bengaluru,UrbanWorks,03-09-2023,24-06-2025,16-07-2025,1218886502,1289203386,90.9,87.3,464,780985413,367043786,141174187,1454,0,3,7,0,100,100,22,On Track,682,660,1289203386,70316884,-3.6
P1522,Building Project 0522,Building,Central,Indore,Shakti Engineering,25-06-2023,01-08-2025,11-10-2025,1047012562,1154809903,92.4,79.7,356,675062656,347614845,132132402,1759,2,3,17,2,97.5,82.2,71,Delayed,839,768,1154809903,107797341,-12.7
P1523,Building Project 0523,Building,Central,Indore,MegaBuild,08-02-2023,19-12-2023,17-02-2024,474566205,475436471,94.1,83.4,204,229956719,132738755,112740997,5407,3,1,12,1,93.7,77.2,60,Delayed,374,314,475436471,870266,-10.7
P1524,Power Transmission Project 0524,Power Transmission,West,Mumbai,Prime Projects,21-04-2024,26-08-2026,13-09-2026,967301981,1013571263,92.2,91,253,579312345,279552280,154706637,5006,2,2,5,1,89.2,87.7,18,Completed,875,857,1013571262,46269282,-1.2
P1525,Highway Project 0525,Highway,North,Jaipur,ABC Infra,12-11-2024,06-02-2026,21-04-2026,627161972,766602865,86.3,71.4,227,407107144,171405716,188090006,9712,0,7,11,2,75.7,97.2,74,Delayed,525,451,766602866,139440893,-14.9
P1526,Power Transmission Project 0526,Power Transmission,North,Delhi,BuildTech,28-01-2025,13-11-2025,10-11-2025,933778295,1014945201,92.3,93.8,290,484228233,303461736,227255231,2456,0,2,8,3,95.7,98,-3,Completed,286,289,1014945200,81166906,1.5
P1527,Power Transmission Project 0527,Power Transmission,Central,Indore,BuildTech,21-06-2024,23-03-2026,18-05-2026,1592306505,1764960457,93,82.4,816,964935985,381499426,418525046,6279,1,4,5,3,79.2,99.1,56,Delayed,696,640,1764960457,172653952,-10.6
P1528,Metro Project 0528,Metro,West,Mumbai,ABC Infra,16-05-2025,19-12-2026,29-03-2027,1739064902,1785277987,92.6,69.9,405,927475811,353236857,504565320,11783,2,3,16,3,83.6,95,100,Delayed,682,582,1785277988,46213085,-22.7
P1529,Bridge Project 0529,Bridge,Central,Indore,Vertex Infra,28-03-2025,03-09-2025,15-10-2025,485427498,515992967,89,82.5,253,261576811,154702190,99713966,8243,0,3,9,2,89.7,100,42,Delayed,201,159,515992967,30565469,-6.5
P1530,Bridge Project 0530,Bridge,Central,Indore,Shakti Engineering,09-07-2025,26-04-2027,26-06-2027,694836058,770873844,89.4,78.1,343,402615378,156765609,211492857,6342,1,7,14,4,78.1,100,61,Delayed,717,656,770873844,76037786,-11.3
P1531,Metro Project 0531,Metro,North,Delhi,Apex Contractors,12-02-2024,26-02-2025,28-04-2025,2933139002,3165086822,94,80,933,1590708390,787529885,786848547,9211,3,3,14,3,80.6,74.6,61,Delayed,441,380,3165086822,231947820,-14
P1532,Bridge Project 0532,Bridge,West,Pune,BuildTech,08-06-2024,04-11-2025,21-01-2026,931988966,1040453350,90,75.9,447,565087562,261821818,213543971,7786,0,2,13,4,98.4,98,78,Delayed,592,514,1040453351,108464384,-14.1
P1533,Highway Project 0533,Highway,West,Ahmedabad,Vertex Infra,07-04-2025,18-03-2026,16-04-2026,957388189,1022320453,86.2,82.8,220,521767730,303241204,197311520,1405,1,1,13,3,92.6,94.5,29,On Track,374,345,1022320454,64932264,-3.4
P1534,Metro Project 0534,Metro,Central,Nagpur,BuildTech,20-05-2024,18-01-2025,24-03-2025,1319746257,1432996884,88.4,77.1,711,709929725,343371395,379695764,4069,2,4,11,4,78,90.9,65,Delayed,308,243,1432996884,113250627,-11.3
P1535,Power Transmission Project 0535,Power Transmission,Central,Indore,ABC Infra,21-06-2025,25-11-2025,14-01-2026,1798273925,1846087171,96,79.1,708,1157567245,450699985,237819941,2779,1,2,8,3,92,96.7,50,Delayed,207,157,1846087171,47813246,-16.9
P1536,Metro Project 0536,Metro,Central,Indore,Shakti Engineering,04-04-2025,25-06-2026,12-08-2026,2615281038,2740205163,84.6,75.4,837,1712500248,529044339,498660576,10412,2,4,10,2,86.9,98.1,48,Delayed,495,447,2740205163,124924125,-9.2
P1537,Power Transmission Project 0537,Power Transmission,South,Chennai,Shakti Engineering,05-02-2023,10-02-2024,24-04-2024,945587536,1001536137,95.2,81.7,321,614438515,212179076,174918546,11571,1,7,10,2,80.1,87.4,74,Delayed,444,370,1001536137,55948601,-13.5
P1538,Building Project 0538,Building,Central,Nagpur,Vertex Infra,15-11-2024,06-09-2025,06-10-2025,407599117,434461247,90.1,88.6,98,224276997,124349363,85834886,5031,0,4,12,2,83.7,99.2,30,On Track,325,295,434461246,26862130,-1.5
P1539,Power Transmission Project 0539,Power Transmission,North,Delhi,ABC Infra,20-01-2023,10-01-2025,09-02-2025,673516924,730029338,84.7,84.3,368,458325003,186218666,85485669,11661,0,5,9,4,87.3,100,30,On Track,751,721,730029338,56512414,-0.4
P1540,Building Project 0540,Building,South,Bengaluru,Vertex Infra,17-11-2023,12-06-2025,19-08-2025,443570377,471128732,93.2,73.1,103,265605346,99710675,105812710,3472,2,8,9,0,66.5,78.7,68,Delayed,641,573,471128731,27558355,-20.1
P1541,Highway Project 0541,Highway,North,Jaipur,Shakti Engineering,14-02-2025,20-07-2025,15-08-2025,1129403170,1153853365,87.2,80.8,492,558301652,269752813,325798900,8485,0,4,10,3,94.1,100,26,On Track,182,156,1153853365,24450195,-6.4
P1542,Water Infrastructure Project 0542,Water Infrastructure,Central,Indore,Apex Contractors,26-05-2024,04-08-2025,23-08-2025,864401870,901290225,90.4,88.8,316,582713774,205120304,113456146,7368,0,3,8,3,96.4,100,19,On Track,454,435,901290224,36888355,-1.6
P1543,Highway Project 0543,Highway,West,Ahmedabad,Shakti Engineering,04-02-2024,21-04-2026,21-05-2026,1041596882,1134936479,82.7,84.4,555,726717438,282853145,125365897,6857,0,7,15,1,71.3,100,30,On Track,837,807,1134936480,93339597,1.7
P1544,Bridge Project 0544,Bridge,North,Jaipur,Prime Projects,15-10-2024,27-09-2026,18-01-2027,1107930023,1315515419,95.4,69.9,333,823423008,270377447,221714964,3630,1,4,10,6,79.8,84.7,113,Delayed,825,712,1315515419,207585396,-25.5
P1545,Power Transmission Project 0545,Power Transmission,Central,Nagpur,Apex Contractors,29-08-2025,19-04-2026,29-05-2026,1144522810,1297803928,88.8,83.4,452,662316667,278955043,356532218,6322,0,5,8,1,81.4,100,40,Delayed,273,233,1297803928,153281118,-5.4
P1546,Highway Project 0546,Highway,North,Jaipur,Vertex Infra,01-06-2025,07-11-2025,26-12-2025,1262969805,1500900457,87.5,84.4,478,893278355,360848393,246773709,2358,3,8,13,1,62.7,78.3,49,Delayed,208,159,1500900457,237930652,-3.1
P1547,Bridge Project 0547,Bridge,West,Pune,Prime Projects,15-04-2024,09-06-2025,20-07-2025,1016295008,1123750338,90.8,85.8,459,559838409,336313656,227598272,5990,1,4,9,3,86.8,86.5,41,Delayed,461,420,1123750337,107455330,-5
P1548,Water Infrastructure Project 0548,Water Infrastructure,Central,Indore,ABC Infra,23-05-2023,30-04-2024,25-07-2024,407748042,441624199,93.5,75.8,98,224628271,111558092,105437836,11813,0,3,11,3,77.1,95.7,86,Delayed,429,343,441624199,33876157,-17.7
P1549,Power Transmission Project 0549,Power Transmission,North,Jaipur,UrbanWorks,02-04-2023,12-06-2024,01-09-2024,1042071431,1189072214,89.2,79,295,707919975,291800505,189351733,6071,0,1,19,6,100,100,81,Delayed,518,437,1189072213,147000783,-10.2
P1550,Water Infrastructure Project 0550,Water Infrastructure,South,Bengaluru,BuildTech,20-12-2023,01-04-2025,08-06-2025,688067805,732774396,93.4,71.7,200,373508442,150850266,208415688,2170,2,1,11,2,99.6,87.3,68,Delayed,536,468,732774396,44706591,-21.7
P1551,Metro Project 0551,Metro,South,Bengaluru,Prime Projects,13-04-2025,03-12-2025,03-03-2026,1129979284,1300278783,89.9,67,523,645633734,328652102,325992947,3921,2,8,7,3,61.2,86.3,90,Delayed,324,234,1300278783,170299499,-22.9
P1552,Water Infrastructure Project 0552,Water Infrastructure,Central,Indore,BuildTech,10-03-2025,05-06-2027,18-08-2027,521231814,573911838,90.4,68.9,147,282815752,176527410,114568675,9637,3,5,15,2,81.3,78.4,74,Delayed,891,817,573911837,52680024,-21.5
P1553,Metro Project 0553,Metro,South,Hyderabad,MegaBuild,27-12-2024,14-03-2026,24-04-2026,2048902943,2257837831,86.8,76.6,838,1334669749,591235505,331932576,4291,0,3,18,3,83.3,98.7,41,Delayed,483,442,2257837830,208934888,-10.2
P1554,Water Infrastructure Project 0554,Water Infrastructure,South,Bengaluru,ABC Infra,16-08-2025,04-07-2027,19-09-2027,905215818,962726479,94.2,75.5,263,631486794,204801084,126438601,11865,0,5,9,3,86.6,100,77,Delayed,764,687,962726479,57510661,-18.7
P1555,Power Transmission Project 0555,Power Transmission,North,Jaipur,UrbanWorks,03-05-2025,09-10-2025,29-12-2025,1179185611,1376559760,92.7,74.8,594,776135248,420802422,179622089,8616,4,4,11,4,88.8,65.9,81,Delayed,240,159,1376559759,197374149,-17.9
P1556,Water Infrastructure Project 0556,Water Infrastructure,West,Mumbai,MegaBuild,20-02-2023,29-07-2023,03-09-2023,796214338,839446786,92.2,80.2,422,426351563,206486649,206608575,8803,3,3,9,2,85,77.2,36,Delayed,195,159,839446787,43232448,-12
P1557,Power Transmission Project 0557,Power Transmission,South,Bengaluru,MegaBuild,26-10-2024,13-03-2027,15-04-2027,1127801415,1172749775,94.3,90.6,441,640178670,261649728,270921377,1074,0,1,11,2,100,97.4,33,Delayed,901,868,1172749775,44948360,-3.7
P1558,Highway Project 0558,Highway,Central,Nagpur,Shakti Engineering,28-11-2024,10-01-2026,10-03-2026,1354728305,1510867524,85.8,75.7,455,852000376,363578516,295288632,11412,2,5,9,5,86.1,80.5,59,Delayed,467,408,1510867524,156139219,-10.1
P1559,Water Infrastructure Project 0559,Water Infrastructure,South,Hyderabad,MegaBuild,28-07-2024,13-08-2025,10-10-2025,662725955,711529486,90.3,83.9,196,430217659,154101657,127210171,10323,3,3,12,3,88.6,77.9,58,Delayed,439,381,711529487,48803531,-6.4
P1560,Power Transmission Project 0560,Power Transmission,North,Jaipur,ABC Infra,09-07-2023,08-06-2024,29-07-2024,1677780484,1837267053,94.4,83.4,396,1010419114,355056997,471790942,9185,1,4,8,1,77.4,93.8,51,Delayed,386,335,1837267053,159486569,-11
P1561,Highway Project 0561,Highway,North,Delhi,Prime Projects,05-05-2023,26-01-2024,14-03-2024,951934967,1058452781,89.9,83.7,293,536260400,310195120,211997261,5578,1,9,9,2,62.2,94.5,48,Delayed,314,266,1058452781,106517814,-6.2
P1562,Power Transmission Project 0562,Power Transmission,South,Chennai,ABC Infra,30-05-2023,27-08-2024,02-10-2024,1336208348,1407101518,90.6,84.5,582,699256129,330746362,377099027,1676,2,7,7,1,73,86.9,36,Delayed,491,455,1407101518,70893170,-6.1
P1563,Metro Project 0563,Metro,North,Delhi,Prime Projects,10-11-2023,23-08-2024,09-09-2024,2237436988,2406689932,90.5,92.1,886,1492740651,649258380,264690901,6239,2,5,10,2,79.2,86.6,17,Completed,304,287,2406689932,169252944,1.6
P1564,Water Infrastructure Project 0564,Water Infrastructure,West,Pune,MegaBuild,23-07-2024,19-02-2025,04-04-2025,555016680,606191005,91.9,86.1,295,303419242,177045124,125726639,9481,0,4,7,3,92.7,100,44,Delayed,255,211,606191005,51174325,-5.8
P1565,Power Transmission Project 0565,Power Transmission,South,Chennai,MegaBuild,08-12-2023,24-03-2025,01-04-2025,779617573,830938979,82.3,88.1,273,488068510,212208574,130661895,3146,0,1,15,1,98.9,100,8,On Track,480,472,830938979,51321406,5.8
P1566,Water Infrastructure Project 0566,Water Infrastructure,West,Pune,Apex Contractors,01-11-2023,21-09-2025,08-10-2025,359103441,369483086,90.5,85.5,161,196146436,101312052,72024598,7117,0,7,7,0,69.8,100,17,On Track,707,690,369483086,10379645,-5
P1567,Highway Project 0567,Highway,South,Chennai,UrbanWorks,22-11-2024,13-10-2026,14-12-2026,539921770,590163988,91.6,75,205,351160421,173401656,65601911,7730,2,2,8,3,90.8,94.1,62,Delayed,752,690,590163988,50242218,-16.6
P1568,Building Project 0568,Building,South,Chennai,Prime Projects,12-11-2024,21-01-2027,04-04-2027,982076999,1106436033,91.6,77.8,382,561755951,287873455,256806628,10244,1,7,14,2,68.9,92.4,73,Delayed,873,800,1106436034,124359034,-13.8
P1569,Building Project 0569,Building,West,Mumbai,MegaBuild,17-04-2025,12-08-2026,06-11-2026,526579562,567477578,96.4,76.1,162,291290277,129832174,146355127,11451,0,4,11,3,80.5,98.2,86,Delayed,568,482,567477578,40898016,-20.3
P1570,Power Transmission Project 0570,Power Transmission,West,Ahmedabad,Shakti Engineering,21-02-2025,29-12-2026,17-02-2027,860923167,886209372,87.7,78.4,318,473542936,255739170,156927266,10945,1,6,8,0,74.9,96.4,50,Delayed,726,676,886209372,25286205,-9.3
P1571,Bridge Project 0571,Bridge,Central,Nagpur,Apex Contractors,23-02-2023,01-06-2024,22-08-2024,1019729205,1169210193,96.6,73.6,382,687626712,242094939,239488542,11535,2,5,6,2,92.6,87.1,82,Delayed,546,464,1169210193,149480988,-23
P1572,Metro Project 0572,Metro,North,Delhi,BuildTech,19-03-2024,09-06-2026,14-07-2026,1623631904,1773896895,88.5,87.2,735,992751693,398917378,382227824,2016,0,6,13,0,74.3,97.7,35,Delayed,847,812,1773896895,150264991,-1.3
P1573,Water Infrastructure Project 0573,Water Infrastructure,South,Bengaluru,Apex Contractors,04-09-2024,20-06-2025,03-07-2025,608657039,657097363,84.6,85,322,393144654,156813387,107139322,10118,3,6,9,1,78.4,80.2,13,On Track,302,289,657097363,48440324,0.4
P1574,Bridge Project 0574,Bridge,North,Jaipur,UrbanWorks,19-09-2025,07-01-2027,13-03-2027,546571629,599160167,96,80,179,329271595,173132712,96755861,11580,3,2,13,2,93.9,79.5,65,Delayed,540,475,599160168,52588538,-16
P1575,Building Project 0575,Building,South,Hyderabad,ABC Infra,21-09-2023,27-07-2024,10-10-2024,1043718191,1146711907,94.2,81.1,244,662710310,326484075,157517522,7080,4,5,13,2,81.9,73,75,Delayed,385,310,1146711907,102993716,-13.1
P1576,Building Project 0576,Building,Central,Nagpur,UrbanWorks,22-02-2023,18-04-2025,01-06-2025,966380701,1004756876,90.5,84.2,370,586147635,251351509,167257732,3631,0,5,6,2,78.5,97.6,44,Delayed,830,786,1004756876,38376175,-6.3
P1577,Power Transmission Project 0577,Power Transmission,West,Pune,BuildTech,25-07-2024,17-01-2026,15-02-2026,1650185444,1803350882,87.7,89.4,659,1126082299,419757854,257510729,9381,0,7,5,0,79.3,100,29,On Track,570,541,1803350882,153165438,1.7
P1578,Building Project 0578,Building,West,Mumbai,Apex Contractors,11-09-2024,09-12-2026,27-01-2027,648343230,756965782,89.2,84.5,178,419956301,176346678,160662803,1678,2,3,13,3,96.6,87.3,49,Delayed,868,819,756965782,108622552,-4.7
P1579,Building Project 0579,Building,West,Pune,Prime Projects,05-01-2023,11-05-2023,16-08-2023,902588268,1049918383,91,74.3,425,656557365,276168862,117192157,4884,2,2,10,6,98.2,87.9,97,Delayed,223,126,1049918384,147330115,-16.7
P1580,Highway Project 0580,Highway,West,Ahmedabad,ABC Infra,13-04-2023,21-12-2023,14-03-2024,672850582,728655377,95.6,73.1,366,401248925,154948961,172457491,7681,0,5,12,1,75.4,100,84,Delayed,336,252,728655377,55804795,-22.5
P1581,Highway Project 0581,Highway,South,Hyderabad,ABC Infra,15-07-2023,27-11-2025,25-01-2026,531506858,578827057,84.7,78.8,282,301882078,144567882,132377097,4575,1,7,14,2,74.2,90.6,59,Delayed,925,866,578827057,47320199,-5.9
P1582,Highway Project 0582,Highway,West,Mumbai,Prime Projects,12-02-2025,20-12-2026,16-02-2027,543371715,537677254,89.2,78.5,154,311477730,140002372,86197152,5838,1,4,10,3,81.5,90.7,58,Delayed,734,676,537677254,-5694461,-10.7
P1583,Highway Project 0583,Highway,West,Pune,Vertex Infra,26-05-2025,23-10-2027,01-12-2027,1135498816,1334991535,88.9,77.1,577,780483573,374758386,179749575,10199,3,5,8,3,77.6,79,39,Delayed,919,880,1334991534,199492719,-11.8
P1584,Building Project 0584,Building,West,Ahmedabad,Vertex Infra,18-09-2025,15-02-2026,27-03-2026,683107357,721321690,88.1,82.5,309,409769363,187726161,123826166,7610,1,4,7,2,82,89.2,40,Delayed,190,150,721321690,38214333,-5.6
P1585,Water Infrastructure Project 0585,Water Infrastructure,North,Jaipur,UrbanWorks,02-06-2025,18-03-2027,19-05-2027,615899286,686568061,87.4,74.7,227,427698345,140405898,118463818,10856,1,6,8,1,73.4,93,62,Delayed,716,654,686568061,70668775,-12.7
P1586,Building Project 0586,Building,North,Jaipur,MegaBuild,16-12-2023,13-06-2025,26-07-2025,362836145,408573539,96.4,84.1,144,237969056,110557628,60046856,531,2,2,3,3,94.6,84.7,43,Delayed,588,545,408573540,45737394,-12.3
P1587,Power Transmission Project 0587,Power Transmission,West,Pune,Vertex Infra,16-02-2023,13-07-2024,03-07-2024,1116450810,1238841659,86.8,98.6,558,772896717,236935951,229008991,10304,0,5,12,1,76.7,100,-10,Completed,503,513,1238841659,122390849,11.8
P1588,Power Transmission Project 0588,Power Transmission,Central,Nagpur,UrbanWorks,16-05-2025,16-07-2027,07-09-2027,1473862475,1552778516,90.5,82.5,557,921177402,370970959,260630155,10104,2,3,10,4,86.1,81.2,53,Delayed,844,791,1552778516,78916041,-8
P1589,Power Transmission Project 0589,Power Transmission,South,Hyderabad,Vertex Infra,02-04-2025,28-07-2026,02-09-2026,1140659379,1266724856,85.3,82.3,391,606581745,303248190,356894920,5722,1,6,9,0,83.9,92.4,36,Delayed,518,482,1266724855,126065477,-3
P1590,Water Infrastructure Project 0590,Water Infrastructure,Central,Indore,BuildTech,24-07-2025,31-01-2027,22-03-2027,745492620,785900023,93.5,83.6,285,486349658,157978923,141571442,4726,1,4,9,1,83.7,91.5,50,Delayed,606,556,785900023,40407403,-9.9
P1591,Building Project 0591,Building,Central,Nagpur,Shakti Engineering,30-03-2025,28-05-2027,29-06-2027,524108560,560597877,88,82.6,215,362495747,111806366,86295764,11488,2,4,14,0,84.7,85.7,32,Delayed,821,789,560597877,36489317,-5.4
P1592,Bridge Project 0592,Bridge,North,Jaipur,MegaBuild,17-10-2024,18-08-2026,02-09-2026,1083342154,1186597186,81.2,80.8,305,594782827,246240603,345573755,547,1,7,12,2,69.7,92.7,15,On Track,685,670,1186597185,103255032,-0.4
P1593,Highway Project 0593,Highway,South,Hyderabad,UrbanWorks,26-09-2023,14-04-2024,14-05-2024,1137410646,1191618832,93.9,,588,572375104,279173092,340070636,4678,1,1,11,2,95.9,92,30,On Track,231,201,1191618832,54208186,-93.9
P1594,Bridge Project 0594,Bridge,West,Ahmedabad,Shakti Engineering,05-01-2024,24-04-2025,09-08-2025,586379557,646107584,87.8,67.9,259,375246879,143042753,127817951,10571,0,2,11,6,93.2,100,107,Delayed,582,475,646107583,59728027,-19.9
P1595,Power Transmission Project 0595,Power Transmission,West,Mumbai,Shakti Engineering,27-09-2024,09-10-2025,05-12-2025,891431776,967857613,95.2,84.4,382,463704709,192168729,311984176,4041,0,5,7,2,72.2,98.3,57,Delayed,434,377,967857614,76425837,-10.8
P1596,Power Transmission Project 0596,Power Transmission,South,Chennai,Apex Contractors,16-04-2023,31-07-2025,07-11-2025,1364916862,1447343503,94.4,69.3,345,796098115,320611926,330633462,362,1,2,10,4,89,95.8,99,Delayed,936,837,1447343503,82426641,-25.1
P1597,Metro Project 0597,Metro,West,Pune,Vertex Infra,31-10-2024,09-10-2026,31-12-2026,2633280395,2769091451,89.6,73.3,1104,1774486140,686565660,308039651,4523,3,5,13,3,79.8,79.9,83,Delayed,791,708,2769091451,135811056,-16.3
P1598,Bridge Project 0598,Bridge,North,Delhi,Apex Contractors,20-10-2024,25-07-2026,17-08-2026,755392920,825906473,91.6,88,196,416908382,227445857,181552234,1851,0,4,12,0,89.6,100,23,On Track,666,643,825906473,70513553,-3.6
P1599,Power Transmission Project 0599,Power Transmission,South,Hyderabad,Prime Projects,18-10-2024,06-12-2025,12-01-2026,917543519,1006137335,90.4,77.6,225,507884889,236801762,261450684,6606,2,0,10,3,99.4,82.7,37,Delayed,451,414,1006137335,88593816,-12.8
P1600,Highway Project 0600,Highway,South,Bengaluru,BuildTech,30-04-2023,07-04-2024,04-04-2024,1428527129,1432489308,84.4,94.1,562,829886103,363421615,239181591,3305,2,3,11,1,92.3,89.2,-3,Completed,340,343,1432489309,3962179,9.7
P1601,Bridge Project 0601,Bridge,West,Ahmedabad,BuildTech,10-04-2025,14-01-2027,19-03-2027,964646341,1051034321,95.7,82.2,340,499333793,268560692,283139837,3622,3,3,11,0,96.3,80.2,64,Delayed,708,644,1051034322,86387980,-13.5
P1602,Power Transmission Project 0602,Power Transmission,Central,Indore,BuildTech,25-02-2025,09-08-2025,20-09-2025,1147183440,1229810236,89,79.6,475,744292157,350513735,135004343,8297,2,1,11,2,98,88.6,42,Delayed,207,165,1229810235,82626796,-9.4
P1603,Bridge Project 0603,Bridge,South,Chennai,MegaBuild,26-08-2024,21-10-2026,08-12-2026,815017661,836869935,90.1,80.1,203,412598474,171615319,252656142,8786,1,3,8,2,89.7,96,48,Delayed,834,786,836869935,21852274,-10
P1604,Highway Project 0604,Highway,South,Bengaluru,ABC Infra,27-02-2023,17-10-2023,14-01-2024,735948009,814753823,90.2,71.9,266,460687762,198526387,155539675,1182,0,5,13,6,74.9,100,89,Delayed,321,232,814753824,78805814,-18.3
P1605,Building Project 0605,Building,Central,Indore,MegaBuild,08-08-2025,26-07-2026,07-10-2026,805663880,884434132,89.1,77.5,223,443454041,224892254,216087837,693,1,6,10,1,71.1,98,73,Delayed,425,352,884434132,78770252,-11.6
P1606,Power Transmission Project 0606,Power Transmission,North,Delhi,UrbanWorks,12-12-2023,26-04-2024,22-06-2024,1039078438,1071805457,92.6,82,567,629173862,265804179,176827417,3039,2,2,9,1,88.7,88.3,57,Delayed,193,136,1071805458,32727019,-10.6
P1607,Building Project 0607,Building,North,Jaipur,Shakti Engineering,10-01-2025,04-05-2026,04-07-2026,1069386301,1129704406,89.6,76.2,433,635340408,265820943,228543055,11959,0,3,12,4,88.4,99.2,61,Delayed,540,479,1129704406,60318105,-13.4
P1608,Metro Project 0608,Metro,Central,Nagpur,Shakti Engineering,18-04-2024,26-03-2025,09-06-2025,1940763360,2152952715,87.9,75.9,867,1310496012,613120618,229336085,4467,4,4,15,4,84.4,75.6,75,Delayed,417,342,2152952715,212189355,-12
P1609,Bridge Project 0609,Bridge,West,Pune,Apex Contractors,27-04-2023,24-07-2025,15-09-2025,813355625,851108377,88.3,74.2,266,485463608,261064868,104579901,4713,2,0,14,1,81.2,85.5,53,Delayed,872,819,851108377,37752752,-14.1
P1610,Bridge Project 0610,Bridge,West,Mumbai,ABC Infra,09-04-2025,28-10-2026,20-12-2026,879327725,913893757,96.7,82.8,220,574287702,237051133,102554922,4990,2,4,13,1,80.8,83.9,53,Delayed,620,567,913893757,34566032,-13.9
P1611,Building Project 0611,Building,Central,Indore,UrbanWorks,01-03-2025,28-06-2026,05-09-2026,1012980542,1063757898,90.2,72.7,549,624580737,260936457,178240704,4774,3,5,13,1,78.2,79.6,69,Delayed,553,484,1063757898,50777356,-17.5
P1612,Water Infrastructure Project 0612,Water Infrastructure,South,Chennai,ABC Infra,07-05-2023,09-07-2025,14-08-2025,786994950,844696127,96.5,86,247,524606119,227454810,92635198,4531,1,0,10,1,97.5,97.8,36,Delayed,830,794,844696127,57701177,-10.5
P1613,Highway Project 0613,Highway,South,Hyderabad,Shakti Engineering,28-01-2024,17-04-2025,15-05-2025,993930923,1052595009,86.2,78.3,357,574255394,272297574,206042042,3077,3,3,11,2,88.3,86,28,On Track,473,445,1052595010,58664086,-7.9
P1614,Power Transmission Project 0614,Power Transmission,North,Jaipur,Vertex Infra,26-06-2025,02-02-2027,12-04-2027,1474626112,1672793098,87.4,76.9,640,963265773,511170352,198356974,1701,0,5,7,3,81.4,96.8,69,Delayed,655,586,1672793099,198166986,-10.5
P1615,Highway Project 0615,Highway,South,Hyderabad,MegaBuild,02-10-2024,19-03-2026,28-06-2026,1135116096,1394677174,88.1,65.3,258,737152751,364590164,292934260,8386,5,6,8,4,87.1,58.8,101,Delayed,634,533,1394677175,259561078,-22.8
P1616,Bridge Project 0616,Bridge,South,Chennai,BuildTech,27-02-2023,23-09-2024,06-12-2024,818702815,896387047,89.7,78.6,399,451551952,185443746,259391349,1205,1,8,8,2,69.7,87.4,74,Delayed,648,574,896387047,77684232,-11.1
P1617,Highway Project 0617,Highway,South,Hyderabad,Shakti Engineering,25-09-2024,31-08-2026,22-09-2026,723469983,828650004,87.1,83,287,465771586,191256822,171621596,829,2,3,9,0,91.6,84.8,22,On Track,727,705,828650004,105180021,-4.1
P1618,Bridge Project 0618,Bridge,Central,Indore,Prime Projects,27-05-2024,14-05-2025,04-05-2025,795247417,857669047,89.5,97.9,247,527141927,234170964,96356156,8311,0,4,11,0,83.5,98.8,-10,Completed,342,352,857669047,62421630,8.4
P1619,Building Project 0619,Building,West,Ahmedabad,BuildTech,20-01-2025,29-12-2025,29-01-2026,533260290,570048677,90.8,89,128,326186635,162927103,80934939,7378,0,3,10,1,91.4,100,31,Delayed,374,343,570048677,36788387,-1.8
P1620,Building Project 0620,Building,South,Hyderabad,Shakti Engineering,12-03-2025,25-08-2026,03-10-2026,1011612137,1095086907,94,88.9,276,556241772,300851498,237993637,4918,1,4,10,2,83.3,93.9,39,Delayed,570,531,1095086907,83474770,-5.1
P1621,Highway Project 0621,Highway,Central,Nagpur,MegaBuild,06-04-2023,25-02-2025,04-03-2025,873000120,861811418,84.6,86.6,449,463448725,268439737,129922956,4021,0,4,8,1,93.3,100,7,On Track,698,691,861811418,-11188702,2
P1622,Building Project 0622,Building,North,Delhi,ABC Infra,29-09-2024,27-12-2025,24-02-2026,1038368770,1110105588,93.7,84.9,463,556638745,266027333,287439509,8878,1,5,7,2,84.8,96.4,59,Delayed,513,454,1110105587,71736818,-8.8
P1623,Highway Project 0623,Highway,West,Mumbai,Vertex Infra,28-04-2023,03-04-2024,29-04-2024,1079542778,1131264513,93,85.9,326,718720060,229304481,183239972,2921,2,3,3,3,91.6,93.5,26,On Track,367,341,1131264513,51721735,-7.1
P1624,Water Infrastructure Project 0624,Water Infrastructure,Central,Indore,Vertex Infra,13-07-2024,16-12-2024,28-12-2024,684584349,748805011,86.1,90.3,165,406751160,197732347,144321504,7026,0,2,11,1,97.2,97.2,12,Completed,168,156,748805011,64220662,4.2
P1625,Power Transmission Project 0625,Power Transmission,South,Bengaluru,Unknown,23-08-2024,24-09-2025,20-11-2025,1261957938,1461380664,86.8,77.9,565,788239597,296532163,376608904,872,1,5,10,2,64.4,90.8,57,Delayed,454,397,1461380664,199422726,-8.9
P1626,Metro Project 0626,Metro,South,Chennai,MegaBuild,02-05-2024,13-03-2025,23-04-2025,1246173622,1393449532,91.4,87.1,509,744412540,408704031,240332961,943,2,6,7,3,86.1,87.5,41,Delayed,356,315,1393449532,147275910,-4.3
P1627,Building Project 0627,Building,North,Jaipur,Vertex Infra,25-08-2023,19-04-2025,09-04-2025,626212172,661013884,87.5,93.7,221,330747954,185428387,144837543,4371,1,1,5,0,92.6,88,-10,Completed,593,603,661013884,34801712,6.2
P1628,Bridge Project 0628,Bridge,Central,Indore,Vertex Infra,03-06-2025,30-05-2026,30-08-2026,494295543,570170341,95.5,75.9,168,297390698,176719348,96060295,8371,4,6,10,2,71,63.1,92,Delayed,453,361,570170341,75874798,-19.6
P1629,Highway Project 0629,Highway,West,Ahmedabad,UrbanWorks,15-06-2025,01-09-2026,21-11-2026,1173486976,1303908349,90,73.2,342,717405612,297199961,289302776,7313,3,6,8,2,78.2,85,81,Delayed,524,443,1303908349,130421373,-16.8
P1630,Bridge Project 0630,Bridge,North,Jaipur,Prime Projects,29-09-2023,26-01-2026,26-02-2026,781171211,898988735,85.2,83.1,344,563046603,176350143,159591988,9784,3,5,9,2,78.3,76.7,31,Delayed,881,850,898988734,117817524,-2.1
P1631,Power Transmission Project 0631,Power Transmission,Central,Nagpur,BuildTech,08-07-2023,14-05-2024,13-06-2024,1546361816,1786816676,85.5,80.1,835,1134489717,449822056,202504903,5905,0,3,8,1,84.9,100,30,On Track,341,311,1786816676,240454860,-5.4
P1632,Building Project 0632,Building,South,Chennai,ABC Infra,25-09-2025,08-02-2026,29-01-2026,515136394,585539950,84,96.5,143,383743449,125119987,76676514,10977,1,3,8,2,87.3,86.6,-10,Completed,126,136,585539950,70403556,12.5
P1633,Highway Project 0633,Highway,North,Jaipur,Vertex Infra,04-12-2024,08-09-2026,19-10-2026,694471531,743287981,89.6,80.2,289,466973676,194555505,81758800,5982,1,4,9,3,92.8,95.1,41,Delayed,684,643,743287981,48816450,-9.4
P1634,Power Transmission Project 0634,Power Transmission,South,Hyderabad,UrbanWorks,22-03-2024,24-08-2025,21-10-2025,1096661999,1258615490,89.8,76.4,394,639055083,319082391,300478015,854,3,3,7,4,86,74.8,58,Delayed,578,520,1258615489,161953491,-13.4
P1635,Building Project 0635,Building,Central,Indore,MegaBuild,03-08-2024,05-11-2026,22-12-2026,1020008549,1121181141,92.1,81.1,374,555624311,319582235,245974595,10650,3,3,8,5,83.1,76.2,47,Delayed,871,824,1121181141,101172592,-11
P1636,Power Transmission Project 0636,Power Transmission,North,Delhi,Vertex Infra,28-02-2025,19-07-2025,11-08-2025,1464610396,1568982659,95.1,88.3,445,799180587,364193553,405608520,3693,2,1,12,2,85.7,81.4,23,On Track,164,141,1568982660,104372263,-6.8
P1637,Building Project 0637,Building,South,Chennai,Apex Contractors,10-05-2025,24-12-2026,13-03-2027,657030392,792213695,90,71.7,323,455652598,223285985,113275112,11066,6,6,10,3,82.9,60.9,79,Delayed,672,593,792213695,135183303,-18.3
P1638,Building Project 0638,Building,West,Pune,Prime Projects,04-09-2023,30-04-2024,03-06-2024,727349601,746855265,95.1,83.8,276,421859030,194843953,130152282,10716,1,5,9,0,80.9,94.5,34,Delayed,273,239,746855265,19505664,-11.3
P1639,Highway Project 0639,Highway,Central,Nagpur,ABC Infra,20-08-2025,15-07-2026,12-08-2026,610502597,653937685,87.1,85,243,376242470,191741144,85954071,10480,0,6,10,2,76.1,97.9,28,On Track,357,329,653937685,43435088,-2.1
P1640,Highway Project 0640,Highway,West,Mumbai,MegaBuild,17-03-2023,15-05-2024,23-06-2024,1551381812,1777412408,84.1,81.1,497,955169138,374308540,447934730,9435,0,4,10,4,84.5,95.5,39,Delayed,464,425,1777412408,226030596,-3
P1641,Power Transmission Project 0641,Power Transmission,South,Chennai,MegaBuild,03-06-2023,26-06-2024,23-07-2024,1411352839,1469104254,93.2,85.7,395,778065860,282298944,408739450,4868,0,6,9,1,84.4,99.1,27,On Track,416,389,1469104254,57751415,-7.5
P1642,Metro Project 0642,Metro,West,Ahmedabad,BuildTech,17-10-2024,18-01-2027,22-04-2027,1555100056,1577500869,92.9,72,386,925189320,465255532,187056017,9485,2,5,17,1,74.5,93.6,94,Delayed,917,823,1577500869,22400813,-20.9
P1643,Power Transmission Project 0643,Power Transmission,Central,Indore,Vertex Infra,10-03-2024,25-05-2026,09-08-2026,1313828157,1358545865,91,,598,645910360,304324492,408311012,3759,4,3,14,1,83,67.3,76,Delayed,882,806,1358545864,44717708,-91
P1644,Building Project 0644,Building,South,Hyderabad,BuildTech,23-09-2025,01-11-2026,29-11-2026,435779892,457416634,92.7,81.7,124,290554945,113004979,53856710,1421,1,4,10,1,82.1,87.8,28,On Track,432,404,457416634,21636742,-11
P1645,Highway Project 0645,Highway,West,Mumbai,ABC Infra,27-03-2023,09-07-2025,24-09-2025,1531799319,1698832703,80.8,70.1,685,1036690497,479515953,182626252,5830,0,2,7,6,94.1,100,77,Delayed,912,835,1698832702,167033384,-10.7
P1646,Highway Project 0646,Highway,West,Mumbai,Apex Contractors,27-11-2024,31-01-2027,13-03-2027,705150312,742495560,88.1,79.8,245,403747591,179324812,159423156,11938,2,1,7,1,97.1,82.6,41,Delayed,836,795,742495559,37345248,-8.3
P1647,Metro Project 0647,Metro,Central,Nagpur,Vertex Infra,12-10-2023,12-03-2026,11-06-2026,2273100030,2424999471,94.5,73.4,811,1461750623,542529120,420719729,5409,0,5,16,2,81.4,98,91,Delayed,973,882,2424999472,151899441,-21.1
P1648,Power Transmission Project 0648,Power Transmission,North,Jaipur,Shakti Engineering,31-08-2025,12-08-2026,12-10-2026,901999900,958985309,89,77.8,338,554721737,192202510,212061062,355,0,3,7,1,95,100,61,Delayed,407,346,958985309,56985409,-11.2
P1649,Bridge Project 0649,Bridge,West,Ahmedabad,Vertex Infra,08-08-2023,20-12-2024,22-02-2025,1004488141,1082662533,92.6,80,342,560833946,262545280,259283307,10248,1,7,9,2,68.5,89.4,64,Delayed,564,500,1082662533,78174392,-12.6
P1650,Bridge Project 0650,Bridge,North,Jaipur,Apex Contractors,10-03-2023,09-10-2024,31-12-2024,1053377628,1155709773,100,81.4,266,567061864,309947893,278700016,9149,1,8,10,4,67.9,93.2,83,Delayed,662,579,1155709773,102332145,-18.6
P1651,Metro Project 0651,Metro,South,Hyderabad,Shakti Engineering,16-02-2023,22-06-2023,20-07-2023,2323371063,2555462501,94.1,87.8,748,1276002172,547013263,732447066,8751,1,7,14,1,68.6,98.4,28,On Track,154,126,2555462501,232091438,-6.3
P1652,Highway Project 0652,Highway,West,Mumbai,MegaBuild,04-04-2023,30-08-2023,01-11-2023,1164651936,1272271085,88.6,75.3,511,721664820,337631004,212975261,5036,1,6,16,1,74.7,89.4,63,Delayed,211,148,1272271085,107619149,-13.3
P1653,Bridge Project 0653,Bridge,West,Ahmedabad,BuildTech,19-01-2025,20-06-2025,27-06-2025,1148787003,1291278935,82.9,85.9,505,623045737,318255409,349977790,2909,3,0,13,2,100,70.5,7,On Track,159,152,1291278936,142491932,3
P1654,Highway Project 0654,Highway,West,Ahmedabad,Prime Projects,15-08-2025,19-09-2027,29-11-2027,604664913,694072258,92.9,67.9,190,422570479,195196666,76305113,4209,1,3,7,1,92.6,100,71,Delayed,836,765,694072258,89407345,-25
P1655,Power Transmission Project 0655,Power Transmission,South,Bengaluru,Vertex Infra,28-03-2024,12-10-2024,03-11-2024,1005406867,1029380563,81.9,83.3,373,647400733,209524958,172454872,703,1,2,9,5,85.4,91.8,22,On Track,220,198,1029380563,23973696,1.4
P1656,Bridge Project 0656,Bridge,Central,Indore,Prime Projects,23-07-2023,20-02-2025,29-03-2025,617337171,684731617,86.8,85.7,175,327971174,185954111,170806332,1094,2,6,8,1,73.2,84.9,37,Delayed,615,578,684731617,67394446,-1.1
P1657,Bridge Project 0657,Bridge,West,Mumbai,Vertex Infra,30-06-2025,20-05-2027,05-07-2027,1227611519,1323807678,87,78.6,355,702848641,402698605,218260433,1861,1,6,10,0,77.9,97.6,46,Delayed,735,689,1323807679,96196159,-8.4
P1658,Bridge Project 0658,Bridge,West,Mumbai,MegaBuild,06-08-2023,24-05-2025,19-08-2025,733746568,875234256,89.5,69.7,167,524001991,242244658,108987607,9675,1,7,9,6,69.2,88.9,87,Delayed,744,657,875234256,141487688,-19.8
P1659,Bridge Project 0659,Bridge,West,Ahmedabad,BuildTech,18-04-2024,10-12-2025,20-03-2026,1016905477,1115858778,91.1,69.4,524,675614659,259175317,181068801,11133,1,2,7,6,96.4,97.4,100,Delayed,701,601,1115858777,98953301,-21.7
P1660,Power Transmission Project 0660,Power Transmission,North,Jaipur,ABC Infra,07-03-2024,07-09-2025,20-10-2025,1433517448,1529591428,86.5,82,415,791293681,321348133,416949614,7723,0,7,12,1,66.6,99.7,43,Delayed,592,549,1529591428,96073980,-4.5
P1661,Building Project 0661,Building,West,Mumbai,ABC Infra,07-12-2023,12-04-2026,12-06-2026,509138085,514761418,94.2,80.2,150,288988752,103437200,122335466,11156,2,1,4,1,100,89,61,Delayed,918,857,514761418,5623333,-14
P1662,Highway Project 0662,Highway,West,Ahmedabad,ABC Infra,04-07-2024,12-08-2025,09-10-2025,772252576,860061914,95.7,84.5,241,539559554,224611603,95890757,7095,0,3,9,2,87,100,58,Delayed,462,404,860061914,87809338,-11.2
P1663,Building Project 0663,Building,West,Mumbai,Vertex Infra,03-09-2024,31-05-2026,17-08-2026,558618463,622379218,89,75.7,146,345035913,132055242,145288063,5792,2,3,9,4,88.7,84.5,78,Delayed,713,635,622379218,63760755,-13.3
P1664,Highway Project 0664,Highway,West,Ahmedabad,Vertex Infra,16-10-2023,21-05-2024,15-07-2024,952128006,1066625449,94.3,84.3,410,539827852,316420614,210376982,10449,1,2,9,2,91.9,95.8,55,Delayed,273,218,1066625448,114497443,-10
P1665,Highway Project 0665,highway,South,Bengaluru,Prime Projects,11-09-2023,08-02-2025,26-03-2025,767369694,801569931,87.2,74.6,187,491142437,225628323,84799172,10585,2,2,11,0,88.7,80.9,46,Delayed,562,516,801569932,34200237,-12.6
P1666,Power Transmission Project 0666,Power Transmission,Central,Indore,BuildTech,03-01-2025,03-09-2026,10-11-2026,628778294,660359888,85.9,71.5,166,339973253,139050107,181336528,10244,0,1,12,3,91,99.9,68,Delayed,676,608,660359888,31581594,-14.4
P1667,Water Infrastructure Project 0667,Water Infrastructure,West,Ahmedabad,Apex Contractors,23-12-2023,29-05-2024,22-06-2024,834532799,919979469,94.3,89.6,361,449510511,218138504,252330454,5299,2,3,6,1,90.1,82.6,24,On Track,182,158,919979469,85446670,-4.7
P1668,Power Transmission Project 0668,Power Transmission,West,Mumbai,Vertex Infra,23-01-2023,17-02-2024,11-05-2024,1773387896,1929369132,91.1,71.5,588,1052387900,571424152,305557079,6498,3,7,10,1,82,75.8,84,Delayed,474,390,1929369131,155981236,-19.6
P1669,Bridge Project 0669,Bridge,South,Hyderabad,BuildTech,31-01-2025,03-11-2025,02-02-2026,694295569,804792887,91.6,76.8,314,386342848,190844559,227605480,5497,2,7,18,4,80.6,81.2,91,Delayed,367,276,804792887,110497318,-14.8
P1670,Building Project 0670,BUILDING,Central,Indore,Prime Projects,05-06-2024,16-12-2024,14-03-2025,599532419,661185511,97.4,75.8,242,423532177,164199617,73453717,3862,0,2,13,3,93.9,100,88,Delayed,282,194,661185511,61653092,-21.6
P1671,Highway Project 0671,Highway,South,Bengaluru,Vertex Infra,27-01-2025,03-10-2025,03-12-2025,529910944,562275744,92.7,77.3,161,302067119,153726882,106481744,1994,1,0,11,1,99.8,93.5,61,Delayed,310,249,562275745,32364800,-15.4
P1672,Metro Project 0672,Metro,West,Ahmedabad,ABC Infra,16-04-2025,01-07-2027,27-08-2027,2336896363,2493932019,99.6,87.1,1016,1562104817,540534770,391292433,1155,0,3,5,4,86.1,100,57,Delayed,863,806,2493932020,157035656,-12.5
P1673,Power Transmission Project 0673,Power Transmission,South,Hyderabad,ABC Infra,10-04-2023,30-10-2023,02-12-2023,1603782274,1784865122,90.4,85.7,414,878027374,524780861,382056887,9787,2,6,7,2,75,85.4,33,Delayed,236,203,1784865122,181082848,-4.7
P1674,Metro Project 0674,Metro,West,Ahmedabad,MegaBuild,12-03-2025,31-07-2025,25-10-2025,1280284435,1398003063,96,77,508,711157430,398972731,287872902,5055,3,9,11,2,59.5,82.2,86,Delayed,227,141,1398003063,117718628,-19
P1675,Power Transmission Project 0675,Power Transmission,North,Jaipur,Shakti Engineering,29-06-2023,27-01-2025,23-03-2025,798196283,869482774,89.8,76.4,290,526688676,187132810,155661288,3921,1,2,8,3,83,88.5,55,Delayed,633,578,869482774,71286491,-13.4
P1676,Water Infrastructure Project 0676,Water Infrastructure,West,Mumbai,UrbanWorks,11-08-2023,30-05-2025,28-06-2025,780500366,875184544,85.4,83.3,240,554327416,177532085,143325043,4506,1,2,10,0,91.5,96.7,29,On Track,687,658,875184544,94684178,-2.1
P1677,Highway Project 0677,Highway,South,Chennai,Apex Contractors,24-06-2025,28-09-2027,21-11-2027,1166523832,1320741987,93.3,83.6,489,637761109,383384050,299596828,1338,1,4,7,2,82.2,94.7,54,Delayed,880,826,1320741987,154218155,-9.7
P1678,Building Project 0678,Building,Central,Nagpur,Shakti Engineering,31-01-2025,16-06-2026,26-08-2026,389575299,419287451,89.9,74.8,197,246056404,114111115,59119932,4896,4,4,12,1,87.8,69.8,71,Delayed,572,501,419287451,29712152,-15.1
P1679,Water Infrastructure Project 0679,Water Infrastructure,North,Delhi,Vertex Infra,20-10-2024,06-03-2027,29-04-2027,679140929,729604727,98.3,86.5,373,370826494,148690317,210087917,4813,1,2,8,1,91.7,91,54,Delayed,921,867,729604728,50463798,-11.8
P1680,Metro Project 0680,Metro,North,Jaipur,BuildTech,17-03-2024,27-09-2025,20-11-2025,1601657091,1686450884,92.3,80.8,673,1064861704,356664363,264924817,4670,1,6,13,0,75,97.6,54,Delayed,613,559,1686450884,84793793,-11.5
P1681,Power Transmission Project 0681,Power Transmission,South,Hyderabad,Vertex Infra,30-08-2024,23-08-2026,21-09-2026,1051157438,1119345686,93.8,83.6,371,694544660,214671830,210129196,7961,0,4,7,0,83.2,100,29,On Track,752,723,1119345686,68188248,-10.2
P1682,Building Project 0682,Building,North,Jaipur,BuildTech,07-02-2025,27-06-2025,28-08-2025,907857964,972800566,83.7,76.7,267,567641716,291567357,113591492,5616,1,2,9,5,95.8,94.2,62,Delayed,202,140,972800565,64942602,-7
P1683,Highway Project 0683,Highway,West,Pune,BuildTech,21-11-2023,16-01-2025,04-05-2025,1369927276,1461671578,92.9,71.6,417,905317467,375329529,181024583,3747,1,6,9,2,75.2,93.7,108,Delayed,530,422,1461671579,91744302,-21.3
P1684,Building Project 0684,Building,West,Ahmedabad,Shakti Engineering,30-05-2024,19-12-2024,22-01-2025,643754988,752840046,89.7,87.3,243,368745911,185903351,198190784,6150,2,3,5,3,87.5,85.2,34,Delayed,237,203,752840046,109085058,-2.4
P1685,Power Transmission Project 0685,Power Transmission,West,Ahmedabad,UrbanWorks,16-01-2023,27-06-2025,09-08-2025,1751055053,1906911150,86.9,77.5,597,904879671,556704164,445327315,7530,0,3,9,3,86.4,97,43,Delayed,936,893,1906911150,155856097,-9.4
P1686,Highway Project 0686,Highway,North,Delhi,MegaBuild,02-03-2025,19-04-2027,10-07-2027,947253540,1033387728,95.6,81.2,494,533465301,262084437,237837990,3732,1,3,18,4,90,93.6,82,Delayed,860,778,1033387728,86134188,-14.4
P1687,Power Transmission Project 0687,Power Transmission,North,Delhi,Shakti Engineering,02-12-2023,26-06-2025,26-07-2025,1538921603,1562615874,84.8,81.1,525,809559204,387096863,365959807,7416,1,5,10,3,79.9,92.6,30,On Track,602,572,1562615874,23694271,-3.7
P1688,Metro Project 0688,Metro,West,Pune,UrbanWorks,28-01-2025,18-06-2026,31-07-2026,1948076984,2118542672,91.4,83.1,668,1260846940,624885441,232810291,5529,0,2,11,3,81.1,100,43,Delayed,549,506,2118542672,170465688,-8.3
P1689,Power Transmission Project 0689,Power Transmission,West,Mumbai,ABC Infra,15-09-2023,02-06-2025,11-06-2025,1691014115,1979221374,87.5,83.2,586,1087789732,402406249,489025392,2541,1,6,10,1,75.7,87,9,On Track,635,626,1979221373,288207259,-4.3
P1690,Water Infrastructure Project 0690,Water Infrastructure,Central,Nagpur,ABC Infra,11-05-2024,22-05-2025,27-07-2025,851695552,921607325,91.1,83.4,422,458597545,284768496,178241283,8118,2,3,18,3,82.6,84.4,66,Delayed,442,376,921607324,69911773,-7.7
P1691,Metro Project 0691,Metro,South,Chennai,BuildTech,14-09-2025,04-08-2027,10-09-2027,1163085280,1236970600,88.9,83.5,505,760742482,255075707,221152411,7298,2,3,13,1,80.9,87.1,37,Delayed,726,689,1236970600,73885320,-5.4
P1692,Metro Project 0692,metro,South,Chennai,Prime Projects,14-06-2025,22-03-2027,25-04-2027,2844256796,3014950689,89.3,83.2,1202,1947659033,730915533,336376123,5194,2,1,12,0,100,81.1,34,Delayed,680,646,3014950689,170693893,-6.1
P1693,Power Transmission Project 0693,Power Transmission,South,Bengaluru,Vertex Infra,09-06-2023,16-03-2024,27-04-2024,1603897158,1679404284,90.2,84.1,529,953606236,394290691,331507358,10455,1,4,8,1,85,91.5,42,Delayed,323,281,1679404285,75507126,-6.1
P1694,Bridge Project 0694,Bridge,South,Bengaluru,Vertex Infra,19-04-2024,26-01-2025,07-04-2025,1065331339,1266721615,86.2,70.9,521,730183174,386334434,150204006,6744,3,7,9,1,72.8,78.1,71,Delayed,353,282,1266721614,201390276,-15.3
P1695,Water Infrastructure Project 0695,Water Infrastructure,West,Mumbai,BuildTech,01-05-2025,03-02-2027,18-04-2027,424051361,479355817,94.1,79.4,98,228894949,115648447,134812421,3315,3,4,14,1,73.9,79,74,Delayed,717,643,479355817,55304456,-14.7
P1696,Highway Project 0696,Highway,South,Bengaluru,Prime Projects,25-10-2024,19-11-2025,22-01-2026,1363849573,1503701766,92.7,82.2,691,808200270,289339413,406162083,7115,1,1,14,2,86.6,88.9,64,Delayed,454,390,1503701766,139852193,-10.5
P1697,Power Transmission Project 0697,Power Transmission,South,Bengaluru,Apex Contractors,26-06-2025,27-02-2027,03-04-2027,1633660609,1886343799,86,81.5,635,984206667,394449595,507687538,5164,0,1,17,2,100,93.5,35,Delayed,646,611,1886343800,252683190,-4.5
P1698,Water Infrastructure Project 0698,Water Infrastructure,West,Pune,UrbanWorks,20-11-2024,13-10-2025,05-12-2025,477435952,553072584,95.6,80.8,167,357990227,132771891,62310466,9976,1,0,14,3,97,89,53,Delayed,380,327,553072584,75636632,-14.8
P1699,Power Transmission Project 0699,Power Transmission,West,Pune,Apex Contractors,05-11-2024,25-08-2026,27-09-2026,1757234695,1872057719,93,83.6,674,1093019563,494121015,284917140,4534,0,4,4,1,77.9,99.9,33,Delayed,691,658,1872057718,114823024,-9.4
P1700,Highway Project 0700,Highway,South,Bengaluru,Apex Contractors,15-01-2024,18-12-2025,03-02-2026,574603853,619213020,90.4,83.5,252,367248467,152376679,99587874,5256,1,8,6,1,70.6,87.6,47,Delayed,750,703,619213020,44609167,-6.9
P1701,Building Project 0701,Building,North,Jaipur,ABC Infra,28-06-2024,24-12-2024,24-12-2024,464685116,494579604,84.3,88.1,104,244733105,141657273,108189226,2639,0,3,13,2,84.8,100,0,On Track,179,179,494579604,29894488,3.8
P1702,Building Project 0702,Building,Central,Indore,Unknown,17-07-2025,17-01-2027,21-02-2027,741870514,786470636,87.4,81.5,376,447635631,232545236,106289769,8826,2,4,11,1,85.1,89.5,35,Delayed,584,549,786470636,44600122,-5.9
P1703,Metro Project 0703,Metro,Central,Indore,Vertex Infra,14-08-2025,29-09-2027,22-11-2027,2130069093,2301195855,82.5,79.8,782,1212387785,616219918,472588153,7142,1,3,7,3,93.4,89.8,54,Delayed,830,776,2301195856,171126762,-2.7
P1704,Bridge Project 0704,Bridge,West,Mumbai,Shakti Engineering,21-11-2024,15-11-2026,24-01-2027,944748819,1021211820,90.7,78.6,314,637011919,259464891,124735010,2158,2,4,8,3,77.5,80.2,70,Delayed,794,724,1021211820,76463001,-12.1
P1705,Highway Project 0705,Highway,South,Chennai,Prime Projects,02-03-2024,04-05-2025,18-05-2025,540232740,559440388,93.4,87.2,143,279783662,124546265,155110461,1507,2,2,7,2,95.6,86,14,On Track,442,428,559440388,19207648,-6.2
P1706,Water Infrastructure Project 0706,Water Infrastructure,North,Delhi,UrbanWorks,04-09-2024,05-06-2026,21-08-2026,883521899,886344780,87.1,78.9,322,481171080,260884707,144288993,1224,0,4,10,4,84.6,93.4,77,Delayed,716,639,886344780,2822881,-8.2
P1707,Building Project 0707,Building,West,Mumbai,ABC Infra,25-09-2023,04-09-2025,04-11-2025,389380486,433040357,90,79.8,149,204789253,84902847,143348257,3245,1,3,11,1,93.7,98.8,61,Delayed,771,710,433040357,43659871,-10.2
P1708,Highway Project 0708,Highway,South,Bengaluru,Apex Contractors,14-04-2025,07-09-2025,01-12-2025,671999741,666663451,94,76.3,237,398951520,160428404,107283527,5681,2,7,15,1,77.6,86.4,85,Delayed,231,146,666663451,-5336290,-17.7
P1709,Water Infrastructure Project 0709,Water Infrastructure,West,Pune,Shakti Engineering,30-07-2024,13-10-2026,26-10-2026,310978783,334580756,87.5,88.6,138,192504013,91422874,50653869,5729,0,3,9,1,87.7,100,13,On Track,818,805,334580756,23601973,1.1
P1710,Bridge Project 0710,Bridge,West,Ahmedabad,Prime Projects,21-02-2024,02-01-2026,13-03-2026,880158207,1022085933,92.2,75.9,315,590935247,312886690,118263996,4739,1,5,10,5,84.8,96.5,70,Delayed,751,681,1022085933,141927726,-16.3
P1711,Highway Project 0711,Highway,North,Jaipur,BuildTech,17-06-2023,30-04-2024,25-07-2024,1496718894,1627086313,98.4,73.4,804,830668533,419187088,377230693,7891,2,3,15,0,80.5,86.1,86,Delayed,404,318,1627086314,130367419,-25
P1712,Power Transmission Project 0712,Power Transmission,South,Hyderabad,BuildTech,21-04-2025,09-09-2026,12-10-2026,1410796071,1545779570,92.9,84.8,589,900814138,465605059,179360373,6192,1,0,12,5,96.6,86.1,33,Delayed,539,506,1545779570,134983499,-8.1
P1713,Power Transmission Project 0713,Power Transmission,West,Pune,BuildTech,12-02-2023,25-05-2024,31-07-2024,1600415537,1763439652,85.9,74.6,778,979994405,346663094,436782153,6245,1,6,9,2,72,87.7,67,Delayed,535,468,1763439652,163024115,-11.3
P1714,Building Project 0714,Building,Central,Indore,Vertex Infra,09-07-2024,29-09-2026,15-11-2026,366996060,403440021,89.9,87.1,93,258128859,100345240,44965922,7991,0,7,14,4,73.5,94.4,47,Delayed,859,812,403440021,36443961,-2.8
P1715,Highway Project 0715,Highway,West,Pune,UrbanWorks,12-10-2023,28-07-2025,05-10-2025,1088905987,1204758210,92.9,79.2,382,573519705,271855686,359382819,4327,0,5,17,4,81.3,98.2,69,Delayed,724,655,1204758210,115852223,-13.7
P1716,Water Infrastructure Project 0716,Water Infrastructure,North,Jaipur,BuildTech,01-02-2024,12-06-2025,11-08-2025,580535601,624429644,92,83.6,192,386443653,169906290,68079701,4595,0,4,9,3,81.8,100,60,Delayed,557,497,624429644,43894043,-8.4
P1717,Building Project 0717,Building,North,Delhi,Vertex Infra,12-01-2023,19-11-2024,27-12-2024,714262080,746701387,85.7,,291,417151835,180135679,149413872,7779,3,1,8,1,100,77.7,38,Delayed,715,677,746701386,32439307,-85.7
P1718,Metro Project 0718,Metro,South,Bengaluru,MegaBuild,29-08-2024,06-06-2026,21-09-2026,1132982107,1301764945,91.8,69.9,571,663155309,318005283,320604353,4961,1,8,8,2,70.3,98.7,107,Delayed,753,646,1301764945,168782838,-21.9
P1719,Building Project 0719,Building,West,Ahmedabad,Vertex Infra,29-10-2023,27-07-2024,10-09-2024,846871283,942271750,89.2,77.3,208,539692329,180904502,221674919,2698,2,4,6,1,93.1,79.8,45,Delayed,317,272,942271750,95400467,-11.9
P1720,Building Project 0720,Building,Central,Indore,ABC Infra,16-06-2025,17-10-2027,27-11-2027,717302597,754893009,88.2,83.8,174,414159194,176134191,164599624,327,0,0,8,2,98.9,100,41,Delayed,894,853,754893009,37590412,-4.4
P1721,Building Project 0721,Building,Central,Indore,Vertex Infra,10-09-2023,31-07-2024,23-09-2024,904581428,969715135,92.2,78.2,452,506823707,197809374,265082054,2198,3,3,7,0,93.8,79.5,54,Delayed,379,325,969715135,65133707,-14
P1722,Bridge Project 0722,Bridge,Central,Nagpur,UrbanWorks,13-05-2024,08-12-2025,08-01-2026,812864773,847684210,97.1,90.4,235,516223724,198392598,133067888,7600,0,3,9,2,88.6,100,31,Delayed,605,574,847684210,34819437,-6.7
P1723,Building Project 0723,Building,South,Chennai,Shakti Engineering,23-01-2025,19-02-2026,07-04-2026,464307870,506893194,87,79,204,,102404290,126616165,2727,1,3,6,2,92.4,89.6,47,Delayed,439,392,229020455,42585324,-8
P1724,Power Transmission Project 0724,Power Transmission,North,Delhi,Apex Contractors,04-02-2023,25-01-2024,17-02-2024,1389390914,1471562155,91.8,89.9,554,854239799,327762317,289560039,1925,0,3,11,1,80.9,98.2,23,On Track,378,355,1471562155,82171241,-1.9
P1725,Bridge Project 0725,Bridge,Central,Indore,Vertex Infra,27-12-2024,05-05-2027,31-05-2027,554718749,584615648,89.7,86.7,274,342523225,124502102,117590321,11067,2,3,12,0,76.7,84,26,On Track,885,859,584615648,29896899,-3
P1726,Water Infrastructure Project 0726,Water Infrastructure,South,Chennai,BuildTech,28-04-2025,28-01-2027,20-03-2027,830298711,901506240,92.4,79.4,216,493661924,197721550,210122766,2336,0,5,15,1,75.4,100,51,Delayed,691,640,901506240,71207529,-13
P1727,Power Transmission Project 0727,Power Transmission,Central,Indore,ABC Infra,31-03-2023,05-06-2025,08-06-2025,1346870649,1462286330,90.4,87.7,353,784445250,300492264,377348815,9802,1,9,6,0,59.1,93.7,3,On Track,800,797,1462286329,115415681,-2.7
P1728,Bridge Project 0728,Bridge,South,Bengaluru,Prime Projects,14-02-2025,09-06-2027,18-08-2027,542193204,585538222,87.7,70,218,275738993,137165096,172634133,3655,5,4,11,2,84.2,67.5,70,Delayed,915,845,585538222,43345018,-17.7
P1729,Bridge Project 0729,Bridge,South,Chennai,BuildTech,27-08-2024,09-05-2026,16-06-2026,1206428897,1340923344,87.5,83.5,642,740599612,326147069,274176663,7346,0,1,10,3,99.1,99.4,38,Delayed,658,620,1340923344,134494447,-4
P1730,Building Project 0730,Building,North,Jaipur,ABC Infra,10-07-2025,03-03-2026,23-03-2026,728131306,806557595,91.8,91.6,259,432639787,239149822,134767986,4020,1,1,6,2,100,93.5,20,Completed,256,236,806557595,78426289,-0.2
P1731,Building Project 0731,Building,Central,Nagpur,MegaBuild,27-08-2025,14-01-2027,28-02-2027,409622393,422101658,90.5,77.7,134,210891999,110181745,101027914,5202,1,3,9,0,87.1,92.1,45,Delayed,550,505,422101658,12479265,-12.8
P1732,Power Transmission Project 0732,Power Transmission,South,Bengaluru,Apex Contractors,24-08-2024,30-11-2025,02-01-2026,1363467814,1624042032,92.5,86.3,572,855308166,348872636,419861231,10766,1,2,8,1,93.5,97.8,33,Delayed,496,463,1624042033,260574218,-6.2
P1733,Bridge Project 0733,Bridge,North,Jaipur,Prime Projects,22-02-2024,25-01-2026,28-02-2026,621389098,655755397,83.6,79.3,327,334731531,187875670,133148195,10566,2,3,17,2,86.9,85.6,34,Delayed,737,703,655755396,34366299,-4.3
P1734,Power Transmission Project 0734,Power Transmission,West,Ahmedabad,MegaBuild,25-04-2023,20-09-2024,19-11-2024,1577469077,1772336621,94.4,81.5,782,1010750262,393697407,367888953,5536,2,1,8,4,99.6,79,60,Delayed,574,514,1772336622,194867544,-12.9
P1735,Highway Project 0735,Highway,North,Delhi,Shakti Engineering,08-09-2024,10-03-2025,09-05-2025,1377124067,1566072565,95.7,90.9,755,901645740,442440427,221986399,8580,1,5,14,4,87.5,84.5,60,Delayed,243,183,1566072566,188948498,-4.8
P1736,Highway Project 0736,Highway,North,Delhi,ABC Infra,21-06-2025,05-10-2027,17-11-2027,1545499987,1710267600,90.6,76.6,351,1068846928,407992912,233427760,8613,2,4,6,1,89.8,80.6,43,Delayed,879,836,1710267600,164767613,-14
P1737,Building Project 0737,Building,South,Hyderabad,MegaBuild,15-07-2023,01-11-2025,02-02-2026,716336715,838808364,92.6,77.1,184,424059423,202827665,211921276,5261,1,10,12,1,52.3,100,93,Delayed,933,840,838808364,122471649,-15.5
P1738,Metro Project 0738,Metro,South,Hyderabad,Apex Contractors,05-04-2025,13-10-2025,16-12-2025,1890814622,2048211593,93.9,78.7,796,1095938737,503745550,448527307,332,4,4,9,1,74.3,73.2,64,Delayed,255,191,2048211594,157396971,-15.2
P1739,Metro Project 0739,Metro,South,Chennai,Apex Contractors,15-05-2024,12-06-2025,16-08-2025,2481881699,2673972038,89.3,79.2,1218,1582755748,792713830,298502460,4998,2,3,9,1,95.9,88,65,Delayed,458,393,2673972038,192090339,-10.1
P1740,Metro Project 0740,Metro,North,Delhi,Shakti Engineering,17-09-2024,30-11-2025,22-02-2026,1252291900,1406435527,90.9,79.7,393,888378423,284477184,233579920,9187,0,5,12,4,83.4,99.4,84,Delayed,523,439,1406435527,154143627,-11.2
P1741,Metro Project 0741,Metro,South,Chennai,Unknown,07-05-2024,07-08-2025,28-08-2025,2072892717,2142641593,91.9,84.7,619,1303015336,608868134,230758122,4141,3,2,10,3,100,73.7,21,On Track,478,457,2142641592,69748876,-7.2
P1742,Highway Project 0742,Highway,South,Hyderabad,ABC Infra,16-03-2023,13-07-2024,08-08-2024,1093328742,1191426319,87.9,85.4,524,703825336,316301155,171299828,9016,3,3,11,1,87.7,79.2,26,On Track,511,485,1191426319,98097577,-2.5
P1743,Power Transmission Project 0743,Power Transmission,West,Ahmedabad,ABC Infra,17-02-2024,23-10-2025,23-12-2025,713262479,788177797,90.5,75.2,170,454124474,231473174,102580149,5744,1,4,15,2,83.6,96.7,61,Delayed,675,614,788177797,74915318,-15.3
P1744,Metro Project 0744,Metro,Central,Indore,Apex Contractors,11-01-2024,06-01-2026,05-02-2026,1817608489,1944221513,81.9,80.2,621,1104984345,497276688,341960479,6477,1,2,10,4,92.6,88.4,30,On Track,756,726,1944221512,126613024,-1.7
P1745,Water Infrastructure Project 0745,Water Infrastructure,North,Jaipur,MegaBuild,24-02-2024,05-12-2024,10-01-2025,818737303,938459093,87.5,80.8,316,536907899,258422662,143128532,8738,1,1,8,1,98.5,91.5,36,Delayed,321,285,938459093,119721790,-6.7
P1746,Water Infrastructure Project 0746,Water Infrastructure,West,Pune,ABC Infra,29-12-2024,23-10-2026,25-01-2027,820472941,895440425,95.9,76.5,332,536819927,254659697,103960801,4226,0,5,8,2,78.8,96.9,94,Delayed,757,663,895440425,74967484,-19.4
P1747,Power Transmission Project 0747,Power Transmission,South,Chennai,BuildTech,04-10-2023,11-02-2024,02-05-2024,725077575,779398648,91.5,72.3,333,441066926,230839716,107492006,11593,0,6,18,3,72.7,96,81,Delayed,211,130,779398648,54321073,-19.2
P1748,Highway Project 0748,Highway,West,Ahmedabad,Apex Contractors,30-01-2025,26-03-2026,08-06-2026,617303322,652752940,86.8,75.6,208,342340818,160374478,150037644,10588,2,7,6,0,68.5,87.4,74,Delayed,494,420,652752940,35449618,-11.2
P1749,Power Transmission Project 0749,Power Transmission,North,Jaipur,ABC Infra,06-11-2024,04-03-2027,26-03-2027,922861527,986142392,85.1,83,389,575004176,256648778,154489439,10454,3,2,9,3,85.9,83.7,22,On Track,870,848,986142393,63280865,-2.1
P1750,Building Project 0750,Building,North,Delhi,UrbanWorks,29-01-2024,06-09-2024,06-11-2024,982957735,1021906797,100,80.8,406,641717562,265497635,114691600,3259,0,5,8,1,81.7,99.1,61,Delayed,282,221,1021906797,38949062,-19.2
P1751,Building Project 0751,Building,Central,Indore,Shakti Engineering,18-05-2025,13-11-2026,11-01-2027,449665348,500932192,87.2,79.9,180,268249266,121270989,111411937,2527,2,5,15,2,82.9,87.4,59,Delayed,603,544,500932192,51266844,-7.3
P1752,Building Project 0752,Building,North,Jaipur,Apex Contractors,01-04-2024,25-08-2025,20-09-2025,872297714,957468325,88,87,376,576636971,272665138,108166216,1693,0,7,10,1,67.2,99.7,26,On Track,537,511,957468325,85170611,-1
P1753,Power Transmission Project 0753,Power Transmission,Central,Nagpur,ABC Infra,08-07-2025,23-12-2027,16-03-2028,727410400,800538540,92.4,79.4,222,456758322,176607195,167173023,10399,0,5,10,2,82.8,94.3,84,Delayed,982,898,800538540,73128140,-13
P1754,Metro Project 0754,Metro,South,Hyderabad,UrbanWorks,11-07-2023,08-06-2024,08-07-2024,2223812950,2448598495,86.7,78.9,551,1339376584,533976448,575245464,2323,1,4,10,1,85.1,92.2,30,On Track,363,333,2448598496,224785545,-7.8
P1755,Water Infrastructure Project 0755,Water Infrastructure,North,Jaipur,ABC Infra,08-01-2025,29-03-2027,06-06-2027,517920716,581733009,91.5,77.5,134,346421202,162508664,72803142,6364,3,7,16,1,74.7,71.6,69,Delayed,879,810,581733008,63812293,-14
P1756,Building Project 0756,Building,West,Pune,ABC Infra,19-11-2024,14-06-2025,18-08-2025,921573484,1082827417,90.1,80.4,271,677017244,277485594,128324578,7862,0,9,8,1,55.5,98.8,65,Delayed,272,207,1082827416,161253933,-9.7
P1757,Power Transmission Project 0757,Power Transmission,West,Ahmedabad,MegaBuild,09-04-2023,09-02-2025,02-03-2025,887765443,980916139,85.3,,341,511523906,216700649,252691585,6939,1,3,9,1,85.1,94.1,21,On Track,693,672,980916140,93150696,-85.3
P1758,Power Transmission Project 0758,Power Transmission,Central,Indore,BuildTech,01-07-2024,03-12-2025,09-01-2026,1378434214,1422998595,90.2,87.1,685,864461539,372773367,185763689,2778,1,5,4,1,85.7,98,37,Delayed,557,520,1422998595,44564381,-3.1
P1759,Metro Project 0759,Metro,South,Bengaluru,Apex Contractors,04-09-2025,12-08-2027,23-10-2027,1456651418,1605337360,91.3,74.8,657,839426289,440930952,324980119,7674,4,3,9,2,88,71.1,72,Delayed,779,707,1605337360,148685942,-16.5
P1760,Power Transmission Project 0760,Power Transmission,North,Jaipur,Shakti Engineering,25-09-2025,09-03-2026,27-02-2026,1468528943,1477289177,85.8,91.9,705,889949133,310963086,276376958,8229,0,1,7,1,94,100,-10,Completed,155,165,1477289177,8760234,6.1
P1761,Highway Project 0761,Highway,West,Mumbai,Apex Contractors,06-04-2023,05-06-2025,15-08-2025,1435493546,1554035223,92.1,80,482,959468434,404160918,190405870,4759,0,5,9,2,85.6,97.9,71,Delayed,862,791,1554035222,118541677,-12.1
P1762,Highway Project 0762,Highway,West,Pune,BuildTech,25-10-2024,30-05-2026,17-06-2026,655007880,653971378,92.8,90.7,231,396416802,184482523,73072054,6753,0,3,14,0,86.2,100,18,Completed,600,582,653971379,-1036502,-2.1
P1763,Highway Project 0763,Highway,West,Pune,Prime Projects,24-10-2024,05-10-2026,24-12-2026,1428092495,1555267167,85.9,72.1,499,1012043105,368623479,174600583,9473,1,4,13,3,84.8,93.6,80,Delayed,791,711,1555267167,127174672,-13.8
P1764,Metro Project 0764,Metro,West,Mumbai,MegaBuild,09-07-2023,10-09-2024,01-12-2024,2165279004,2420533926,91.9,72.6,613,1179914687,605776187,634843052,11715,2,6,9,4,82.1,85.7,82,Delayed,511,429,2420533926,255254922,-19.3
P1765,Building Project 0765,Building,Central,Nagpur,MegaBuild,05-01-2025,29-07-2025,11-10-2025,448384001,462876479,90.9,69.6,107,248395169,91614806,122866503,8718,1,3,17,2,94.7,92.1,74,Delayed,279,205,462876478,14492478,-21.3
P1766,Highway Project 0766,Highway,South,Bengaluru,BuildTech,06-02-2023,05-09-2023,25-09-2023,969281239,1043166556,88.6,86.7,402,599753793,291336336,152076427,1566,1,4,12,1,77.2,93.1,20,On Track,231,211,1043166556,73885317,-1.9
P1767,Highway Project 0767,highway,South,Hyderabad,Vertex Infra,18-02-2025,08-04-2027,24-06-2027,690599007,757910334,89,72.5,377,444155144,215494446,98260744,2357,2,8,13,2,72.2,77.5,77,Delayed,856,779,757910334,67311327,-16.5
P1768,Power Transmission Project 0768,Power Transmission,West,Ahmedabad,MegaBuild,04-01-2024,06-03-2026,29-05-2026,1452420946,1572165144,91.6,75.9,399,973157602,385092757,213914786,8296,1,6,9,5,71,96.1,84,Delayed,876,792,1572165145,119744198,-15.7
P1769,Power Transmission Project 0769,Power Transmission,Central,Indore,Apex Contractors,25-11-2024,08-03-2027,08-04-2027,1523230443,1708618966,87.6,,358,825576889,351323977,531718100,10743,0,2,16,3,88.7,95.9,31,Delayed,864,833,1708618966,185388523,-87.6
P1770,Power Transmission Project 0770,Power Transmission,West,Ahmedabad,BuildTech,08-06-2024,04-06-2025,09-08-2025,733013790,780072532,92.3,82.6,349,462181813,204751619,113139099,3241,1,3,7,2,91.1,88,66,Delayed,427,361,780072531,47058742,-9.7
P1771,Power Transmission Project 0771,Power Transmission,South,Bengaluru,MegaBuild,06-10-2023,04-02-2024,13-03-2024,1217429222,1360879415,86.8,79.3,369,810490134,342398749,207990531,456,1,6,11,0,73.5,97.4,38,Delayed,159,121,1360879414,143450193,-7.5
P1772,Water Infrastructure Project 0772,Water Infrastructure,West,Ahmedabad,ABC Infra,05-08-2023,14-07-2024,23-09-2024,795348159,857471981,87.1,74.5,392,429676225,261887068,165908689,7298,1,1,8,2,94.4,92.8,71,Delayed,415,344,857471982,62123822,-12.6
P1773,Highway Project 0773,Highway,West,Mumbai,BuildTech,16-05-2025,27-09-2027,17-10-2027,1500790378,1584186518,84.9,86,678,874880398,342183467,367122654,10565,2,2,9,1,87.5,84.6,20,On Track,884,864,1584186519,83396140,1.1
P1774,Bridge Project 0774,Bridge,West,Pune,BuildTech,22-05-2025,30-04-2027,23-05-2027,836152240,865008161,83.1,80.7,444,454447431,171440181,239120548,1060,1,4,9,1,83.1,92.3,23,On Track,731,708,865008160,28855921,-2.4
P1775,Water Infrastructure Project 0775,Water Infrastructure,West,Ahmedabad,Apex Contractors,08-03-2025,29-10-2025,17-12-2025,877418930,904668371,90.6,81.6,311,539927956,192503167,172237247,9265,1,0,10,3,100,92.5,49,Delayed,284,235,904668370,27249441,-9
P1776,Metro Project 0776,Metro,South,Chennai,UrbanWorks,30-09-2023,23-11-2025,04-12-2025,2050664162,2189879629,82.2,85.3,899,1033871033,514088601,641919996,6707,0,2,13,1,85.4,97.5,11,On Track,796,785,2189879630,139215467,3.1
P1777,Water Infrastructure Project 0777,Water Infrastructure,North,Jaipur,MegaBuild,30-05-2025,07-01-2026,21-03-2026,540985249,608813965,91.3,79.2,202,300021008,125550193,183242763,10044,2,4,6,4,80.3,94.4,73,Delayed,295,222,608813964,67828716,-12.1
P1778,Highway Project 0778,Highway,South,Bengaluru,MegaBuild,03-03-2023,10-01-2024,10-04-2024,1408872269,1509326399,89.7,73.9,603,768278977,471427663,269619759,7031,0,7,13,3,75.2,100,91,Delayed,404,313,1509326399,100454130,-15.8
P1779,Metro Project 0779,Metro,Central,Nagpur,BuildTech,18-08-2024,30-05-2025,17-08-2025,1966105767,2104842389,97.5,76.4,724,995209500,444476531,665156359,1257,3,3,13,4,88.9,80.7,79,Delayed,364,285,2104842390,138736622,-21.1
P1780,Building Project 0780,Building,South,Chennai,ABC Infra,29-05-2025,24-12-2025,04-03-2026,694910295,779599301,92.4,80.8,196,470861779,216980275,91757248,553,1,3,13,3,81.5,95.9,70,Delayed,279,209,779599302,84689006,-11.6
P1781,Building Project 0781,Building,West,Mumbai,ABC Infra,29-12-2024,14-03-2027,16-04-2027,708073430,771692686,92,86.7,274,493322973,190113604,88256109,8185,1,3,12,0,80.5,89.5,33,Delayed,838,805,771692686,63619256,-5.3
P1782,Building Project 0782,Building,North,Delhi,Shakti Engineering,08-12-2023,05-08-2024,11-09-2024,962951276,1035872664,87.3,84.5,379,595730454,267751867,172390342,1869,3,6,11,2,76.9,74.9,37,Delayed,278,241,1035872663,72921388,-2.8
P1783,Water Infrastructure Project 0783,Water Infrastructure,West,Mumbai,ABC Infra,01-02-2024,20-10-2024,08-01-2025,805824633,897941035,87.7,72,392,457136180,265265975,175538881,11710,1,5,9,5,77.6,88.5,80,Delayed,342,262,897941036,92116402,-15.7
P1784,Highway Project 0784,Highway,Central,Nagpur,MegaBuild,29-11-2024,12-07-2025,20-08-2025,944178392,1038099691,88.3,84.7,436,575632275,270428294,192039121,7793,0,4,11,2,82.2,96.6,39,Delayed,264,225,1038099690,93921299,-3.6
P1785,Highway Project 0785,Highway,Central,Nagpur,Vertex Infra,19-01-2023,19-07-2024,01-10-2024,870798354,908169685,89.9,75.3,382,491250125,206228418,210691143,7805,1,2,10,3,97.5,97.8,74,Delayed,621,547,908169686,37371331,-14.6
P1786,Power Transmission Project 0786,Power Transmission,South,Chennai,UrbanWorks,26-06-2023,23-08-2024,14-10-2024,1200232909,1250439286,87.7,76.3,308,688515291,268659967,293264029,7183,1,5,8,1,77.5,92.4,52,Delayed,476,424,1250439287,50206377,-11.4
P1787,Water Infrastructure Project 0787,Water Infrastructure,North,Jaipur,Unknown,03-09-2024,13-11-2025,21-02-2026,649027368,724136120,92.3,69.1,297,401432260,213531532,109172329,11728,1,6,10,1,86.8,88.6,100,Delayed,536,436,724136121,75108752,-23.2
P1788,Highway Project 0788,Highway,South,Bengaluru,Prime Projects,31-01-2024,23-02-2026,05-03-2026,771562385,778473618,88.4,85.7,297,454283435,231431790,92758393,5306,0,2,7,0,87.5,100,10,On Track,764,754,778473618,6911233,-2.7
P1789,Power Transmission Project 0789,Power Transmission,South,Hyderabad,UrbanWorks,20-03-2024,26-07-2024,10-10-2024,1565685653,1708095453,94.5,77.1,806,899431462,370065610,438598381,9299,1,4,14,2,81.4,86.5,76,Delayed,204,128,1708095453,142409800,-17.4
P1790,Metro Project 0790,Metro,West,Pune,Apex Contractors,21-08-2023,30-01-2026,24-03-2026,1953235876,2129283012,86.7,77.2,1022,1290110458,593939122,245233432,6068,2,2,14,2,100,91,53,Delayed,946,893,2129283012,176047136,-9.5
P1791,Bridge Project 0791,Bridge,South,Chennai,Apex Contractors,03-07-2025,11-01-2026,03-03-2026,688087577,709973170,93,81.1,163,416808628,181163764,112000779,5216,1,3,9,2,92.8,96.6,51,Delayed,243,192,709973171,21885593,-11.9
P1792,Highway Project 0792,Highway,Central,Nagpur,Vertex Infra,17-03-2023,07-07-2024,04-10-2024,634127938,717635203,97.7,74.5,311,347237070,194705951,175692182,10273,1,6,8,2,84.8,89.9,89,Delayed,567,478,717635203,83507265,-23.2
P1793,Water Infrastructure Project 0793,Water Infrastructure,North,Delhi,Prime Projects,22-09-2023,29-08-2024,06-11-2024,447001322,464594173,97.1,80.1,103,282243136,132585656,49765382,9713,1,3,9,4,93.1,85.2,69,Delayed,411,342,464594174,17592851,-17
P1794,Water Infrastructure Project 0794,Water Infrastructure,Central,Indore,UrbanWorks,30-03-2024,16-09-2025,07-11-2025,876815109,964348446,86.6,77.1,299,500867853,220695095,242785498,7841,3,1,14,2,95.3,82.7,52,Delayed,587,535,964348446,87533337,-9.5
P1795,Metro Project 0795,Metro,Central,Nagpur,ABC Infra,06-03-2025,07-01-2027,01-04-2027,1594097380,1708115242,94.6,80.4,635,955406306,473573443,279135494,7007,2,3,13,2,79.3,89.1,84,Delayed,756,672,1708115243,114017862,-14.2
P1796,Power Transmission Project 0796,Power Transmission,North,Jaipur,MegaBuild,18-12-2024,21-04-2026,11-05-2026,809319740,897399192,81.1,84.6,217,575754749,215342817,106301626,3500,2,7,9,2,69.4,81,20,On Track,509,489,897399192,88079452,3.5
P1797,Bridge Project 0797,Bridge,North,Jaipur,Vertex Infra,04-01-2025,19-04-2027,30-05-2027,792555053,852165141,83.8,76.7,369,443063833,226802287,182299021,6857,1,6,12,1,77.9,92.3,41,Delayed,876,835,852165141,59610088,-7.1
P1798,Metro Project 0798,Metro,Central,Nagpur,Prime Projects,19-01-2024,05-02-2025,19-02-2025,1598033732,1653373909,92.4,95.9,355,774894794,385420318,493058797,7847,4,1,8,1,92.4,73,14,Completed,397,383,1653373909,55340177,3.5
P1799,Highway Project 0799,Highway,North,Jaipur,Vertex Infra,17-07-2024,04-10-2026,09-12-2026,559241417,604163332,91.8,77.6,154,332412426,160623596,111127310,9371,1,3,11,3,84.9,92.2,66,Delayed,875,809,604163332,44921915,-14.2
P1800,Metro Project 0800,Metro,South,Chennai,UrbanWorks,30-04-2025,11-07-2026,27-10-2026,1629827530,1849536929,92.4,68.1,670,990959777,442947278,415629873,5388,4,7,19,1,64.8,63.3,108,Delayed,545,437,1849536928,219709399,-24.3
P1801,Highway Project 0801,Highway,Central,Nagpur,MegaBuild,20-05-2024,09-12-2024,26-01-2025,1091093512,1167134792,88.1,79.3,497,702811012,299732394,164591386,300,2,4,8,1,79.8,82.9,48,Delayed,251,203,1167134792,76041280,-8.8
P1802,Building Project 0802,Building,Central,Nagpur,Vertex Infra,02-01-2024,14-03-2025,04-03-2025,751974346,783888889,85.5,89.4,392,484195582,211775604,87917703,466,2,3,5,0,88,84.6,-10,On Track,427,437,783888889,31914543,3.9
P1803,Power Transmission Project 0803,Power Transmission,South,Bengaluru,Prime Projects,24-05-2023,09-01-2024,09-02-2024,1036436295,1025928105,82.8,76.1,469,582404488,202265842,241257775,2363,3,0,9,1,100,76.7,31,Delayed,261,230,1025928105,-10508190,-6.7
P1804,Building Project 0804,Building,West,Pune,BuildTech,03-06-2025,08-06-2026,01-10-2026,677321471,737093585,86.6,66.3,299,447340715,173401927,116350944,11196,2,6,11,4,69.3,84.3,115,Delayed,485,370,737093586,59772114,-20.3
P1805,Metro Project 0805,Metro,North,Delhi,UrbanWorks,10-03-2023,24-07-2024,01-10-2024,2901725478,3096567978,92.6,76.2,1015,1876001240,800222228,420344510,8603,1,4,11,3,84.6,89.3,69,Delayed,571,502,3096567978,194842500,-16.4
P1806,Highway Project 0806,Highway,North,Jaipur,BuildTech,09-04-2023,13-08-2023,28-11-2023,916829159,1033017544,93.4,70.8,202,623732675,200728305,208556564,11931,1,6,9,2,80.4,95.6,107,Delayed,233,126,1033017544,116188385,-22.6
P1807,Metro Project 0807,Metro,South,Bengaluru,ABC Infra,31-01-2024,31-08-2025,15-12-2025,1501289090,1622715594,91.2,68.1,389,962376366,436310062,224029166,1425,1,6,13,2,85.9,93.3,106,Delayed,684,578,1622715594,121426504,-23.1
P1808,Bridge Project 0808,Bridge,South,Hyderabad,BuildTech,25-01-2023,16-08-2023,24-08-2023,613360311,657942421,90.8,89.6,243,408724086,178282388,70935946,2941,1,2,8,0,97.7,93.1,8,On Track,211,203,657942420,44582110,-1.2
P1809,Water Infrastructure Project 0809,Water Infrastructure,South,Hyderabad,BuildTech,05-08-2025,28-06-2026,21-08-2026,579447591,614107852,96.8,84.8,256,355962033,134539983,123605836,1729,3,5,8,1,78,82.7,54,Delayed,381,327,614107852,34660261,-12
P1810,Highway Project 0810,Highway,West,Ahmedabad,Shakti Engineering,09-06-2025,31-10-2026,21-12-2026,1316198555,1291485391,95.6,80,470,637177205,362242384,292065803,6401,1,4,11,0,85.9,97.4,51,Delayed,560,509,1291485392,-24713164,-15.6
P1811,Water Infrastructure Project 0811,Water Infrastructure,South,Chennai,UrbanWorks,13-04-2024,20-06-2025,13-07-2025,427122851,485354083,93.8,96,196,255763791,124227330,105362961,10535,2,6,5,2,71,80.4,23,Completed,456,433,485354082,58231232,2.2
P1812,Power Transmission Project 0812,Power Transmission,South,Chennai,ABC Infra,28-04-2024,16-09-2024,02-12-2024,1463248314,1614504823,94.6,75.2,573,1034179916,393777952,186546955,1934,5,4,9,4,75.9,62.2,77,Delayed,218,141,1614504823,151256509,-19.4
P1813,Bridge Project 0813,Bridge,West,Mumbai,BuildTech,18-07-2024,29-12-2025,15-03-2026,429948604,498448599,91.4,80.2,105,257251174,108719774,132477651,9162,0,4,10,6,94.7,92.9,76,Delayed,605,529,498448599,68499995,-11.2
P1814,Power Transmission Project 0814,Power Transmission,North,Delhi,Apex Contractors,31-05-2023,23-02-2025,06-05-2025,1111908903,1205840221,91.9,81.6,315,717906997,354431319,133501905,3411,2,2,9,3,97.1,84,72,Delayed,706,634,1205840221,93931318,-10.3
P1815,Building Project 0815,Building,Central,Nagpur,MegaBuild,24-05-2023,25-01-2024,04-02-2024,912243522,1029284725,86.9,88.5,453,594832770,254540201,179911754,1990,0,5,12,1,79.3,98.7,10,On Track,256,246,1029284725,117041203,1.6
P1816,Building Project 0816,Building,North,Jaipur,Prime Projects,22-07-2024,19-10-2026,19-12-2026,599694063,731645636,91.5,81.4,275,473170162,157999200,100476273,8015,0,0,9,3,72.6,100,61,Delayed,880,819,731645635,131951573,-10.1
P1817,Building Project 0817,Building,North,Delhi,BuildTech,08-02-2023,21-06-2023,30-07-2023,760572028,847759893,87.4,77.2,391,518019312,233273426,96467155,6940,2,3,8,3,92.2,82,39,Delayed,172,133,847759893,87187865,-10.2
P1818,Bridge Project 0818,Bridge,West,Ahmedabad,ABC Infra,19-04-2023,28-08-2023,20-11-2023,581607867,594748909,95,74.2,150,358767903,157509062,78471944,4257,0,4,9,2,82.9,100,84,Delayed,215,131,594748909,13141042,-20.8
P1819,Metro Project 0819,Metro,West,Mumbai,BuildTech,23-11-2024,17-06-2025,05-08-2025,2459150874,2725456476,92.5,79.6,1344,1676410831,750699065,298346580,9456,1,5,6,2,85.5,91.8,49,Delayed,255,206,2725456476,266305602,-12.9
P1820,Metro Project 0820,Metro,South,Bengaluru,Prime Projects,11-02-2023,15-11-2024,18-11-2024,1093512624,1179270266,88.3,93.3,316,713062003,340072965,126135299,580,0,6,8,0,76.4,96.3,3,Completed,646,643,1179270267,85757642,5
P1821,Metro Project 0821,Metro,North,Delhi,ABC Infra,05-07-2023,21-04-2025,09-06-2025,2678034437,2791383759,92.8,81.1,599,1520463537,550888771,720031451,4746,2,5,4,2,79.3,86.3,49,Delayed,705,656,2791383759,113349322,-11.7
P1822,Building Project 0822,Building,South,Bengaluru,UrbanWorks,23-07-2025,16-09-2026,08-12-2026,499210416,534809640,94.5,72.2,274,333208902,142984213,58616525,10458,1,7,9,2,73.6,91.2,83,Delayed,503,420,534809640,35599224,-22.3
P1823,Highway Project 0823,Highway,South,Hyderabad,ABC Infra,02-02-2024,29-01-2025,07-03-2025,1436245943,1539485221,86.5,81.5,449,721870489,452757230,364857502,3108,1,5,10,2,71.8,86.7,37,Delayed,399,362,1539485221,103239278,-5
P1824,Power Transmission Project 0824,Power Transmission,North,Jaipur,UrbanWorks,11-08-2023,08-04-2024,09-05-2024,1031560382,1123935110,89,77.9,454,663084542,273820592,187029975,5702,0,2,18,2,86,100,31,Delayed,272,241,1123935109,92374728,-11.1
P1825,Water Infrastructure Project 0825,Water Infrastructure,West,Ahmedabad,ABC Infra,25-09-2024,18-06-2025,24-07-2025,739723563,772028714,86.1,75.8,205,411014902,209538910,151474902,2264,2,7,6,0,73.6,84.3,36,Delayed,302,266,772028714,32305151,-10.3
P1826,Bridge Project 0826,Bridge,Central,Nagpur,Apex Contractors,13-05-2023,29-03-2025,02-06-2025,675860871,702998664,89.8,83.3,278,388602571,167082048,147314045,11882,0,1,4,4,97.3,95.9,65,Delayed,751,686,702998664,27137793,-6.5
P1827,Highway Project 0827,Highway,North,Jaipur,Vertex Infra,12-06-2023,28-10-2025,03-01-2026,1469177696,1525874632,95.3,78.9,761,983139255,365183675,177551703,1122,2,5,10,1,76,87.3,67,Delayed,936,869,1525874633,56696936,-16.4
P1828,Power Transmission Project 0828,Power Transmission,West,Pune,Prime Projects,03-08-2023,20-11-2024,07-02-2025,758230922,784697155,90,73.3,246,475356672,218263109,91077374,9929,1,6,16,3,75.8,97.3,79,Delayed,554,475,784697155,26466233,-16.7
P1829,Power Transmission Project 0829,Power Transmission,South,Chennai,Prime Projects,02-01-2025,17-03-2027,27-04-2027,821008945,901082640,92.3,85.5,362,515555447,280994154,104533039,2361,1,4,8,1,83.9,90.1,41,Delayed,845,804,901082640,80073695,-6.8
P1830,Water Infrastructure Project 0830,Water Infrastructure,West,Ahmedabad,ABC Infra,23-08-2023,22-12-2025,02-02-2026,600783226,651914856,87.8,83.7,169,338539192,135927711,177447953,5475,1,4,6,2,87.4,92.5,42,Delayed,894,852,651914856,51131630,-4.1
P1831,Metro Project 0831,Metro,North,Delhi,Vertex Infra,22-04-2025,12-05-2027,24-07-2027,1152238109,1301079729,93.4,83.6,491,825188570,307067251,168823908,4165,1,4,12,3,81,93.1,73,Delayed,823,750,1301079729,148841620,-9.8
P1832,Bridge Project 0832,Bridge,North,Jaipur,BuildTech,19-10-2024,21-12-2025,03-01-2026,574183652,584990212,89.7,88.7,190,310968364,173532368,100489479,4594,1,0,13,0,100,92.3,13,On Track,441,428,584990211,10806560,-1
P1833,Highway Project 0833,Highway,Central,Indore,Prime Projects,20-01-2025,14-04-2027,13-07-2027,1508735869,1637540773,93.1,73.2,437,795245304,330505758,511789711,9956,1,6,9,4,79.2,97.7,90,Delayed,904,814,1637540773,128804904,-19.9
P1834,Highway Project 0834,Highway,South,Chennai,Apex Contractors,10-08-2024,21-09-2025,23-12-2025,1542931696,1740431488,93.5,74.9,498,971666929,447675415,321089143,377,1,3,11,5,86.6,94,93,Delayed,500,407,1740431487,197499792,-18.6
P1835,Power Transmission Project 0835,Power Transmission,South,Chennai,UrbanWorks,09-01-2023,10-03-2024,27-03-2024,1060273788,1191617102,85.8,87.8,295,675702853,296772019,219142230,2459,1,3,6,3,87.3,90.1,17,On Track,443,426,1191617102,131343314,2
P1836,Water Infrastructure Project 0836,Water Infrastructure,Central,Indore,UrbanWorks,15-03-2023,25-02-2025,23-03-2025,861088043,976036235,87.3,85.1,445,572655220,231173060,172207956,3487,2,5,7,2,79.8,86,26,On Track,739,713,976036236,114948192,-2.2
P1837,Building Project 0837,Building,West,Mumbai,MegaBuild,11-08-2025,01-12-2027,26-01-2028,747049643,785949774,88.4,81.8,262,394704444,164784079,226461252,9657,0,5,14,3,89.1,100,56,Delayed,898,842,785949775,38900131,-6.6
P1838,Power Transmission Project 0838,Power Transmission,West,Mumbai,Shakti Engineering,06-05-2024,26-06-2026,09-08-2026,931388384,1042179083,97.1,89.2,280,553093074,215937327,273148683,7435,3,3,7,1,86.8,82,44,Delayed,825,781,1042179084,110790699,-7.9
P1839,Building Project 0839,Building,Central,Indore,Vertex Infra,01-07-2025,30-04-2027,13-07-2027,859715086,998955454,95.4,79,316,640861420,246756313,111337722,1089,2,2,6,4,100,84.9,74,Delayed,742,668,998955455,139240368,-16.4
P1840,Bridge Project 0840,Bridge,West,Pune,Shakti Engineering,10-09-2023,24-12-2024,16-02-2025,956093990,1049766242,90.4,85.3,311,652800250,237985706,158980287,1863,3,3,7,1,82.9,75.6,54,Delayed,525,471,1049766243,93672252,-5.1
P1841,Metro Project 0841,Metro,South,Hyderabad,Shakti Engineering,18-08-2023,22-10-2024,21-01-2025,2948468132,3287565457,100,81.3,1372,2037216047,799684893,450664517,1622,1,3,9,1,90.8,88.9,91,Delayed,522,431,3287565457,339097325,-18.7
P1842,Power Transmission Project 0842,Power Transmission,Central,Indore,UrbanWorks,02-06-2024,27-11-2024,22-01-2025,925707218,1031736023,84.8,75.9,500,645350572,224643963,161741488,6973,1,4,7,3,83.2,95.2,56,Delayed,234,178,1031736023,106028805,-8.9
P1843,Highway Project 0843,Highway,South,Hyderabad,Apex Contractors,23-06-2023,24-07-2025,10-08-2025,1224802180,1248860970,89.1,93.3,446,649630101,299263920,299966949,1802,0,1,10,2,98.9,93.5,17,Completed,779,762,1248860970,24058790,4.2
P1844,Power Transmission Project 0844,Power Transmission,North,Jaipur,Apex Contractors,14-10-2024,25-01-2027,26-03-2027,667948744,758900456,94.7,82.3,336,434354738,236745651,87800067,7416,0,6,11,3,74.5,99.5,60,Delayed,893,833,758900456,90951712,-12.4
P1845,Power Transmission Project 0845,Power Transmission,West,Pune,MegaBuild,17-06-2023,07-11-2025,19-12-2025,742511707,836011741,90.2,85.5,302,507573120,195669474,132769147,9983,2,6,8,3,82,92.6,42,Delayed,916,874,836011741,93500034,-4.7
P1846,Highway Project 0846,Highway,West,Ahmedabad,Shakti Engineering,19-06-2023,20-11-2023,04-01-2024,526594702,569191414,86.6,85.8,143,292712781,133890450,142588183,1959,1,5,9,5,70.7,92.5,45,Delayed,199,154,569191414,42596712,-0.8
P1847,Building Project 0847,Building,South,Hyderabad,Shakti Engineering,28-01-2024,14-08-2025,16-11-2025,1072114387,1160650402,91.6,75.8,480,576958041,233321251,350371110,9807,0,5,11,4,83.4,100,94,Delayed,658,564,1160650402,88536015,-15.8
P1848,Power Transmission Project 0848,Power Transmission,South,Chennai,ABC Infra,03-08-2025,03-03-2026,23-05-2026,1575751174,1747192210,100,77.7,613,983542166,420332196,343317848,3362,2,3,16,2,83.6,84.4,81,Delayed,293,212,1747192210,171441036,-22.3
P1849,Building Project 0849,Building,North,Jaipur,ABC Infra,05-03-2025,25-01-2026,05-02-2026,920006956,1074009209,86.7,86.5,399,596358517,301023833,176626860,8616,1,1,10,2,100,91.9,11,On Track,337,326,1074009210,154002253,-0.2
P1850,Power Transmission Project 0850,Power Transmission,South,Chennai,ABC Infra,25-09-2024,10-01-2026,02-01-2026,1221768551,1363725130,87.1,92.4,627,681269630,350688326,331767173,3362,1,0,9,0,100,99.1,-8,Completed,464,472,1363725129,141956579,5.3
P1851,Power Transmission Project 0851,Power Transmission,West,Pune,BuildTech,13-07-2023,06-10-2024,07-11-2024,968081170,970899196,85.7,88,353,515365096,257743014,197791086,9010,0,3,8,3,91.8,94.2,32,Delayed,483,451,970899196,2818026,2.3
P1852,Bridge Project 0852,Bridge,South,Hyderabad,Shakti Engineering,31-05-2024,22-09-2026,16-10-2026,537293035,568097630,88.3,84.1,277,352991117,140541252,74565260,2370,2,1,11,0,99,88.6,24,On Track,868,844,568097629,30804595,-4.2
P1853,Bridge Project 0853,Bridge,South,Bengaluru,Apex Contractors,29-01-2023,03-11-2023,04-02-2024,647356660,752711359,94.3,77.9,302,405330111,159074858,188306390,4557,1,4,19,3,81.9,100,93,Delayed,371,278,752711359,105354699,-16.4
P1854,Power Transmission Project 0854,Power Transmission,West,Pune,Apex Contractors,14-06-2023,04-11-2023,08-12-2023,1059925179,1107785468,96.3,89.2,404,641444031,255056682,211284755,11168,1,1,11,1,93.7,87.9,34,Delayed,177,143,1107785468,47860289,-7.1
P1855,Water Infrastructure Project 0855,Water Infrastructure,West,Pune,BuildTech,26-02-2024,02-08-2025,01-10-2025,760067609,823602012,84.9,76.3,318,470779495,226308741,126513776,2853,2,4,11,3,82,83.6,60,Delayed,583,523,823602012,63534403,-8.6
P1856,Highway Project 0856,Highway,South,Bengaluru,Apex Contractors,05-12-2023,31-08-2025,04-11-2025,1086446569,1178091633,92.4,75.6,355,736443109,296712683,144935841,1344,3,5,13,2,84.4,80,65,Delayed,700,635,1178091633,91645064,-16.8
P1857,Highway Project 0857,Highway,North,Jaipur,MegaBuild,09-10-2024,07-02-2027,20-03-2027,603470390,677150297,93.1,84.8,328,390128662,176629210,110392424,10279,1,7,11,1,71.4,92.8,41,Delayed,892,851,677150296,73679907,-8.3
P1858,Building Project 0858,Building,South,Hyderabad,Vertex Infra,10-05-2024,05-09-2025,27-10-2025,370390741,416941319,87.3,79.5,163,206094141,95339025,115508153,6257,1,7,11,3,76.2,93.5,52,Delayed,535,483,416941319,46550578,-7.8
P1859,Power Transmission Project 0859,Power Transmission,South,Hyderabad,UrbanWorks,31-12-2023,15-05-2025,14-07-2025,728821937,802958391,93,77.1,170,387807508,165828593,249322290,4878,0,4,13,2,76.7,100,60,Delayed,561,501,802958391,74136454,-15.9
P1860,Power Transmission Project 0860,Power Transmission,South,Chennai,Shakti Engineering,12-04-2025,23-01-2027,13-03-2027,1101703444,1188557692,91.5,77.5,361,662251225,329021832,197284635,5921,2,3,9,2,92.6,91.6,49,Delayed,700,651,1188557692,86854248,-14
P1861,Water Infrastructure Project 0861,Water Infrastructure,West,Pune,Apex Contractors,08-12-2023,04-09-2024,01-11-2024,867081715,1014544042,94.4,82.1,369,478825743,232593806,303124494,2266,2,3,12,3,90.4,82.2,58,Delayed,329,271,1014544043,147462327,-12.3
P1862,Highway Project 0862,Highway,West,Pune,UrbanWorks,14-05-2024,26-03-2026,10-04-2026,1188585593,1253915489,81.1,76.5,283,687608880,335288610,231017999,10848,0,5,5,1,79.7,98.3,15,On Track,696,681,1253915489,65329896,-4.6
P1863,Metro Project 0863,Metro,Central,Nagpur,Apex Contractors,18-10-2024,04-01-2027,14-03-2027,2577615282,2952648400,91.2,78,587,1679738837,722540000,550369563,5269,1,7,11,3,77.1,89.3,69,Delayed,877,808,2952648400,375033118,-13.2
P1864,Power Transmission Project 0864,Power Transmission,West,Ahmedabad,Vertex Infra,25-05-2024,22-05-2026,03-08-2026,1169313259,1180261715,93.3,77.1,430,618842458,360170170,201249087,2550,2,2,8,3,88.8,81.2,73,Delayed,800,727,1180261715,10948456,-16.2
P1865,Highway Project 0865,Highway,West,Pune,ABC Infra,23-11-2023,28-11-2025,14-01-2026,900441057,977679268,94.2,84.9,296,500785111,287952303,188941854,11979,0,5,16,2,74.4,100,47,Delayed,783,736,977679268,77238211,-9.3
P1866,Metro Project 0866,Metro,North,Delhi,Shakti Engineering,05-08-2023,25-01-2025,29-03-2025,1204632738,1307149914,93.2,79.2,439,717751285,356593950,232804679,8633,2,7,8,2,76.4,87.6,63,Delayed,602,539,1307149914,102517176,-14
P1867,Highway Project 0867,Highway,West,Ahmedabad,Prime Projects,28-10-2023,31-10-2024,25-11-2024,1437850008,1587285982,85.2,83.1,440,758842048,414090130,414353804,9495,3,4,11,2,87.4,83.6,25,On Track,394,369,1587285982,149435974,-2.1
P1868,Water Infrastructure Project 0868,Water Infrastructure,North,Delhi,BuildTech,12-05-2023,03-01-2024,16-02-2024,776311818,779453669,95.7,92.4,212,473824301,219313552,86315815,10646,0,2,10,2,86,100,44,Delayed,280,236,779453668,3141851,-3.3
P1869,Power Transmission Project 0869,Power Transmission,South,Hyderabad,BuildTech,14-03-2025,05-12-2026,05-02-2027,808422898,932359839,93,79.9,361,586684620,226840303,118834917,2314,2,5,13,1,79.3,93.4,62,Delayed,693,631,932359840,123936941,-13.1
P1870,Metro Project 0870,Metro,West,Ahmedabad,Shakti Engineering,11-03-2023,17-07-2025,05-09-2025,2004275916,2165368313,90.1,85.6,781,1131516255,623535474,410316583,4924,1,5,4,1,81.1,90.6,50,Delayed,909,859,2165368312,161092397,-4.5
P1871,Bridge Project 0871,Bridge,West,Pune,Vertex Infra,09-09-2023,06-08-2025,13-10-2025,814584217,976910305,90.1,73.1,233,498543969,240545807,237820528,3908,4,3,6,3,91.8,69.4,68,Delayed,765,697,976910304,162326088,-17
P1872,Building Project 0872,Building,South,Bengaluru,ABC Infra,19-02-2024,18-05-2025,09-09-2025,804440460,957421731,97.1,73.6,261,615787851,186262688,155371192,7019,1,8,11,7,69.8,83.9,114,Delayed,568,454,957421731,152981271,-23.5
P1873,Power Transmission Project 0873,Power Transmission,South,Chennai,BuildTech,25-02-2025,16-08-2026,20-11-2026,1749886142,1987864413,92.8,75.5,726,1174886446,573075807,239902161,9460,2,2,8,6,92.7,86.4,96,Delayed,633,537,1987864414,237978271,-17.3
P1874,Highway Project 0874,Highway,North,Delhi,ABC Infra,20-03-2024,30-08-2026,14-09-2026,1128361157,1209197655,90.6,84.2,275,751903387,323642226,133652042,4225,0,4,15,1,80.8,97.3,15,On Track,908,893,1209197655,80836498,-6.4
P1875,Building Project 0875,Building,West,Ahmedabad,MegaBuild,25-05-2025,13-07-2026,28-07-2026,743755346,810978271,86.6,88.6,199,428346757,198219651,184411863,6168,1,4,11,0,84,89.1,15,On Track,429,414,810978271,67222925,2
P1876,Bridge Project 0876,Bridge,West,Pune,UrbanWorks,01-07-2023,21-11-2025,14-01-2026,454016420,506193752,89.1,77.9,110,288795842,153549978,63847932,11227,0,6,7,2,80.6,93.1,54,Delayed,928,874,506193752,52177332,-11.2
P1877,Power Transmission Project 0877,Power Transmission,West,Ahmedabad,Vertex Infra,16-06-2023,18-10-2024,08-12-2024,681118046,776734548,86.6,79.5,332,476365694,216625259,83743596,1104,3,4,9,4,86.6,83.5,51,Delayed,541,490,776734549,95616502,-7.1
P1878,Bridge Project 0878,Bridge,West,Pune,Prime Projects,01-04-2023,31-01-2024,24-01-2024,567061103,647825849,83,87.6,265,368063489,134868751,144893609,1634,1,1,13,0,100,89.4,-7,On Track,298,305,647825849,80764746,4.6
P1879,Highway Project 0879,Highway,West,Pune,UrbanWorks,14-12-2024,14-12-2025,02-02-2026,556431956,637613595,90.9,85.3,260,390690485,172143941,74779169,967,1,2,12,4,92.7,91.4,50,Delayed,415,365,637613595,81181639,-5.6
P1880,Building Project 0880,Building,West,Pune,UrbanWorks,07-05-2025,02-06-2027,23-05-2027,888997320,940994715,83,87.6,405,580518633,243870057,116606025,684,2,6,16,0,64.7,92.5,-10,On Track,746,756,940994715,51997395,4.6
P1881,Water Infrastructure Project 0881,Water Infrastructure,Central,Nagpur,MegaBuild,14-06-2024,06-07-2025,12-08-2025,740114834,777084293,87.5,79.8,326,468408196,209409746,99266350,11616,0,5,9,2,67.6,98.1,37,Delayed,424,387,777084292,36969459,-7.7
P1882,Highway Project 0882,Highway,South,Chennai,BuildTech,08-02-2023,11-03-2025,23-05-2025,664678765,745846605,88.8,78.3,250,471449350,163752404,110644851,10100,3,8,8,1,66.4,76,73,Delayed,835,762,745846605,81167840,-10.5
P1883,Power Transmission Project 0883,Power Transmission,South,Bengaluru,Prime Projects,06-05-2023,26-04-2024,15-06-2024,1616655470,1773899318,84.2,76.2,698,943536184,340313289,490049845,3554,0,4,11,3,92.3,100,50,Delayed,406,356,1773899318,157243848,-8
P1884,Highway Project 0884,Highway,South,Bengaluru,BuildTech,26-03-2024,04-01-2026,20-02-2026,684251406,746201341,94.1,79.7,159,375976394,154238006,215986941,3740,2,4,8,1,79.4,86.3,47,Delayed,696,649,746201341,61949935,-14.4
P1885,Building Project 0885,Building,West,Ahmedabad,Shakti Engineering,22-06-2023,23-04-2025,15-05-2025,572840545,582986299,89.5,88.6,243,290255208,128265076,164466015,3048,1,4,7,2,80.7,92.7,22,On Track,693,671,582986299,10145754,-0.9
P1886,Bridge Project 0886,Bridge,West,Ahmedabad,UrbanWorks,14-10-2024,03-03-2025,16-03-2025,617905942,685724167,80.8,83.3,294,417424745,149227616,119071807,312,2,3,7,1,74.6,85.8,13,On Track,153,140,685724168,67818225,2.5
P1887,Water Infrastructure Project 0887,Water Infrastructure,West,Pune,Shakti Engineering,23-01-2025,29-05-2027,19-07-2027,527745795,560655920,93.4,82.1,203,293794106,130298140,136563674,8026,2,3,11,1,87.6,83.5,51,Delayed,907,856,560655920,32910125,-11.3
P1888,Bridge Project 0888,Bridge,Central,Nagpur,ABC Infra,08-08-2023,08-05-2025,31-07-2025,622597607,736376618,97.1,75.9,210,353063906,198549215,184763497,11499,1,7,4,2,74.1,95.4,84,Delayed,723,639,736376618,113779011,-21.2
P1889,Power Transmission Project 0889,Power Transmission,West,Pune,UrbanWorks,29-09-2024,06-05-2025,01-07-2025,1196630621,1305167037,90.7,77.1,372,826412472,262561688,216192877,10699,0,3,6,3,93,100,56,Delayed,275,219,1305167037,108536416,-13.6
P1890,Water Infrastructure Project 0890,Water Infrastructure,Central,Nagpur,BuildTech,27-02-2023,17-07-2025,17-08-2025,548981768,610516199,92.5,87.1,237,349595665,152398232,108522302,5703,2,3,5,5,83.9,84.1,31,Delayed,902,871,610516199,61534431,-5.4
P1891,Building Project 0891,Building,West,Pune,UrbanWorks,21-10-2024,10-06-2026,27-07-2026,1062897186,1165452036,91.3,76.5,476,738920076,293184203,133347757,7754,0,6,11,1,76.9,93.7,47,Delayed,644,597,1165452036,102554850,-14.8
P1892,Power Transmission Project 0892,Power Transmission,North,Delhi,ABC Infra,20-04-2024,08-04-2026,10-06-2026,672670884,716011859,92.3,76.2,341,404262584,184035386,127713890,6451,1,3,9,3,89.3,87,63,Delayed,781,718,716011860,43340975,-16.1
P1893,Water Infrastructure Project 0893,Water Infrastructure,North,Delhi,MegaBuild,31-03-2024,22-05-2025,27-06-2025,388519733,443433482,87.8,87,129,238728534,102079616,102625332,10637,0,3,11,2,90.5,90.4,36,Delayed,453,417,443433482,54913749,-0.8
P1894,Highway Project 0894,Highway,South,Hyderabad,Shakti Engineering,08-04-2025,13-01-2027,12-02-2027,577703059,681917118,87,82.4,273,327575805,145651162,208690150,6530,1,2,8,3,81,94.5,30,On Track,675,645,681917117,104214059,-4.6
P1895,Bridge Project 0895,Bridge,West,Pune,Apex Contractors,13-06-2025,09-09-2026,04-09-2026,928818986,1023159825,85.8,93.3,376,544925341,242895057,235339427,10357,0,5,11,1,82.1,100,-5,Completed,448,453,1023159825,94340839,7.5
P1896,Power Transmission Project 0896,Power Transmission,South,Chennai,Shakti Engineering,27-12-2023,26-04-2024,01-07-2024,670956226,772665944,90.5,75.5,343,356995170,198555788,217114986,400,1,5,13,5,76.5,100,66,Delayed,187,121,772665944,101709718,-15
P1897,Highway Project 0897,Highway,South,Hyderabad,BuildTech,23-07-2025,29-11-2026,18-01-2027,1396579526,1499497619,92.6,85.1,550,871428764,294404883,333663972,5278,0,6,9,3,73.7,100,50,Delayed,544,494,1499497619,102918093,-7.5
P1898,Water Infrastructure Project 0898,Water Infrastructure,West,Ahmedabad,UrbanWorks,01-01-2023,17-02-2024,27-04-2024,612222872,669986381,92.5,76.7,239,371377563,151583054,147025765,9804,1,3,14,3,99.1,99.3,70,Delayed,482,412,669986382,57763509,-15.8
P1899,Power Transmission Project 0899,Power Transmission,North,Jaipur,BuildTech,22-01-2024,24-11-2025,30-12-2025,1242679226,1359204341,88.3,80.4,510,654269387,367647997,337286958,11288,1,6,10,0,64.9,94.4,36,Delayed,708,672,1359204342,116525115,-7.9
P1900,Highway Project 0900,Highway,West,Pune,MegaBuild,30-08-2025,10-11-2026,18-12-2026,1109366261,1148930181,89.2,82.5,518,650067007,281252780,217610394,6834,0,2,12,3,100,94.6,38,Delayed,475,437,1148930181,39563920,-6.7
P1901,Water Infrastructure Project 0901,Water Infrastructure,North,Delhi,UrbanWorks,14-12-2023,26-08-2025,09-10-2025,405842292,465629171,89.2,79.1,218,278291891,134632380,52704901,5004,2,4,14,1,88.5,81.7,44,Delayed,665,621,465629172,59786879,-10.1
P1902,Bridge Project 0902,Bridge,North,Jaipur,Apex Contractors,09-07-2023,20-11-2024,15-01-2025,575594500,608933004,88,79.5,140,376024014,167623422,65285569,749,1,9,11,3,66.5,94.3,56,Delayed,556,500,608933005,33338504,-8.5
P1903,Building Project 0903,Building,Central,Nagpur,UrbanWorks,19-05-2024,31-05-2026,12-06-2026,585454386,588168214,82.3,85.9,139,338723533,137264739,112179941,11931,1,0,13,2,87.6,95.3,12,On Track,754,742,588168213,2713828,3.6
P1904,Highway Project 0904,Highway,North,Jaipur,Apex Contractors,10-07-2023,20-11-2023,05-02-2024,1142703755,1354478861,89.2,66,604,690038208,379875821,284564832,11993,2,4,12,4,85.1,89.2,77,Delayed,210,133,1354478861,211775106,-23.2
P1905,Highway Project 0905,Highway,South,Chennai,BuildTech,22-05-2024,04-02-2026,25-03-2026,742073076,839170916,88.8,74.9,293,523160773,187894551,128115592,3467,2,1,9,4,99.9,82.5,49,Delayed,672,623,839170916,97097840,-13.9
P1906,Water Infrastructure Project 0906,Water Infrastructure,West,Pune,BuildTech,04-01-2024,19-12-2024,24-01-2025,372880695,385881343,89.8,82.9,157,233946115,82570434,69364793,5680,0,0,12,3,93.2,100,36,Delayed,386,350,385881342,13000648,-6.9
P1907,Power Transmission Project 0907,Power Transmission,South,Bengaluru,ABC Infra,13-02-2024,03-09-2024,18-11-2024,1778841433,2009435594,87.9,76.1,674,1236303505,557234940,215897150,8612,3,4,13,4,81,77.9,76,Delayed,279,203,2009435595,230594161,-11.8
P1908,Power Transmission Project 0908,Power Transmission,North,Jaipur,Vertex Infra,03-04-2025,08-12-2025,24-01-2026,631597996,671162631,91.2,74,158,371286575,150549590,149326466,11929,1,2,9,0,95.1,90.3,47,Delayed,296,249,671162631,39564635,-17.2
P1909,Building Project 0909,Building,South,Bengaluru,Vertex Infra,17-07-2025,26-11-2027,28-02-2028,931428645,996934186,100,75.9,441,547766094,218517676,230650416,4156,0,4,9,1,88.2,97,94,Delayed,956,862,996934186,65505541,-24.1
P1910,Highway Project 0910,Highway,Central,Nagpur,MegaBuild,22-07-2025,12-04-2026,11-06-2026,1345996731,1402083330,93.1,84.7,628,855744363,397268716,149070251,1375,1,2,5,3,94.8,100,60,Delayed,324,264,1402083330,56086599,-8.4
P1911,Water Infrastructure Project 0911,Water Infrastructure,South,Hyderabad,Vertex Infra,27-04-2023,21-09-2023,08-10-2023,482314539,523858788,88.1,88.2,155,310366983,106145014,107346791,4713,0,3,10,2,92.5,97.8,17,On Track,164,147,523858788,41544249,0.1
P1912,Metro Project 0912,Metro,South,Bengaluru,ABC Infra,14-05-2023,15-11-2023,29-12-2023,1258540700,1428159630,89.1,81.2,404,709325427,346970046,371864157,11214,0,4,9,3,90,99.6,44,Delayed,229,185,1428159630,169618930,-7.9
P1913,Power Transmission Project 0913,Power Transmission,South,Hyderabad,Shakti Engineering,27-02-2023,06-12-2023,06-02-2024,781210663,806625475,89.5,80.9,387,464643953,162921838,179059684,1001,0,4,12,4,79.3,100,62,Delayed,344,282,806625475,25414812,-8.6
P1914,Power Transmission Project 0914,Power Transmission,North,Delhi,Apex Contractors,09-07-2024,22-06-2025,17-08-2025,1448892257,1560207530,90.5,82.7,353,770711882,404092566,385403082,3648,0,4,19,3,86,94.5,56,Delayed,404,348,1560207530,111315273,-7.8
P1915,Water Infrastructure Project 0915,Water Infrastructure,West,Pune,UrbanWorks,15-11-2024,30-11-2025,27-02-2026,691397988,746830961,90,69.9,353,459391388,179405621,108033952,8485,1,4,7,6,82,92.2,89,Delayed,469,380,746830961,55432973,-20.1
P1916,Power Transmission Project 0916,Power Transmission,North,Jaipur,BuildTech,02-11-2024,24-05-2026,15-06-2026,1552122266,1584191853,88.2,84.8,472,885336409,419763230,279092214,11757,0,4,4,0,83.7,100,22,On Track,590,568,1584191853,32069587,-3.4
P1917,Highway Project 0917,Highway,North,Delhi,UrbanWorks,22-06-2023,16-12-2024,06-01-2025,1502167825,1642381339,88,83.7,624,786521386,477058202,378801751,7136,2,6,9,0,68.8,88.3,21,On Track,564,543,1642381339,140213514,-4.3
P1918,Water Infrastructure Project 0918,Water Infrastructure,North,Delhi,UrbanWorks,08-04-2025,08-11-2026,20-01-2027,721116055,759521324,92.6,81.1,381,479099286,193326033,87096006,8512,2,5,7,3,75.5,86.8,73,Delayed,652,579,759521325,38405269,-11.5
P1919,Metro Project 0919,Metro,Central,Indore,Prime Projects,25-03-2025,29-05-2027,12-07-2027,1298586042,1500196935,89,80.9,576,839968947,329690633,330537354,10938,1,4,11,2,82.2,82.5,44,Delayed,839,795,1500196934,201610893,-8.1
P1920,Power Transmission Project 0920,Power Transmission,West,Mumbai,Shakti Engineering,29-05-2023,22-07-2024,04-10-2024,899565566,999395437,92.3,79.3,320,478289797,280717928,240387712,6134,1,6,14,3,64.5,96.5,74,Delayed,494,420,999395437,99829871,-13
P1921,Metro Project 0921,Metro,South,Chennai,Prime Projects,21-03-2023,16-05-2024,08-07-2024,2657543587,2861985568,89.1,83.9,1189,1437870240,743630213,680485115,2549,2,2,8,3,95.5,88.8,53,Delayed,475,422,2861985568,204441981,-5.2
P1922,Water Infrastructure Project 0922,Water Infrastructure,South,Hyderabad,Vertex Infra,04-06-2025,15-07-2026,07-09-2026,429130176,429880690,82.8,71.3,143,264032959,107879364,57968367,11005,0,6,12,1,76.9,99.3,54,Delayed,460,406,429880690,750514,-11.5
P1923,Power Transmission Project 0923,Power Transmission,Central,Indore,UrbanWorks,01-08-2023,27-12-2024,12-01-2025,692752004,755013258,85.8,84.7,215,409691655,162249766,183071836,3522,2,4,14,1,80.7,77.4,16,On Track,530,514,755013257,62261254,-1.1
P1924,Highway Project 0924,Highway,West,Mumbai,Apex Contractors,22-07-2023,28-11-2023,18-11-2023,1257427656,1342945035,83.6,95,690,843366440,266235408,233343187,5291,1,2,11,1,87.8,93.9,-10,Completed,119,129,1342945035,85517379,11.4
P1925,Bridge Project 0925,Bridge,South,Chennai,BuildTech,02-02-2025,09-05-2027,07-08-2027,744584243,797906683,90.8,72.7,348,394355104,197708297,205843282,9674,0,10,7,4,64.4,100,90,Delayed,916,826,797906683,53322440,-18.1
P1926,Water Infrastructure Project 0926,Water Infrastructure,South,Hyderabad,Apex Contractors,17-08-2023,04-09-2025,24-09-2025,859124232,883107895,83.2,79.9,371,460822347,223680780,198604768,10849,1,4,2,1,84.2,92.3,20,On Track,769,749,883107895,23983663,-3.3
P1927,Bridge Project 0927,Bridge,West,Pune,UrbanWorks,06-11-2024,30-11-2025,23-02-2026,948960434,1145530290,88,73.6,320,695437449,234289430,215803412,8418,0,5,11,7,79.9,100,85,Delayed,474,389,1145530291,196569856,-14.4
P1928,Metro Project 0928,Metro,South,Chennai,Shakti Engineering,15-08-2023,26-07-2025,12-09-2025,1169029576,1281029545,88.5,85.1,276,729094105,245424449,306510991,2851,0,6,13,4,64.3,100,48,Delayed,759,711,1281029545,111999969,-3.4
P1929,Metro Project 0929,Metro,North,Jaipur,Apex Contractors,20-10-2024,14-10-2026,17-11-2026,2866756003,3089934652,89,83.6,660,1692025759,691134754,706774139,10565,1,5,7,1,76.7,89.2,34,Delayed,758,724,3089934652,223178649,-5.4
P1930,Highway Project 0930,Highway,North,Delhi,Prime Projects,15-06-2024,29-11-2026,02-01-2027,792692341,869198715,93.5,86.1,319,552034101,170823359,146341256,8557,1,2,8,2,86.6,95,34,Delayed,931,897,869198716,76506374,-7.4
P1931,Power Transmission Project 0931,Power Transmission,West,Mumbai,BuildTech,16-03-2024,09-07-2025,07-09-2025,1013027113,1068067338,94.2,78.4,477,547945563,212060494,308061281,8402,1,1,10,1,97.9,94.4,60,Delayed,540,480,1068067338,55040225,-15.8
P1932,Building Project 0932,Building,West,Mumbai,UrbanWorks,06-02-2024,16-02-2025,02-03-2025,645116196,728806367,87,86.2,256,459913765,177373043,91519558,8963,1,4,12,1,87.8,89,14,On Track,390,376,728806366,83690171,-0.8
P1933,Highway Project 0933,Highway,West,Mumbai,MegaBuild,16-02-2023,26-10-2023,19-01-2024,576029390,635318979,89.9,73.1,286,375915349,177603151,81800480,2514,1,4,14,6,86.1,98.7,85,Delayed,337,252,635318980,59289589,-16.8
P1934,Bridge Project 0934,Bridge,South,Hyderabad,Shakti Engineering,21-08-2023,19-09-2024,13-10-2024,822125223,872996593,88.3,79.2,189,426951728,229712725,216332140,11717,0,7,8,1,69.3,100,24,On Track,419,395,872996593,50871370,-9.1
P1935,Bridge Project 0935,Bridge,North,Jaipur,Unknown,01-11-2023,14-04-2026,27-04-2026,514237755,538785646,91.7,88.9,175,304016898,142168958,92599790,8834,1,2,9,1,84.6,99.7,13,On Track,908,895,538785646,24547891,-2.8
P1936,Highway Project 0936,Highway,South,Chennai,MegaBuild,09-06-2024,20-08-2026,28-08-2026,941513991,949373985,89.7,91.7,280,598018445,206329777,145025763,1017,0,1,7,0,100,100,8,Completed,810,802,949373985,7859994,2
P1937,Bridge Project 0937,Bridge,North,Delhi,Apex Contractors,23-05-2023,13-02-2025,15-05-2025,701835575,759162869,91.8,74.4,257,429278963,141523692,188360214,2760,1,6,11,4,66.1,94.4,91,Delayed,723,632,759162869,57327294,-17.4
P1938,Metro Project 0938,Metro,North,Jaipur,UrbanWorks,19-02-2024,26-04-2025,16-04-2025,2520223365,2710448234,85.5,99,614,1603521332,683421507,423505395,3555,0,3,11,2,83.6,100,-10,Completed,422,432,2710448234,190224869,13.5
P1939,Metro Project 0939,Metro,Central,Indore,Shakti Engineering,27-05-2024,22-04-2026,09-06-2026,2580277613,2835438973,90.9,79.8,1380,1545063263,670541098,619834612,6090,0,1,13,0,91,100,48,Delayed,743,695,2835438973,255161360,-11.1
P1940,Water Infrastructure Project 0940,Water Infrastructure,West,Pune,BuildTech,08-01-2024,14-02-2025,25-02-2025,395314794,407323625,84.4,86.6,116,243833889,118176198,45313538,11757,0,3,15,2,83.3,98.9,11,On Track,414,403,407323625,12008831,2.2
P1941,Metro Project 0941,Metro,South,Bengaluru,UrbanWorks,19-07-2024,16-03-2025,17-05-2025,1715771351,1926931048,86.9,74.8,899,1241590523,388652807,296687717,5634,1,4,12,6,86,97.5,62,Delayed,302,240,1926931047,211159697,-12.1
P1942,Building Project 0942,Building,North,Jaipur,UrbanWorks,04-06-2025,16-01-2026,08-02-2026,624447510,692161280,90.4,,225,413983344,189664783,88513154,7130,0,1,13,3,96.6,98.4,23,On Track,249,226,692161281,67713770,-90.4
P1943,Building Project 0943,Building,Central,Indore,Prime Projects,16-09-2023,30-11-2025,30-11-2025,465758467,532488874,82.2,77.4,253,317767397,123624617,91096860,8054,0,3,12,1,84.6,100,0,On Track,806,806,532488874,66730407,-4.8
P1944,Building Project 0944,Building,North,Delhi,Shakti Engineering,17-10-2024,05-09-2025,08-10-2025,928394256,1043393495,81.2,80.3,373,544449885,305513738,193429871,7240,2,5,11,1,81.2,83,33,Delayed,356,323,1043393494,114999239,-0.9
P1945,Water Infrastructure Project 0945,Water Infrastructure,South,Bengaluru,Shakti Engineering,15-04-2024,24-01-2025,08-02-2025,730373139,767371121,85.4,84.7,385,486514239,192949220,87907661,11022,1,1,8,1,94.8,93.2,15,On Track,299,284,767371120,36997982,-0.7
P1946,Building Project 0946,Building,South,Bengaluru,MegaBuild,10-08-2025,08-10-2026,26-11-2026,493622977,522732868,86.2,78.1,109,255968242,151266417,115498209,3932,3,2,13,1,95.3,81.4,49,Delayed,473,424,522732868,29109891,-8.1
P1947,Power Transmission Project 0947,Power Transmission,North,Jaipur,Prime Projects,28-08-2025,06-05-2027,04-07-2027,1048733509,1200663751,86.7,74,489,757431966,303271884,139959901,9547,1,5,9,3,76.1,98.2,59,Delayed,675,616,1200663751,151930242,-12.7
P1948,Water Infrastructure Project 0948,Water Infrastructure,West,Mumbai,Apex Contractors,12-01-2023,01-02-2025,14-03-2025,366512040,424500397,87.9,80.6,189,224844334,104154809,95501254,314,1,7,13,4,72.7,91.8,41,Delayed,792,751,424500397,57988357,-7.3
P1949,Building Project 0949,Building,West,Ahmedabad,Vertex Infra,26-11-2023,01-10-2025,22-11-2025,806667717,878495159,91.2,80.4,214,496310477,265487519,116697163,11881,3,6,13,0,78,79.8,52,Delayed,727,675,878495159,71827442,-10.8
P1950,Power Transmission Project 0950,Power Transmission,North,Delhi,Apex Contractors,05-01-2025,07-10-2025,22-12-2025,751860029,794109063,97.8,78.6,189,492568273,191826441,109714349,11806,0,1,10,2,100,94.1,76,Delayed,351,275,794109063,42249034,-19.2
P1951,Building Project 0951,Building,West,Mumbai,Apex Contractors,22-02-2025,23-06-2026,06-08-2026,1062442931,1258021835,87.5,80.2,382,763646247,353338991,141036597,8508,3,2,13,3,95.3,72.8,44,Delayed,530,486,1258021835,195578904,-7.3
P1952,Metro Project 0952,Metro,North,Delhi,Prime Projects,25-08-2025,11-12-2027,02-02-2028,2535750508,2877452543,91.5,78,1339,1772100053,557088626,548263865,11073,2,2,9,0,98.6,87.9,53,Delayed,891,838,2877452544,341702035,-13.5
P1953,Metro Project 0953,Metro,West,Ahmedabad,Shakti Engineering,24-12-2023,01-01-2026,28-02-2026,1762672328,1945068941,95,81.7,703,1049814036,397763245,497491659,10271,0,2,6,4,89.9,100,58,Delayed,797,739,1945068940,182396613,-13.3
P1954,Highway Project 0954,Highway,West,Pune,UrbanWorks,29-08-2025,03-09-2026,28-10-2026,1127099309,1221609320,94.3,83.5,444,611452908,286768501,323387911,2249,0,8,12,0,71,96.5,55,Delayed,425,370,1221609320,94510011,-10.8
P1955,Power Transmission Project 0955,Power Transmission,West,Ahmedabad,Prime Projects,12-02-2024,10-05-2025,01-08-2025,1707723598,1836388303,86.9,72.3,455,1171864922,462268264,202255117,8572,1,7,11,4,72.2,95.1,83,Delayed,536,453,1836388303,128664705,-14.6
P1956,Water Infrastructure Project 0956,Water Infrastructure,Central,Nagpur,MegaBuild,29-10-2024,29-11-2026,30-01-2027,637730065,683386443,93.5,84.5,140,346666743,176583225,160136475,7099,0,2,11,2,85.9,100,62,Delayed,823,761,683386443,45656378,-9
P1957,Power Transmission Project 0957,Power Transmission,North,Jaipur,Prime Projects,08-01-2024,29-09-2025,25-12-2025,816143169,935566640,95.2,77.4,397,570422647,188132454,177011539,6879,0,2,5,5,92.6,95.2,87,Delayed,717,630,935566640,119423471,-17.8
P1958,Building Project 0958,Building,North,Jaipur,MegaBuild,08-01-2023,24-02-2024,07-04-2024,628272899,627737613,96.1,84,156,393087162,164581285,70069166,3379,1,4,13,1,84.8,91.6,43,Delayed,455,412,627737613,-535286,-12.1
P1959,Bridge Project 0959,Bridge,Central,Indore,Apex Contractors,02-05-2023,18-09-2023,05-12-2023,1108094514,1225761046,96.3,76.5,475,777015920,252353228,196391898,8427,0,7,12,1,72.3,96.6,78,Delayed,217,139,1225761046,117666532,-19.8
P1960,Highway Project 0960,Highway,West,Mumbai,Vertex Infra,14-12-2023,18-01-2025,13-03-2025,1195702602,1370428074,85.6,74.4,623,756409810,409133911,204884353,9510,2,8,7,3,66.5,81.7,54,Delayed,455,401,1370428074,174725472,-11.2
P1961,Water Infrastructure Project 0961,Water Infrastructure,Central,Indore,Prime Projects,06-11-2024,06-03-2025,08-05-2025,696188253,782890604,91,81.9,201,464804880,181068913,137016811,9271,2,3,8,3,90.3,86.7,63,Delayed,183,120,782890604,86702351,-9.1
P1962,Building Project 0962,Building,Central,Nagpur,MegaBuild,31-03-2023,24-11-2023,16-11-2023,977277362,1008811161,87.2,93.4,429,568683432,221030287,219097442,2124,0,4,13,0,79.7,97.3,-8,Completed,230,238,1008811161,31533799,6.2
P1963,Power Transmission Project 0963,Power Transmission,West,Ahmedabad,Prime Projects,09-10-2024,12-03-2025,03-04-2025,1686707400,1775959140,84.8,81.6,414,959990385,402047819,413920936,6629,1,2,11,1,91.3,92.6,22,On Track,176,154,1775959140,89251740,-3.2
P1964,Metro Project 0964,Metro,North,Jaipur,Vertex Infra,28-11-2024,11-10-2025,14-12-2025,2811189292,2952536874,91.9,77.2,1178,1537380388,915040961,500115526,4164,0,3,12,2,90.7,97.8,64,Delayed,381,317,2952536875,141347582,-14.7
P1965,Building Project 0965,Building,South,Hyderabad,Apex Contractors,12-11-2023,08-07-2025,06-09-2025,425317173,497052592,90.8,79.2,116,297986092,118578895,80487605,10961,2,3,12,2,89.7,85.4,60,Delayed,664,604,497052592,71735419,-11.6
P1966,Building Project 0966,Building,West,Ahmedabad,Prime Projects,27-06-2023,19-11-2025,30-11-2025,746550091,866604204,90.7,91.7,345,438431099,215413848,212759257,2813,0,7,5,3,66.3,94.6,11,Completed,887,876,866604204,120054113,1
P1967,Building Project 0967,Building,West,Ahmedabad,BuildTech,23-06-2024,18-12-2024,23-01-2025,886964308,948792695,88.1,79.7,283,546572520,239300689,162919485,10622,1,2,11,0,95.3,98.1,36,Delayed,214,178,948792694,61828387,-8.4
P1968,Building Project 0968,Building,Central,Nagpur,MegaBuild,01-01-2025,08-10-2025,09-01-2026,898702694,984917663,99.8,77.8,335,571704142,291986061,121227460,7010,3,6,7,1,73.9,80.7,93,Delayed,373,280,984917663,86214969,-22
P1969,Water Infrastructure Project 0969,Water Infrastructure,West,Pune,Vertex Infra,18-05-2025,06-08-2027,13-10-2027,669563302,723852392,96,77.8,279,394871040,167458259,161523093,8816,3,2,13,1,89.6,79.4,68,Delayed,878,810,723852392,54289090,-18.2
P1970,Metro Project 0970,Metro,North,Delhi,MegaBuild,10-02-2023,01-01-2024,10-02-2024,1320238924,1387396894,88.3,85.4,365,715598491,304735679,367062724,3790,1,2,8,1,97.4,92.5,40,Delayed,365,325,1387396894,67157970,-2.9
P1971,Water Infrastructure Project 0971,Water Infrastructure,Central,Nagpur,MegaBuild,09-01-2025,20-05-2025,27-05-2025,784939435,793992493,89.9,90.9,364,473220018,198245869,122526607,9168,2,3,9,2,95.2,91.1,7,Completed,138,131,793992494,9053058,1
P1972,Building Project 0972,Building,North,Delhi,ABC Infra,04-12-2024,05-08-2026,02-10-2026,872379603,950813276,92,78.6,279,537533398,238525922,174753955,6425,0,7,6,2,73.6,100,58,Delayed,667,609,950813275,78433673,-13.4
P1973,Power Transmission Project 0973,Power Transmission,North,Jaipur,Vertex Infra,11-07-2025,10-08-2026,28-09-2026,709224284,813767732,94.1,84.4,311,476669324,156680562,180417846,8379,2,3,11,0,84,85.9,49,Delayed,444,395,813767732,104543448,-9.7
P1974,Power Transmission Project 0974,Power Transmission,Central,Nagpur,Prime Projects,16-05-2024,06-08-2026,03-10-2026,1166209888,1296049701,91.9,81.5,317,620196953,326056730,349796018,10503,2,2,17,3,99.4,88.2,58,Delayed,870,812,1296049701,129839813,-10.4
P1975,Metro Project 0975,Metro,North,Delhi,MegaBuild,16-08-2025,12-08-2026,31-10-2026,1334475251,1426920470,90.5,71,596,710437212,372130016,344353243,5188,1,6,10,2,80.4,99.9,80,Delayed,441,361,1426920471,92445219,-19.5
P1976,Metro Project 0976,Metro,Central,Indore,Shakti Engineering,25-05-2023,24-04-2024,05-05-2024,1658204551,1773555937,84.3,81.6,434,875195536,467570483,430789918,11625,1,0,14,1,96.6,94.5,11,On Track,346,335,1773555937,115351386,-2.7
P1977,Power Transmission Project 0977,Power Transmission,Central,Nagpur,ABC Infra,20-07-2023,24-07-2024,22-09-2024,626878122,665605793,97.9,82.3,225,336602470,207050877,121952446,3004,0,2,12,2,97.3,100,60,Delayed,430,370,665605793,38727671,-15.6
P1978,Building Project 0978,Building,North,Jaipur,BuildTech,17-07-2025,19-03-2026,28-04-2026,643735856,668371303,87.5,85.9,194,335306812,157848465,175216027,9686,2,3,12,1,82.9,83.6,40,Delayed,285,245,668371304,24635447,-1.6
P1979,Power Transmission Project 0979,Power Transmission,Central,Nagpur,MegaBuild,24-12-2024,25-11-2025,01-01-2026,1270351075,1304797511,94.2,88.9,593,788056337,328735273,188005900,6560,0,3,8,2,74.7,98.8,37,Delayed,373,336,1304797510,34446436,-5.3
P1980,Highway Project 0980,Highway,North,Jaipur,Apex Contractors,05-04-2024,04-06-2025,28-06-2025,1169963810,1224883093,90.1,85.7,358,599198077,248778803,376906213,11567,1,1,5,0,100,89.4,24,On Track,449,425,1224883093,54919283,-4.4
P1981,Building Project 0981,Building,Central,Nagpur,MegaBuild,01-01-2025,01-11-2025,15-11-2025,831895597,839008160,95,93.9,425,408733441,242864467,187410253,9396,0,4,10,1,76.6,99.2,14,Completed,318,304,839008161,7112563,-1.1
P1982,Power Transmission Project 0982,Power Transmission,North,Delhi,ABC Infra,21-01-2025,28-06-2025,09-08-2025,1616912489,1760130116,84.8,78.4,831,826815278,349768860,583545977,4897,1,5,8,2,78.4,97.3,42,Delayed,200,158,1760130115,143217627,-6.4
P1983,Power Transmission Project 0983,Power Transmission,West,Pune,Prime Projects,13-07-2025,20-06-2026,02-08-2026,865710118,929677801,87.5,77.3,246,543513379,269273440,116890983,3204,3,3,16,0,92,91.6,43,Delayed,385,342,929677802,63967683,-10.2
P1984,Metro Project 0984,Metro,South,Chennai,Shakti Engineering,27-06-2025,26-04-2026,07-06-2026,1228554008,1351786186,89.4,76.8,519,794949262,321967741,234869183,11792,1,1,10,2,88,88.4,42,Delayed,345,303,1351786186,123232178,-12.6
P1985,Water Infrastructure Project 0985,Water Infrastructure,North,Delhi,Apex Contractors,11-07-2024,17-03-2026,14-04-2026,817679989,865909617,86.3,79.7,203,485802049,206548753,173558815,1423,0,4,8,1,82,100,28,On Track,642,614,865909617,48229628,-6.6
P1986,Building Project 0986,Building,West,Mumbai,BuildTech,30-06-2024,28-12-2025,10-03-2026,469478163,500943099,87.9,71.5,163,300435761,115408036,85099302,7235,2,5,12,3,74,94.9,72,Delayed,618,546,500943099,31464936,-16.4
P1987,Highway Project 0987,Highway,South,Bengaluru,Apex Contractors,10-09-2023,03-07-2024,08-09-2024,1541124285,1669134435,95.2,85.6,701,966603566,503753471,198777398,4616,1,5,8,1,68.3,86.7,67,Delayed,364,297,1669134435,128010150,-9.6
P1988,Water Infrastructure Project 0988,Water Infrastructure,West,Pune,MegaBuild,25-01-2024,25-07-2025,20-08-2025,812235629,892952377,92.2,94.1,355,433706825,275986225,183259328,11549,0,0,7,2,100,97.7,26,Completed,573,547,892952378,80716748,1.9
P1989,Water Infrastructure Project 0989,Water Infrastructure,Central,Indore,Prime Projects,16-08-2024,03-10-2025,06-12-2025,605530347,659398352,95.8,76.7,258,396549768,191290898,71557686,2570,3,7,7,2,69.2,72.8,64,Delayed,477,413,659398352,53868005,-19.1
P1990,Power Transmission Project 0990,Power Transmission,West,Ahmedabad,Vertex Infra,01-06-2025,26-02-2026,08-04-2026,1792519924,2048596843,90.3,78.8,561,1087124072,549189072,412283700,3024,3,4,12,0,89.6,77.3,41,Delayed,311,270,2048596844,256076919,-11.5
P1991,Building Project 0991,Building,North,Delhi,Shakti Engineering,13-09-2023,28-01-2025,18-03-2025,427124361,462276792,89.4,77.8,147,258257714,96650328,107368750,8421,2,1,9,2,98.3,83.3,49,Delayed,552,503,462276792,35152431,-11.6
P1992,Metro Project 0992,Metro,Central,Nagpur,Vertex Infra,09-12-2024,05-01-2027,15-03-2027,1590070207,1742239619,84.8,71,403,1034629403,395954654,311655562,7971,1,8,5,3,68.4,95,69,Delayed,826,757,1742239619,152169412,-13.8
P1993,Highway Project 0993,Highway,North,Delhi,Shakti Engineering,25-03-2025,26-05-2026,30-06-2026,1189444514,1254464285,94.2,88.3,543,657820342,290844107,305799835,2558,1,3,9,2,86.9,90.2,35,Delayed,462,427,1254464284,65019771,-5.9
P1994,Bridge Project 0994,Bridge,South,Hyderabad,BuildTech,09-07-2025,07-10-2026,09-12-2026,701255666,752537094,89.4,80.3,270,356838545,203838421,191860127,4162,0,1,11,2,100,92.3,63,Delayed,518,455,752537093,51281428,-9.1
P1995,Metro Project 0995,Metro,West,Pune,UrbanWorks,25-03-2024,07-08-2026,18-09-2026,2828177653,3159282165,90.8,86.6,1283,2019096555,782997956,357187654,9422,2,2,16,5,84.3,82.7,42,Delayed,907,865,3159282165,331104512,-4.2
P1996,Water Infrastructure Project 0996,Water Infrastructure,South,Chennai,Shakti Engineering,10-01-2023,18-05-2024,27-07-2024,342203783,356940063,87.8,77.7,103,204183176,94432576,58324311,3946,2,7,10,1,68.8,87.4,70,Delayed,564,494,356940063,14736280,-10.1
P1997,Metro Project 0997,Metro,Central,Indore,UrbanWorks,03-04-2025,08-08-2025,23-11-2025,2077835427,2422479656,100,75.6,679,1279891203,459524694,683063759,7325,2,4,9,3,81.4,91.2,107,Delayed,234,127,2422479656,344644229,-24.4
P1998,Power Transmission Project 0998,Power Transmission,South,Hyderabad,Vertex Infra,08-03-2025,11-06-2026,04-07-2026,1319948184,1413321932,90.5,89.3,435,865982477,390187340,157152115,1571,1,4,9,2,73.8,88.4,23,On Track,483,460,1413321932,93373748,-1.2
P1999,Power Transmission Project 0999,Power Transmission,North,Jaipur,Shakti Engineering,30-08-2023,04-05-2024,09-06-2024,1394801030,1586768670,87.1,79.8,318,772379233,482874838,331514598,9289,0,3,11,2,79.9,99.8,36,Delayed,284,248,1586768669,191967640,-7.3
P2000,Building Project 1000,BUILDING,South,Hyderabad,BuildTech,08-09-2023,19-02-2026,15-03-2026,540301350,570956287,85.4,84.4,179,283282685,148375793,139297808,11626,1,2,13,4,92.8,92.6,24,On Track,919,895,570956286,30654937,-1
P2001,Power Transmission Project 1001,Power Transmission,North,Delhi,ABC Infra,26-05-2025,23-07-2027,24-10-2027,1046125377,1216815993,92.1,77.6,507,612625651,351443419,252746922,3763,3,5,9,4,82.8,86.9,93,Delayed,881,788,1216815992,170690616,-14.5
P2002,Water Infrastructure Project 1002,Water Infrastructure,Central,Indore,BuildTech,05-01-2023,20-04-2024,09-06-2024,812926720,918791408,87,78.6,419,551160685,223131583,144499140,11079,1,2,10,2,88.9,100,50,Delayed,521,471,918791408,105864688,-8.4
P2003,Building Project 1003,Building,North,Delhi,BuildTech,29-04-2023,18-08-2024,28-09-2024,496884080,565604999,88.2,83.4,194,301704301,110439830,153460868,8908,0,4,8,3,76.2,99.7,41,Delayed,518,477,565604999,68720919,-4.8
P2004,Highway Project 1004,Highway,North,Jaipur,ABC Infra,11-03-2025,07-12-2026,16-12-2026,1386576900,1548816440,83.9,81.7,513,916743381,453674504,178398555,10847,1,6,5,3,76.7,96.6,9,On Track,645,636,1548816440,162239540,-2.2
P2005,Bridge Project 1005,Bridge,West,Ahmedabad,ABC Infra,09-01-2024,14-09-2025,03-11-2025,876690724,995882965,90.3,79,201,489485827,201793319,304603820,5241,2,3,7,3,83.6,85.2,50,Delayed,664,614,995882966,119192241,-11.3
P2006,Building Project 1006,Building,Central,Indore,Prime Projects,06-03-2023,27-09-2023,21-11-2023,902464071,997978702,90.2,77.6,460,568427919,207985470,221565313,1197,1,5,7,2,71.5,89.2,55,Delayed,260,205,997978702,95514631,-12.6
P2007,Power Transmission Project 1007,Power Transmission,West,Ahmedabad,Shakti Engineering,26-05-2023,15-03-2024,04-05-2024,1468464913,1500592229,97.4,84.8,329,810619568,301659816,388312845,8544,2,3,7,0,83.1,88.3,50,Delayed,344,294,1500592229,32127316,-12.6
P2008,Bridge Project 1008,Bridge,West,Pune,Vertex Infra,12-08-2023,19-06-2024,14-08-2024,583696984,633849363,87.9,74.9,310,,170134195,134485201,905,0,4,13,1,92,99.1,56,Delayed,368,312,304619396,50152379,-13
P2009,Power Transmission Project 1009,Power Transmission,West,Pune,Prime Projects,27-08-2023,30-10-2024,20-10-2024,1293263411,1316756390,81.2,87.4,493,824926097,342029591,149800702,3977,1,2,6,1,98,93.5,-10,On Track,420,430,1316756390,23492979,6.2
P2010,Water Infrastructure Project 1010,Water Infrastructure,West,Ahmedabad,ABC Infra,26-06-2023,19-02-2024,17-04-2024,827472507,855761649,89.1,75.6,275,482009815,189414660,184337174,4847,2,8,4,0,58.1,74.2,58,Delayed,296,238,855761649,28289142,-13.5
P2011,Highway Project 1011,Highway,West,Pune,UrbanWorks,17-02-2025,20-01-2026,13-05-2026,974061467,1115878692,95.2,72.6,511,635230849,329954575,150693268,8952,2,4,8,6,83.5,88.1,113,Delayed,450,337,1115878692,141817225,-22.6
P2012,Power Transmission Project 1012,Power Transmission,Central,Indore,Vertex Infra,02-05-2025,30-10-2026,23-12-2026,1774574832,1874772277,92.4,79.4,404,935499659,574877356,364395262,1074,0,5,7,2,78.3,100,54,Delayed,600,546,1874772277,100197445,-13
P2013,Building Project 1013,Building,Central,Nagpur,UrbanWorks,09-10-2023,25-03-2025,31-05-2025,680833797,810522890,94.3,81.3,280,482483491,174738558,153300840,5556,1,3,13,6,85.2,94.8,67,Delayed,600,533,810522889,129689093,-13
P2014,Bridge Project 1014,Bridge,West,Mumbai,BuildTech,04-03-2023,23-10-2023,06-12-2023,530298150,601029441,91.8,78.6,212,315937368,159959561,125132512,5791,2,4,5,0,76.8,81.3,44,Delayed,277,233,601029441,70731291,-13.2
P2015,Building Project 1015,Building,West,Pune,MegaBuild,05-08-2023,25-04-2024,31-05-2024,635945796,764743971,88.2,78.3,185,450611432,216861896,97270643,4330,4,6,10,0,79.9,74,36,Delayed,300,264,764743971,128798175,-9.9
P2016,Highway Project 1016,Highway,West,Pune,BuildTech,03-05-2025,19-02-2027,02-04-2027,1517029015,1520574542,85.5,74,548,948687740,360751713,211135089,11819,1,3,8,0,90.1,90,42,Delayed,699,657,1520574542,3545527,-11.5
P2017,Building Project 1017,Building,North,Delhi,BuildTech,06-04-2025,13-05-2027,05-07-2027,586100407,608310342,86.1,80.5,255,309030346,137602726,161677270,5456,2,5,7,1,85,85.9,53,Delayed,820,767,608310342,22209935,-5.6
P2018,Building Project 1018,Building,West,Ahmedabad,MegaBuild,05-03-2025,01-05-2026,30-05-2026,978190184,1088674917,87.6,81.8,449,589942720,246935832,251796365,6073,2,6,9,0,86.3,85.8,29,On Track,451,422,1088674917,110484733,-5.8
P2019,Bridge Project 1019,Bridge,South,Bengaluru,Shakti Engineering,19-11-2024,01-04-2027,27-04-2027,1139531812,1202386009,92.5,86.1,250,716377698,337022384,148985927,7475,0,4,11,1,81.9,93.6,26,On Track,889,863,1202386009,62854197,-6.4
P2020,Power Transmission Project 1020,Power Transmission,South,Chennai,ABC Infra,05-04-2024,13-03-2026,17-04-2026,1028725694,1089596515,89.7,80.9,544,552954809,261639341,275002365,11814,4,3,7,1,92.3,79.2,35,Delayed,742,707,1089596515,60870821,-8.8
P2021,Building Project 1021,Building,South,Hyderabad,UrbanWorks,17-07-2025,24-10-2026,25-12-2026,417029226,448546423,82.8,73.1,114,277807840,120746875,49991708,11186,3,5,8,1,75.2,78.5,62,Delayed,526,464,448546423,31517197,-9.7
P2022,Metro Project 1022,Metro,West,Pune,BuildTech,01-09-2024,30-12-2024,21-02-2025,2424624660,2607688741,91.3,79.5,720,1433163998,716802186,457722557,3818,0,2,8,3,95,97.2,53,Delayed,173,120,2607688741,183064081,-11.8
P2023,Bridge Project 1023,Bridge,South,Hyderabad,MegaBuild,15-04-2023,06-01-2024,19-03-2024,669497647,758936579,94.9,77.1,205,407455071,168763973,182717535,7075,1,7,7,3,78.7,91.4,73,Delayed,339,266,758936579,89438932,-17.8
P2024,Power Transmission Project 1024,Power Transmission,Central,Indore,Prime Projects,09-04-2023,19-05-2024,14-06-2024,1552337573,1587228566,83.7,74.8,360,808128460,353696406,425403699,7906,4,4,10,1,78.7,77.9,26,On Track,432,406,1587228565,34890993,-8.9
P2025,Highway Project 1025,Highway,South,Bengaluru,BuildTech,25-05-2024,07-07-2026,31-08-2026,985074316,1105080568,92.2,80.5,256,557985415,229643224,317451930,5678,3,3,10,3,85.4,83.6,55,Delayed,828,773,1105080569,120006252,-11.7
P2026,Metro Project 1026,Metro,South,Chennai,UrbanWorks,20-01-2024,10-07-2024,20-07-2024,1950828150,2125470600,81.6,81.5,1064,1135910836,421960280,567599484,6973,2,2,14,3,92.8,84.9,10,On Track,182,172,2125470600,174642450,-0.1
P2027,Highway Project 1027,Highway,West,Ahmedabad,ABC Infra,09-02-2024,07-04-2025,19-05-2025,1335415330,1411393014,86.5,80.8,432,679065079,282729589,449598346,6744,3,2,22,1,92.5,88.3,42,Delayed,465,423,1411393014,75977684,-5.7
P2028,Highway Project 1028,Highway,West,Mumbai,BuildTech,02-04-2025,07-10-2025,07-11-2025,922069681,1046862869,84.9,78.2,237,546617265,237159767,263085838,8976,2,2,6,2,89,88.1,31,Delayed,219,188,1046862870,124793188,-6.7
P2029,Power Transmission Project 1029,Power Transmission,South,Chennai,BuildTech,01-06-2024,24-09-2025,28-11-2025,1141184088,1244592983,92.7,73.3,291,709058017,352549087,182985879,9679,2,0,11,5,91.5,90.9,65,Delayed,545,480,1244592983,103408895,-19.4
P2030,Water Infrastructure Project 1030,Water Infrastructure,South,Chennai,Shakti Engineering,20-04-2024,11-04-2026,26-06-2026,530095234,572275158,96.7,83.1,242,303004791,116900247,152370121,4027,3,5,11,1,78,78.2,76,Delayed,797,721,572275159,42179924,-13.6
P2031,Metro Project 1031,Metro,West,Mumbai,Apex Contractors,03-09-2025,08-08-2026,06-10-2026,1717334220,1813202093,94.2,87.3,862,917333287,451446384,444422422,4296,0,4,10,1,81.7,100,59,Delayed,398,339,1813202093,95867873,-6.9
P2032,Water Infrastructure Project 1032,Water Infrastructure,Central,Nagpur,MegaBuild,09-12-2024,12-03-2027,08-06-2027,620697679,733137425,94.1,77.4,189,369176819,165891416,198069190,11484,1,1,14,6,98.3,91.5,88,Delayed,911,823,733137425,112439746,-16.7
P2033,Bridge Project 1033,Bridge,West,Ahmedabad,Prime Projects,12-05-2025,06-04-2027,26-05-2027,1079759542,1207654205,86.3,83.1,244,626562544,294293143,286798518,6681,3,3,7,4,89.2,82.5,50,Delayed,744,694,1207654205,127894663,-3.2
P2034,Power Transmission Project 1034,Power Transmission,North,Delhi,Prime Projects,06-10-2024,10-09-2026,03-12-2026,1042739657,1151938609,92.3,74.6,306,697109604,316719339,138109665,10201,2,9,15,1,80.6,84.9,84,Delayed,788,704,1151938608,109198952,-17.7
P2035,Power Transmission Project 1035,Power Transmission,South,Hyderabad,Vertex Infra,19-05-2025,23-02-2026,25-04-2026,1239348212,1408212843,91,72.8,295,777635200,304778224,325799419,7112,1,3,8,4,92.7,93,61,Delayed,341,280,1408212843,168864631,-18.2
P2036,Bridge Project 1036,Bridge,West,Pune,ABC Infra,09-02-2025,20-04-2027,13-05-2027,965850043,946306612,85.3,82.3,245,617159344,221155734,107991534,2289,0,5,7,1,85.3,100,23,On Track,823,800,946306612,-19543431,-3
P2037,Power Transmission Project 1037,Power Transmission,South,Chennai,Vertex Infra,12-03-2024,06-10-2024,11-01-2025,931021730,1057100081,94.3,68.6,337,517693687,283549654,255856740,4645,5,7,11,2,77.5,60.6,97,Delayed,305,208,1057100081,126078351,-25.7
P2038,Water Infrastructure Project 1038,Water Infrastructure,Central,Indore,UrbanWorks,23-01-2023,09-04-2025,06-06-2025,470401297,542614572,91.7,78.4,139,275254727,136441951,130917894,8474,5,6,11,4,77.9,62.2,58,Delayed,865,807,542614572,72213275,-13.3
P2039,Metro Project 1039,Metro,West,Mumbai,ABC Infra,23-09-2025,28-08-2027,12-10-2027,2838157992,3224405732,89.1,82.8,1107,1692438320,653373536,878593875,3014,1,4,5,4,85.4,95.6,45,Delayed,749,704,3224405731,386247740,-6.3
P2040,Metro Project 1040,Metro,South,Hyderabad,BuildTech,18-07-2024,11-12-2026,19-12-2026,2422598455,2620637733,93.3,92.4,735,1230113843,716406230,674117660,7346,2,4,10,0,89.3,89.2,8,Completed,884,876,2620637733,198039278,-0.9
P2041,Bridge Project 1041,Bridge,South,Bengaluru,Apex Contractors,07-11-2024,16-10-2026,31-12-2026,888679008,947522763,90.6,77.4,471,620099927,214770010,112652826,4486,0,6,13,4,69.7,96.3,76,Delayed,784,708,947522763,58843755,-13.2
P2042,Power Transmission Project 1042,Power Transmission,West,Mumbai,BuildTech,14-12-2024,18-09-2025,02-02-2026,1388741266,1483662716,94.8,64.5,720,799004031,339122989,345535697,638,1,3,9,7,85,99.4,137,Delayed,415,278,1483662717,94921450,-30.3
P2043,Power Transmission Project 1043,Power Transmission,South,Bengaluru,Prime Projects,02-04-2024,01-12-2025,11-03-2026,640452326,697908482,97.6,74.2,260,404123354,158146950,135638178,10153,2,2,14,0,91,91.2,100,Delayed,708,608,697908482,57456156,-23.4
P2044,Water Infrastructure Project 1044,Water Infrastructure,West,Ahmedabad,UrbanWorks,24-03-2023,09-06-2024,22-07-2024,676452294,717408433,88.9,79.9,227,360407355,181585473,175415605,6268,2,4,9,1,80.8,84.1,43,Delayed,486,443,717408433,40956139,-9
P2045,Power Transmission Project 1045,Power Transmission,South,Chennai,MegaBuild,25-05-2023,23-05-2025,18-05-2025,1221505737,1249916281,88.8,88.8,422,776861521,334238174,138816585,7984,0,0,8,0,100,92.7,-5,On Track,724,729,1249916280,28410544,0
P2046,Building Project 1046,Building,Central,Indore,UrbanWorks,26-03-2023,07-08-2024,14-10-2024,747711021,812467417,88,74.6,266,489449495,230811821,92206101,7021,1,5,8,5,88.7,95.4,68,Delayed,568,500,812467417,64756396,-13.4
P2047,Power Transmission Project 1047,Power Transmission,West,Pune,BuildTech,19-03-2023,26-10-2023,10-11-2023,1039902830,1119205644,90.1,88.5,478,597617530,320443626,201144488,8661,2,3,9,1,81.9,88,15,On Track,236,221,1119205644,79302814,-1.6
P2048,Power Transmission Project 1048,Power Transmission,South,Bengaluru,MegaBuild,01-04-2024,05-12-2025,25-02-2026,703583416,755648648,95.4,81.4,259,488485937,179472338,87690373,6805,1,5,8,1,68.1,93.9,82,Delayed,695,613,755648648,52065232,-14
P2049,Bridge Project 1049,Bridge,South,Hyderabad,UrbanWorks,27-05-2025,29-06-2027,19-06-2027,572004868,585012058,85.8,94.5,287,356044946,165936166,63030946,6687,1,4,7,1,83.7,94.9,-10,Completed,753,763,585012058,13007190,8.7
P2050,Building Project 1050,Building,Central,Nagpur,Apex Contractors,01-01-2023,03-01-2025,01-02-2025,1037282470,1194046959,84.5,88.8,551,578258410,313097849,302690699,8310,1,1,16,6,84.7,94.7,29,On Track,762,733,1194046958,156764489,4.3
P2051,Power Transmission Project 1051,Power Transmission,West,Ahmedabad,Apex Contractors,20-02-2023,08-07-2023,20-09-2023,1099526470,1188093560,90.9,79.9,363,584426838,278122879,325543842,11591,0,9,7,3,64,100,74,Delayed,212,138,1188093559,88567090,-11
P2052,Highway Project 1052,Highway,Central,Nagpur,UrbanWorks,15-11-2024,11-06-2026,23-08-2026,1010183898,1122771314,89.9,74.1,409,550857548,335806202,236107564,6776,0,4,8,0,87.5,99.3,73,Delayed,646,573,1122771314,112587416,-15.8
P2053,Power Transmission Project 1053,Power Transmission,West,Ahmedabad,MegaBuild,17-12-2024,10-08-2026,04-10-2026,668778846,716302764,90.8,77,168,422641215,187781890,105879660,3312,1,2,7,1,87.1,90.2,55,Delayed,656,601,716302765,47523918,-13.8
P2054,Highway Project 1054,Highway,North,Delhi,BuildTech,10-02-2025,24-01-2027,14-04-2027,561756710,630800939,82.2,68.2,160,328136625,155406544,147257770,7784,0,6,18,5,86.8,99.4,80,Delayed,793,713,630800939,69044229,-14
P2055,Building Project 1055,Building,South,Hyderabad,UrbanWorks,21-03-2024,19-08-2025,22-11-2025,870284735,926458010,96.2,75.2,310,603406265,186014438,137037307,2910,1,5,13,5,82.9,93.6,95,Delayed,611,516,926458010,56173275,-21
P2056,Power Transmission Project 1056,Power Transmission,Central,Nagpur,MegaBuild,24-03-2024,26-04-2025,11-07-2025,1256094544,1408348703,90.8,71,361,792121803,387215722,229011178,2773,0,6,12,3,80.1,100,76,Delayed,474,398,1408348703,152254159,-19.8
P2057,Metro Project 1057,Metro,Central,Indore,Shakti Engineering,30-05-2025,26-09-2026,22-12-2026,1997237849,2183393529,99.8,81.9,1017,1340189376,429934768,413269385,5555,1,6,11,2,82,97.7,87,Delayed,571,484,2183393529,186155680,-17.9
P2058,Metro Project 1058,Metro,South,Chennai,Apex Contractors,02-05-2024,26-07-2025,07-10-2025,1471386570,1609914079,91.7,85.5,400,892203179,348782402,368928498,2988,0,5,16,2,82.5,100,73,Delayed,523,450,1609914079,138527509,-6.2
P2059,Bridge Project 1059,Bridge,West,Mumbai,Shakti Engineering,10-03-2025,09-04-2027,30-04-2027,1026919354,1135645985,88.4,88.9,380,680459089,330876439,124310457,5104,1,2,9,0,90.5,99,21,On Track,781,760,1135645985,108726631,0.5
P2060,Power Transmission Project 1060,Power Transmission,West,Pune,BuildTech,03-02-2023,11-05-2024,10-06-2024,808566261,909626352,91,89.7,339,498849701,193009109,217767542,1590,0,2,9,4,85.4,97.5,30,On Track,493,463,909626352,101060091,-1.3
P2061,Highway Project 1061,Highway,South,Chennai,MegaBuild,14-12-2023,10-07-2025,18-09-2025,720981807,798553457,95.9,72.8,323,502432870,176938916,119181671,10527,1,4,10,0,78.8,95.3,70,Delayed,644,574,798553457,77571650,-23.1
P2062,Power Transmission Project 1062,Power Transmission,South,Chennai,Shakti Engineering,05-04-2023,25-03-2025,13-04-2025,1162461727,1114484723,87.1,82.9,402,639350805,319506977,155626941,8598,0,4,9,0,92,98.4,19,On Track,739,720,1114484723,-47977004,-4.2
P2063,Highway Project 1063,Highway,West,Ahmedabad,MegaBuild,13-03-2023,04-07-2025,12-09-2025,821662456,919305572,92.3,80.6,416,553150914,218745144,147409515,2907,2,8,4,4,56.6,88.9,70,Delayed,914,844,919305573,97643116,-11.7
P2064,Power Transmission Project 1064,Power Transmission,Central,Indore,UrbanWorks,04-07-2024,17-08-2026,16-10-2026,904430207,945690797,91.8,77.3,368,501194364,213436064,231060370,10677,5,3,11,2,81.8,65.3,60,Delayed,834,774,945690798,41260590,-14.5
P2065,Power Transmission Project 1065,Power Transmission,West,Ahmedabad,BuildTech,03-06-2023,04-12-2023,22-02-2024,1385737550,1572928330,92.4,77.7,505,990875572,408199516,173853242,8378,0,2,14,6,91.8,100,80,Delayed,264,184,1572928330,187190780,-14.7
P2066,Building Project 1066,Building,North,Jaipur,Shakti Engineering,07-09-2023,20-03-2024,09-05-2024,822944798,820571391,86.4,75.3,199,425756299,164483163,230331929,1988,3,0,13,1,93.3,72.7,50,Delayed,245,195,820571391,-2373407,-11.1
P2067,Building Project 1067,Building,South,Bengaluru,Vertex Infra,04-11-2024,12-02-2027,12-05-2027,947029705,1069422382,92.6,70.4,353,642965400,310343230,116113752,6811,1,5,7,2,84.6,94.9,89,Delayed,919,830,1069422382,122392677,-22.2
P2068,Bridge Project 1068,Bridge,West,Pune,UrbanWorks,13-03-2024,30-11-2024,26-02-2025,757109568,864993654,92.2,77,371,470893284,191880628,202219742,8497,1,3,9,2,83.8,89.6,88,Delayed,350,262,864993654,107884086,-15.2
P2069,Building Project 1069,Building,South,Bengaluru,Apex Contractors,28-04-2023,21-04-2025,01-09-2025,409755840,455543084,96.3,71.7,173,277393325,127040848,51108910,9014,1,3,17,5,97.7,98.6,133,Delayed,857,724,455543083,45787244,-24.6
P2070,Highway Project 1070,Highway,West,Mumbai,Vertex Infra,09-02-2025,24-09-2026,02-12-2026,808481372,885603410,97.1,79.5,399,579606182,203575299,102421930,6972,2,1,14,2,97.5,80.6,69,Delayed,661,592,885603411,77122038,-17.6
P2071,Highway Project 1071,Highway,North,Jaipur,Vertex Infra,09-06-2025,27-11-2026,16-02-2027,1546605709,1824036742,91.5,77.5,592,994718718,397361230,431956794,3643,2,3,6,5,81.2,82.7,81,Delayed,617,536,1824036742,277431033,-14
P2072,Highway Project 1072,Highway,South,Hyderabad,ABC Infra,02-11-2023,30-12-2024,28-01-2025,1145590211,1326066042,90.9,82.2,296,758820367,264515077,302730598,365,1,4,10,1,86.3,95.4,29,On Track,453,424,1326066042,180475831,-8.7
P2073,Bridge Project 1073,Bridge,West,Mumbai,ABC Infra,25-09-2023,27-01-2026,04-03-2026,998033095,1137111398,86.2,83.4,224,618877561,238114656,280119181,3710,0,3,8,2,90.1,100,36,Delayed,891,855,1137111398,139078303,-2.8
P2074,Metro Project 1074,Metro,West,Mumbai,BuildTech,18-08-2025,26-04-2027,26-05-2027,1004568503,1085690421,89.2,85.5,321,517459397,268168946,300062078,3281,1,0,14,1,100,88.2,30,On Track,646,616,1085690421,81121918,-3.7
P2075,Building Project 1075,Building,North,Delhi,Shakti Engineering,23-02-2023,08-04-2024,19-04-2024,728017099,820808567,88.2,86.3,327,482333612,209421109,129053845,5888,1,1,13,1,97,89.3,11,On Track,421,410,820808566,92791468,-1.9
P2076,Power Transmission Project 1076,Power Transmission,West,Pune,Shakti Engineering,24-08-2023,01-04-2024,30-05-2024,650409676,690524914,93.9,84.8,312,356308191,204128508,130088215,3115,3,5,6,2,85.1,79.9,59,Delayed,280,221,690524914,40115238,-9.1
P2077,Bridge Project 1077,Bridge,West,Ahmedabad,Shakti Engineering,24-01-2024,13-02-2025,08-03-2025,882114925,913808860,91.2,85.5,280,502488520,185563618,225756722,5396,0,3,11,1,80.1,100,23,On Track,409,386,913808860,31693935,-5.7
P2078,Building Project 1078,Building,Central,Indore,MegaBuild,16-09-2025,27-09-2027,17-09-2027,1015851157,1103344885,86.1,93.4,389,590402923,255076392,257865569,2317,1,1,9,0,100,88.7,-10,Completed,731,741,1103344884,87493728,7.3
P2079,Bridge Project 1079,Bridge,South,Bengaluru,UrbanWorks,03-01-2025,18-06-2027,13-08-2027,1211445783,1351843866,86.6,79.2,434,680292412,291035183,380516271,6973,1,8,11,3,66.4,94.9,56,Delayed,952,896,1351843866,140398083,-7.4
P2080,Power Transmission Project 1080,Power Transmission,West,Mumbai,Shakti Engineering,01-02-2025,03-06-2025,16-08-2025,1259068737,1431554162,100,79,447,860495271,336222225,234836666,2042,1,8,5,3,63.8,91.7,74,Delayed,196,122,1431554162,172485425,-21
P2081,Power Transmission Project 1081,Power Transmission,South,Bengaluru,UrbanWorks,04-04-2025,25-10-2025,29-11-2025,1159427814,1294529532,88.3,80.9,343,655156010,300465174,338908349,6020,4,1,8,1,99.7,74.3,35,Delayed,239,204,1294529533,135101718,-7.4
P2082,Power Transmission Project 1082,Power Transmission,South,Bengaluru,BuildTech,05-02-2024,27-04-2025,12-06-2025,1748470684,1960277738,92.7,80.2,463,1197771061,451864841,310641836,3809,2,5,8,1,87.3,86.9,46,Delayed,493,447,1960277738,211807054,-12.5
P2083,Power Transmission Project 1083,Power Transmission,South,Hyderabad,Vertex Infra,15-09-2024,07-04-2026,05-06-2026,1420067897,1446388090,90.1,78.1,404,743336886,324828118,378223086,6686,0,2,12,4,94.9,92.4,59,Delayed,628,569,1446388090,26320193,-12
P2084,Highway Project 1084,Highway,West,Pune,Shakti Engineering,05-02-2025,01-09-2026,17-10-2026,590319747,652983561,89,80.2,140,335033866,177162306,140787389,3834,0,7,8,1,74,100,46,Delayed,619,573,652983561,62663814,-8.8
P2085,Power Transmission Project 1085,Power Transmission,West,Pune,BuildTech,30-10-2023,16-11-2025,27-01-2026,1168527949,1252699067,94.7,72.1,333,698515159,351422793,202761115,5436,2,1,6,4,91.4,80.2,72,Delayed,820,748,1252699067,84171118,-22.6
P2086,Water Infrastructure Project 1086,Water Infrastructure,Central,Nagpur,Shakti Engineering,07-07-2025,12-06-2026,10-08-2026,447848236,486417272,88.2,74,99,236627878,108691406,141097989,5885,0,3,13,2,88.7,100,59,Delayed,399,340,486417273,38569036,-14.2
P2087,Metro Project 1087,Metro,South,Chennai,ABC Infra,26-07-2023,24-04-2024,15-06-2024,1920212556,2075184168,88.8,79.3,819,1157003144,436459594,481721430,11274,2,7,15,1,72,92.9,52,Delayed,325,273,2075184168,154971612,-9.5
P2088,Power Transmission Project 1088,Power Transmission,West,Pune,Prime Projects,17-08-2023,09-10-2025,24-12-2025,1156113342,1242466518,95.5,76.2,375,630612796,323176495,288677227,8854,1,6,7,2,83,90.7,76,Delayed,860,784,1242466518,86353176,-19.3
P2089,Highway Project 1089,Highway,South,Bengaluru,BuildTech,02-05-2025,10-09-2025,20-10-2025,1130841319,1222431912,88.5,81,611,667924429,358192532,196314950,11773,1,2,6,5,93,96.1,40,Delayed,171,131,1222431911,91590593,-7.5
P2090,Water Infrastructure Project 1090,Water Infrastructure,West,Ahmedabad,Shakti Engineering,28-06-2025,07-03-2026,25-02-2026,518346147,568560731,84.4,91.3,147,298911780,114902935,154746016,7458,0,3,15,1,80.8,100,-10,Completed,242,252,568560731,50214584,6.9
P2091,Metro Project 1091,Metro,South,Bengaluru,Apex Contractors,31-07-2024,27-09-2025,20-10-2025,1315255490,1395592300,85.5,80.2,439,775608117,401286582,218697602,1934,0,4,11,1,78.5,100,23,On Track,446,423,1395592301,80336810,-5.3
P2092,Bridge Project 1092,Bridge,West,Ahmedabad,Prime Projects,16-03-2023,01-05-2024,18-05-2024,828068534,880020062,92.1,86.3,279,535530885,234234363,110254815,824,0,3,9,2,90.5,100,17,On Track,429,412,880020063,51951528,-5.8
P2093,Water Infrastructure Project 1093,Water Infrastructure,Central,Nagpur,BuildTech,10-03-2024,03-05-2025,12-06-2025,804772745,877130333,87.2,81.7,179,544896209,229639746,102594378,5226,0,4,14,4,79.8,99.9,40,Delayed,459,419,877130333,72357588,-5.5
P2094,Building Project 1094,Building,West,Ahmedabad,Apex Contractors,13-04-2023,19-08-2025,17-10-2025,832268743,899594583,94.5,85.3,413,489158219,270203969,140232395,2022,0,2,23,0,92.7,100,59,Delayed,918,859,899594583,67325840,-9.2
P2095,Bridge Project 1095,Bridge,West,Pune,Apex Contractors,26-02-2024,06-08-2024,30-08-2024,691653489,724172502,90.1,84.9,159,373843054,214950616,135378831,8911,0,4,14,2,81.5,100,24,On Track,186,162,724172501,32519013,-5.2
P2096,Metro Project 1096,Metro,South,Hyderabad,MegaBuild,04-12-2024,11-03-2026,17-06-2026,2842335585,3305317853,93,71.5,1507,1885105931,734196324,686015597,7229,1,3,6,4,89.5,86.3,98,Delayed,560,462,3305317852,462982268,-21.5
P2097,Power Transmission Project 1097,Power Transmission,West,Ahmedabad,Apex Contractors,02-02-2025,23-04-2026,31-05-2026,1708771161,1842049888,91.4,83.1,878,1121466324,515199987,205383577,6457,2,6,14,2,80.8,84.1,38,Delayed,483,445,1842049888,133278727,-8.3
P2098,Highway Project 1098,Highway,South,Bengaluru,Shakti Engineering,07-01-2025,16-09-2026,29-11-2026,741269077,797300538,94.2,80.2,294,454459342,201614420,141226776,4164,0,7,12,2,77.1,91.4,74,Delayed,691,617,797300538,56031461,-14
P2099,Bridge Project 1099,Bridge,Central,Indore,MegaBuild,16-03-2025,12-07-2026,20-09-2026,445019508,482644761,97.5,90.7,177,225547294,111632599,145464868,1367,0,3,9,3,85.4,99.7,70,Delayed,553,483,482644761,37625253,-6.8
P2100,Power Transmission Project 1100,Power Transmission,West,Pune,ABC Infra,02-11-2023,01-05-2025,27-06-2025,1501983537,1682747803,92.3,83.1,654,930984275,443318484,308445044,9892,2,4,8,3,97.2,80,57,Delayed,603,546,1682747803,180764266,-9.2
P2101,Power Transmission Project 1101,Power Transmission,Central,Indore,Shakti Engineering,08-04-2023,26-08-2023,01-09-2023,1606408416,1688741511,92.1,92.1,558,1034822563,475055466,178863482,6738,2,2,7,0,86.7,82.1,6,Completed,146,140,1688741511,82333095,0
P2102,Bridge Project 1102,Bridge,North,Jaipur,Vertex Infra,29-04-2025,07-10-2026,24-12-2026,1210988267,1321917672,94.4,75,525,735030165,341966183,244921324,1719,4,2,15,2,93.2,74,78,Delayed,604,526,1321917672,110929405,-19.4
P2103,Water Infrastructure Project 1103,Water Infrastructure,North,Jaipur,Apex Contractors,08-03-2025,16-03-2027,08-04-2027,840851018,941496052,87.7,89.3,197,529555998,285021049,126919004,7571,1,4,13,1,87.2,93.7,23,On Track,761,738,941496051,100645034,1.6
P2104,Power Transmission Project 1104,Power Transmission,South,Bengaluru,ABC Infra,01-12-2023,28-02-2025,08-05-2025,1331647070,1321308376,92.2,75.2,316,688825594,346328836,286153946,11625,3,1,7,2,91,80.4,69,Delayed,524,455,1321308376,-10338694,-17
P2105,Power Transmission Project 1105,Power Transmission,North,Jaipur,Prime Projects,08-05-2025,30-12-2025,20-12-2025,1246363330,1282441589,86.3,93.6,462,742159524,324252578,216029487,4302,0,4,5,0,97.8,95.7,-10,Completed,226,236,1282441589,36078259,7.3
P2106,Building Project 1106,BUILDING,South,Chennai,BuildTech,10-03-2024,08-11-2024,13-12-2024,377406352,405144648,87,84.3,151,201244635,105833868,98066145,929,0,3,10,5,85.7,98.9,35,Delayed,278,243,405144648,27738296,-2.7
P2107,Metro Project 1107,Metro,Central,Nagpur,Apex Contractors,22-03-2024,22-08-2025,06-11-2025,1478379765,1609208582,88.1,72.5,758,869299461,435582387,304326733,2134,2,11,14,0,50,89.7,76,Delayed,594,518,1609208581,130828817,-15.6
P2108,Metro Project 1108,Metro,West,Pune,UrbanWorks,20-09-2025,02-01-2028,05-03-2028,1900037208,2154291268,95.1,73.8,483,1329187676,528235845,296867747,5618,1,3,7,2,94.9,98.1,63,Delayed,897,834,2154291268,254254060,-21.3
P2109,Metro Project 1109,Metro,Central,Indore,ABC Infra,04-11-2023,22-04-2024,05-06-2024,2234437722,2379449769,89.4,81.9,1098,1218439736,623503772,537506261,5300,0,4,14,3,86.3,100,44,Delayed,214,170,2379449769,145012047,-7.5
P2110,Building Project 1110,Building,South,Bengaluru,UrbanWorks,06-09-2023,22-11-2024,18-03-2025,755935061,863908603,86.9,68.6,218,540290514,228527157,95090932,4431,1,10,12,5,57.7,96.6,116,Delayed,559,443,863908603,107973542,-18.3
P2111,Highway Project 1111,Highway,South,Chennai,Apex Contractors,15-06-2023,01-03-2024,10-05-2024,1298554609,1476728213,93,,454,761654629,412070697,303002886,7029,3,5,11,3,87.9,82.8,70,Delayed,330,260,1476728212,178173604,-93
P2112,Building Project 1112,Building,South,Bengaluru,UrbanWorks,25-04-2024,05-12-2025,18-12-2025,557533356,587499408,83.4,84.5,180,336945428,131903278,118650702,2653,2,3,7,2,86.8,90.8,13,On Track,602,589,587499408,29966052,1.1
P2113,Bridge Project 1113,Bridge,South,Chennai,Apex Contractors,10-09-2025,07-12-2026,15-12-2026,878585901,868923711,82.5,82.6,309,456937062,166171362,245815288,3355,1,3,10,2,74.6,88.5,8,On Track,461,453,868923712,-9662190,0.1
P2114,Metro Project 1114,Metro,North,Jaipur,BuildTech,01-12-2023,06-04-2025,20-05-2025,1164521642,1130937904,89,87.4,314,648292347,293956023,188689534,11432,0,3,10,2,86.4,100,44,Delayed,536,492,1130937904,-33583738,-1.6
P2115,Power Transmission Project 1115,Power Transmission,North,Jaipur,Prime Projects,25-06-2024,09-05-2026,11-06-2026,1105535284,1234201349,88.9,79,426,767614394,297644633,168942322,8503,2,3,7,0,86.5,84.4,33,Delayed,716,683,1234201349,128666065,-9.9
P2116,Bridge Project 1116,Bridge,West,Ahmedabad,BuildTech,28-01-2025,03-10-2026,05-01-2027,1031382687,1181798377,94.2,72.6,499,576758577,234759648,370280152,10622,0,3,9,7,94,90.9,94,Delayed,707,613,1181798377,150415690,-21.6
P2117,Highway Project 1117,Highway,North,Delhi,Shakti Engineering,16-04-2023,02-02-2025,13-03-2025,1247103892,1308203474,94.8,87.1,456,818507237,342750912,146945325,11595,1,1,12,1,89.4,92.7,39,Delayed,697,658,1308203474,61099582,-7.7
P2118,Power Transmission Project 1118,Power Transmission,South,Bengaluru,ABC Infra,16-07-2024,12-09-2026,23-09-2026,1803677712,1928336085,89.6,92.7,688,1099540010,570357057,258439018,9923,0,4,16,2,97.6,99.6,11,Completed,799,788,1928336085,124658373,3.1
P2119,Highway Project 1119,Highway,West,Ahmedabad,UrbanWorks,22-03-2023,08-08-2025,01-09-2025,812896227,864263791,89.2,83.5,406,502185058,200548352,161530381,3457,0,6,9,3,76.2,99.1,24,On Track,894,870,864263791,51367564,-5.7
P2120,Water Infrastructure Project 1120,Water Infrastructure,West,Pune,BuildTech,13-05-2023,12-02-2024,15-03-2024,603904526,650255843,86.9,76.9,273,325348087,196779579,128128177,6382,1,3,11,1,83.4,98.9,32,Delayed,307,275,650255843,46351317,-10
P2121,Water Infrastructure Project 1121,Water Infrastructure,West,Ahmedabad,Apex Contractors,07-03-2025,21-04-2026,21-06-2026,501865900,566968357,89.6,78.4,191,337474820,156528439,72965098,6163,1,4,16,3,96.5,91.3,61,Delayed,471,410,566968357,65102457,-11.2
P2122,Metro Project 1122,Metro,West,Mumbai,BuildTech,18-06-2025,25-07-2027,16-07-2027,1862394166,1887138942,79.8,82,568,924834644,390918615,571385684,9926,0,3,7,0,98.1,98.7,-9,On Track,758,767,1887138943,24744776,2.2
P2123,Power Transmission Project 1123,Power Transmission,North,Jaipur,BuildTech,18-05-2023,05-02-2024,18-03-2024,1641909657,1783008117,88.2,75.3,840,1109424271,480429331,193154515,1256,0,4,7,2,91.4,100,42,Delayed,305,263,1783008117,141098460,-12.9
P2124,Building Project 1124,Building,West,Mumbai,ABC Infra,03-07-2023,13-02-2024,14-03-2024,846709489,885370175,89.7,80.4,347,552719131,223626072,109024972,4158,1,4,4,2,77.1,99.8,30,On Track,255,225,885370175,38660686,-9.3
P2125,Bridge Project 1125,Bridge,South,Bengaluru,Prime Projects,05-02-2024,28-07-2025,07-10-2025,1140513983,1257009308,86.9,72.3,334,721720411,378848155,156440742,5108,1,6,11,3,79.2,85.4,71,Delayed,610,539,1257009308,116495325,-14.6
P2126,Highway Project 1126,Highway,Central,Indore,Vertex Infra,26-11-2023,23-01-2026,02-02-2026,735169108,763439568,87.4,88.2,227,502129696,167070370,94239502,6438,0,3,8,1,83.5,99.1,10,On Track,799,789,763439568,28270460,0.8
P2127,Metro Project 1127,Metro,Central,Indore,BuildTech,23-02-2025,11-04-2027,18-06-2027,2719255013,3048196901,88.8,76.1,1318,1589485505,648892446,809818951,8732,0,6,7,2,72.3,100,68,Delayed,845,777,3048196902,328941888,-12.7
P2128,Power Transmission Project 1128,Power Transmission,West,Pune,ABC Infra,22-05-2024,20-09-2024,11-10-2024,677312352,726217178,90,85.1,158,467616003,156873466,101727708,8184,0,3,8,2,96.3,100,21,On Track,142,121,726217177,48904826,-4.9
P2129,Bridge Project 1129,Bridge,West,Ahmedabad,UrbanWorks,01-05-2025,09-04-2027,23-04-2027,1145594406,1151497229,93.5,90.3,627,694289811,228485385,228722033,7341,2,0,9,0,100,89.1,14,Completed,722,708,1151497229,5902823,-3.2
P2130,Building Project 1130,Building,Central,Indore,Apex Contractors,10-09-2025,13-10-2027,28-12-2027,592787752,632201070,91.7,71,155,315978217,146486580,169736273,2255,0,6,16,0,77.1,93.6,76,Delayed,839,763,632201070,39413318,-20.7
P2131,Building Project 1131,Building,South,Chennai,Shakti Engineering,10-03-2023,05-10-2023,30-11-2023,582430158,645848194,93.5,83,281,377970240,148168721,119709234,10504,0,4,13,1,81.4,100,56,Delayed,265,209,645848195,63418036,-10.5
P2132,Building Project 1132,Building,South,Chennai,Vertex Infra,29-06-2024,06-10-2025,29-12-2025,723643332,779930986,92.3,77.2,253,473286564,187652371,118992051,5291,1,7,17,4,70.9,93.5,84,Delayed,548,464,779930986,56287654,-15.1
P2133,Highway Project 1133,Highway,West,Pune,MegaBuild,12-02-2025,27-05-2026,05-08-2026,1505521246,1635896397,90.5,77.1,575,958704704,400255204,276936488,4365,1,4,12,3,84.3,95.1,70,Delayed,539,469,1635896396,130375151,-13.4
P2134,Bridge Project 1134,Bridge,Central,Nagpur,Vertex Infra,22-02-2023,22-09-2024,31-12-2024,451919626,496384800,98.9,80.8,230,277832557,105061482,113490761,3103,1,7,16,3,66.2,88.9,100,Delayed,678,578,496384800,44465174,-18.1
P2135,Water Infrastructure Project 1135,Water Infrastructure,North,Jaipur,Apex Contractors,25-03-2024,11-04-2025,12-04-2025,515599740,552669461,87.1,90.4,183,284423692,143502457,124743311,1324,3,1,10,0,90.2,74.7,1,Completed,383,382,552669460,37069721,3.3
P2136,Metro Project 1136,Metro,West,Ahmedabad,Vertex Infra,24-07-2023,05-11-2024,21-11-2024,2686012538,2822738011,86.3,87.8,1067,1508143335,633248086,681346590,9092,1,2,3,1,99.2,99.1,16,On Track,486,470,2822738011,136725473,1.5
P2137,Metro Project 1137,Metro,South,Bengaluru,Apex Contractors,06-05-2023,19-12-2023,16-12-2023,1774187865,1925611373,89.4,91.3,419,1209031214,387598432,328981727,2629,1,1,9,2,98.2,93.4,-3,Completed,224,227,1925611373,151423508,1.9
P2138,Highway Project 1138,Highway,South,Hyderabad,ABC Infra,16-01-2025,22-12-2026,22-01-2027,730618958,779239824,89.8,82.6,161,415498931,218738891,145002001,2998,1,4,9,3,83.8,93.9,31,Delayed,736,705,779239823,48620866,-7.2
P2139,Bridge Project 1139,Bridge,South,Hyderabad,MegaBuild,12-02-2023,20-07-2023,19-09-2023,762955200,843506432,90.6,83.1,229,553359196,166083038,124064198,4994,3,7,10,2,71.6,82.8,61,Delayed,219,158,843506432,80551232,-7.5
P2140,Power Transmission Project 1140,Power Transmission,South,Hyderabad,BuildTech,21-01-2025,26-10-2025,02-12-2025,1071518527,1132355385,86.2,79.4,476,585084619,266770874,280499893,3326,1,2,10,1,89.2,95.3,37,Delayed,315,278,1132355386,60836858,-6.8
P2141,Highway Project 1141,Highway,Central,Indore,BuildTech,28-08-2025,31-07-2027,11-11-2027,1479109931,1711355567,97.8,72.2,384,928857843,355813164,426684560,8147,2,2,13,2,90.1,87.2,103,Delayed,805,702,1711355567,232245636,-25.6
P2142,Highway Project 1142,Highway,Central,Nagpur,Vertex Infra,01-06-2025,06-08-2026,03-10-2026,1318721423,1482260924,88.6,84,339,687961286,421085392,373214246,9634,0,9,10,3,61,100,58,Delayed,489,431,1482260924,163539501,-4.6
P2143,Metro Project 1143,Metro,Central,Nagpur,ABC Infra,21-04-2023,15-04-2024,29-05-2024,1990128800,2193487043,86.1,72.9,707,1350380728,603890464,239215851,1311,2,4,8,0,80.4,84.8,44,Delayed,404,360,2193487043,203358243,-13.2
P2144,Water Infrastructure Project 1144,Water Infrastructure,West,Ahmedabad,MegaBuild,30-01-2025,17-08-2026,21-09-2026,900464193,1020902848,91.1,81.9,390,488441504,196913593,335547752,7343,0,3,7,1,89.4,98.9,35,Delayed,599,564,1020902849,120438655,-9.2
P2145,Building Project 1145,Building,West,Ahmedabad,BuildTech,24-10-2024,15-12-2025,25-03-2026,690173435,782635665,94.4,74.2,314,414439421,195458725,172737518,5924,2,9,8,3,65.7,83.9,100,Delayed,517,417,782635664,92462230,-20.2
P2146,Bridge Project 1146,Bridge,Central,Nagpur,UrbanWorks,02-07-2023,04-12-2023,19-12-2023,460546210,486901832,96.4,93.2,128,296096106,106491331,84314396,9595,2,2,3,1,85,87.9,15,Completed,170,155,486901833,26355622,-3.2
P2147,Water Infrastructure Project 1147,Water Infrastructure,West,Pune,Prime Projects,27-04-2025,16-11-2025,06-11-2025,461175965,475661943,80.4,93,113,284975337,98651030,92035576,10138,2,3,3,1,90.5,94.6,-10,Completed,193,203,475661943,14485978,12.6
P2148,Building Project 1148,Building,West,Ahmedabad,Prime Projects,05-04-2023,27-10-2024,25-11-2024,669290393,683330304,93.1,84.9,354,424571520,153981279,104777505,2000,0,3,6,2,84.3,100,29,On Track,600,571,683330304,14039911,-8.2
P2149,Power Transmission Project 1149,Power Transmission,West,Pune,BuildTech,28-08-2025,08-02-2028,08-04-2028,794852175,784099255,97,85.2,243,483743334,214927723,85428198,518,1,2,6,2,95.8,97.2,60,Delayed,954,894,784099255,-10752920,-11.8
P2150,Power Transmission Project 1150,Power Transmission,West,Mumbai,MegaBuild,09-01-2024,27-05-2025,05-07-2025,1751553803,1982387363,87.6,80.7,878,1275530658,396308246,310548460,8378,2,2,13,3,90.3,86.7,39,Delayed,543,504,1982387364,230833560,-6.9
P2151,Metro Project 1151,Metro,South,Chennai,Shakti Engineering,30-06-2025,17-04-2026,18-07-2026,2508360818,2902427162,89.1,75.1,1266,1795723136,776170309,330533717,9218,0,6,6,7,74,97.7,92,Delayed,383,291,2902427162,394066344,-14
P2152,Metro Project 1152,Metro,North,Jaipur,BuildTech,03-06-2024,11-10-2025,18-10-2025,1521208657,1604850730,86.2,88.9,722,941756932,479582624,183511174,7452,2,1,6,1,92.8,78.4,7,On Track,502,495,1604850730,83642073,2.7
P2153,Highway Project 1153,Highway,West,Ahmedabad,Shakti Engineering,18-06-2025,31-08-2027,17-12-2027,1139890738,1304113590,87.8,71.2,314,739579934,311594777,252938879,6126,2,10,13,5,52,89.6,108,Delayed,912,804,1304113590,164222852,-16.6
P2154,Metro Project 1154,Metro,Central,Nagpur,Shakti Engineering,26-12-2023,20-04-2025,12-05-2025,2418469331,2520005095,85.7,80.8,1187,1183951034,729757169,606296891,5885,0,4,15,2,89,99.5,22,On Track,503,481,2520005094,101535764,-4.9
P2155,Power Transmission Project 1155,Power Transmission,South,Chennai,Apex Contractors,18-06-2025,27-04-2027,03-07-2027,1743947504,1934776248,93.7,68.3,826,1147918141,558687582,228170525,8358,2,4,7,2,83.3,85.3,67,Delayed,745,678,1934776248,190828744,-25.4
P2156,Bridge Project 1156,Bridge,South,Chennai,Apex Contractors,26-11-2024,13-08-2025,29-08-2025,1139849163,1187861774,89.6,95.6,475,626372796,317065210,244423768,1111,0,4,9,1,80.7,94.2,16,Completed,276,260,1187861774,48012611,6
P2157,Metro Project 1157,Metro,North,Delhi,MegaBuild,08-10-2023,01-06-2024,21-06-2024,2010080608,2162401923,78,80.6,665,1342558488,523775981,296067454,5756,2,1,6,3,92.7,85.1,20,On Track,257,237,2162401923,152321315,2.6
P2158,Water Infrastructure Project 1158,Water Infrastructure,Central,Nagpur,Shakti Engineering,14-07-2023,13-08-2024,10-09-2024,771164835,798460797,87.6,80.5,236,460785244,220845523,116830030,7977,2,6,11,0,77.5,87.5,28,On Track,424,396,798460797,27295962,-7.1
P2159,Building Project 1159,Building,North,Jaipur,UrbanWorks,13-05-2025,05-09-2027,17-10-2027,759433499,804148617,87.2,80,197,494651344,223911483,85585790,5209,0,3,11,4,86.1,100,42,Delayed,887,845,804148617,44715118,-7.2
P2160,Highway Project 1160,Highway,Central,Nagpur,MegaBuild,14-07-2023,17-06-2024,13-09-2024,1100075565,1262728488,93.4,74.6,427,630158792,330611890,301957806,5009,2,2,17,4,92.1,84.6,88,Delayed,427,339,1262728488,162652923,-18.8
P2161,Bridge Project 1161,Bridge,West,Ahmedabad,BuildTech,28-10-2024,22-03-2025,22-05-2025,507162116,564320223,89.7,74.5,209,331211090,118054655,115054477,4821,0,2,9,2,88.3,97,61,Delayed,206,145,564320222,57158107,-15.2
P2162,Bridge Project 1162,Bridge,South,Bengaluru,Vertex Infra,03-04-2023,02-01-2025,20-01-2025,516563568,522095219,89.6,84.7,174,308300337,153058662,60736221,10075,1,2,4,1,92.4,86.2,18,On Track,658,640,522095220,5531651,-4.9
P2163,Water Infrastructure Project 1163,Water Infrastructure,West,Mumbai,UrbanWorks,02-11-2024,11-03-2025,31-03-2025,622867837,680653915,92.6,89.4,234,414616922,193180753,72856241,4337,0,6,15,0,76.3,93.6,20,On Track,149,129,680653916,57786078,-3.2
P2164,Highway Project 1164,Highway,West,Pune,ABC Infra,03-08-2025,13-12-2026,18-02-2027,803460315,853278181,94.2,78.4,273,462121164,210827743,180329275,9374,0,10,7,1,58.6,100,67,Delayed,564,497,853278182,49817866,-15.8
P2165,Metro Project 1165,Metro,South,Bengaluru,Prime Projects,02-03-2023,23-03-2025,28-04-2025,1031653067,1078651952,91.1,84.5,445,542693613,302939758,233018581,8311,2,3,10,0,90.5,92,36,Delayed,788,752,1078651952,46998885,-6.6
P2166,Building Project 1166,Building,West,Mumbai,BuildTech,25-09-2024,21-10-2026,08-11-2026,874330031,979631030,87.4,86.5,452,560298691,245126302,174206038,731,1,4,8,1,87.8,98,18,On Track,774,756,979631031,105300999,-0.9
P2167,Metro Project 1167,Metro,South,Bengaluru,BuildTech,20-02-2023,01-05-2025,21-05-2025,1054323461,1131135018,84,81.4,288,667698269,240313034,223123715,8475,2,3,6,2,94.6,85,20,On Track,821,801,1131135018,76811557,-2.6
P2168,Building Project 1168,Building,West,Pune,BuildTech,07-02-2024,10-01-2026,29-03-2026,783122941,866934936,95.8,78.9,270,443732939,193580419,229621578,9439,0,4,6,6,84.7,95.5,78,Delayed,781,703,866934936,83811995,-16.9
P2169,Bridge Project 1169,Bridge,Central,Indore,UrbanWorks,27-02-2025,25-11-2025,01-03-2026,857334880,875628178,100,82.6,228,553838538,178639392,143150247,10159,1,2,10,3,95.7,94,96,Delayed,367,271,875628177,18293298,-17.4
P2170,Bridge Project 1170,Bridge,Central,Nagpur,ABC Infra,05-01-2023,23-04-2025,11-06-2025,1211772120,1310389209,90.5,79.9,516,625691189,344453381,340244639,11474,1,9,8,1,65.5,96.8,49,Delayed,888,839,1310389209,98617089,-10.6
P2171,Power Transmission Project 1171,Power Transmission,South,Bengaluru,Vertex Infra,10-04-2024,25-09-2024,24-12-2024,1190897899,1344020754,91.3,76.9,548,758773189,338781769,246465796,6848,3,6,12,6,69.8,84.9,90,Delayed,258,168,1344020754,153122855,-14.4
P2172,Building Project 1172,Building,West,Ahmedabad,MegaBuild,26-08-2024,26-05-2025,19-09-2025,402975027,450713073,96,73.7,212,230589889,86591303,133531881,2839,3,3,17,2,89.3,72.7,116,Delayed,389,273,450713073,47738046,-22.3
P2173,Highway Project 1173,Highway,North,Jaipur,Apex Contractors,12-11-2024,29-12-2025,04-02-2026,1099013926,1165297263,83.1,81.4,342,551344837,231082368,382870057,10605,0,4,15,2,77.7,100,37,Delayed,449,412,1165297262,66283337,-1.7
P2174,Building Project 1174,Building,South,Hyderabad,ABC Infra,08-04-2025,08-03-2027,07-05-2027,958883762,1082338727,93.8,80.2,511,683328219,231788123,167222385,690,3,2,11,1,90.1,85.2,60,Delayed,759,699,1082338727,123454965,-13.6
P2175,Power Transmission Project 1175,Power Transmission,West,Ahmedabad,UrbanWorks,17-06-2024,03-12-2024,04-01-2025,1811187634,1959970267,91.5,89.2,436,1105656310,543834739,310479217,382,1,3,6,1,89.4,93.1,32,Delayed,201,169,1959970266,148782633,-2.3
P2176,Water Infrastructure Project 1176,Water Infrastructure,West,Pune,BuildTech,09-02-2024,02-04-2026,27-04-2026,562857620,610128143,86.9,88.5,235,378402238,124073997,107651908,1302,1,5,7,1,85.1,93,25,On Track,808,783,610128143,47270523,1.6
P2177,Highway Project 1177,Highway,North,Jaipur,Prime Projects,17-04-2025,27-01-2027,11-03-2027,857212186,966683113,87.9,82.8,204,585731580,201238220,179713313,8972,0,2,7,5,92.6,96.5,43,Delayed,693,650,966683113,109470927,-5.1
P2178,Power Transmission Project 1178,Power Transmission,West,Ahmedabad,BuildTech,27-05-2024,28-05-2026,27-05-2026,1702050489,1812387906,84.7,85.1,876,1094454083,518929341,199004482,9268,0,4,11,0,86,100,-1,On Track,730,731,1812387906,110337417,0.4
P2179,Bridge Project 1179,Bridge,South,Chennai,MegaBuild,06-10-2024,03-04-2025,12-05-2025,570274756,624389551,94.5,86,225,352412936,160417373,111559243,7696,1,2,11,1,86.1,88.3,39,Delayed,218,179,624389552,54114795,-8.5
P2180,Highway Project 1180,Highway,Central,Nagpur,Shakti Engineering,21-08-2023,02-06-2024,27-07-2024,1165623216,1270540578,85.8,78.8,513,799341348,329308063,141891167,10246,0,5,13,3,70.2,94.7,55,Delayed,341,286,1270540578,104917362,-7
P2181,Highway Project 1181,Highway,North,Jaipur,Prime Projects,07-06-2024,24-04-2025,06-05-2025,946471573,1019322886,91.6,92.9,467,571276068,257232947,190813872,9740,1,3,10,2,82.8,92.6,12,Completed,333,321,1019322887,72851313,1.3
P2182,Highway Project 1182,Highway,South,Chennai,BuildTech,12-12-2023,02-09-2024,06-11-2024,565431071,605013797,83.5,69,152,334061140,137644363,133308295,9628,2,4,9,3,87.7,83.6,65,Delayed,330,265,605013798,39582726,-14.5
P2183,Power Transmission Project 1183,Power Transmission,West,Ahmedabad,Vertex Infra,15-02-2023,20-04-2025,22-07-2025,1025219054,1122967897,95.6,79.8,238,598418814,253062218,271486865,11191,3,5,8,4,79.7,75.8,93,Delayed,888,795,1122967897,97748843,-15.8
P2184,Highway Project 1184,Highway,West,Mumbai,Prime Projects,29-06-2024,08-01-2026,18-01-2026,799663806,887719956,89.2,91.9,407,481742463,224288918,181688576,3556,1,1,7,1,97.1,95.4,10,Completed,568,558,887719957,88056150,2.7
P2185,Highway Project 1185,Highway,North,Delhi,Shakti Engineering,02-08-2025,29-07-2026,24-10-2026,1239465256,1377743243,94.3,73.1,401,889576250,334218461,153948532,10027,4,3,13,1,90.9,77.6,87,Delayed,448,361,1377743243,138277987,-21.2
P2186,Power Transmission Project 1186,Power Transmission,West,Mumbai,Apex Contractors,19-03-2023,16-02-2025,24-02-2025,1753036502,1760281935,89.2,89.1,460,1020244548,419294603,320742784,3544,0,3,14,1,88.5,100,8,On Track,708,700,1760281935,7245433,-0.1
P2187,Metro Project 1187,Metro,Central,Nagpur,ABC Infra,30-12-2024,16-03-2027,21-05-2027,1520733431,1771201677,87.6,76.8,569,1097507669,475220949,198473059,6307,0,2,8,7,92.7,100,66,Delayed,872,806,1771201677,250468246,-10.8
P2188,Highway Project 1188,Highway,North,Jaipur,UrbanWorks,23-03-2025,01-02-2027,13-02-2027,1370481906,1481648566,84.6,87.2,572,787292814,358463637,335892115,822,2,5,12,0,70.8,84.1,12,On Track,692,680,1481648566,111166660,2.6
P2189,Highway Project 1189,Highway,North,Jaipur,Apex Contractors,11-07-2025,05-03-2027,27-04-2027,580351009,604663133,94.2,83.9,133,400840539,121503658,82318936,1994,2,2,12,1,90.4,79.6,53,Delayed,655,602,604663133,24312124,-10.3
P2190,Highway Project 1190,Highway,Central,Nagpur,BuildTech,14-03-2023,27-10-2023,06-12-2023,1084836455,1243681460,88.5,84.5,337,601116843,361670332,280894284,2552,2,6,5,0,71.9,89.4,40,Delayed,267,227,1243681459,158845005,-4
P2191,Metro Project 1191,Metro,South,Chennai,MegaBuild,04-03-2025,12-02-2026,20-03-2026,1129689126,1279425071,91.2,87.4,260,793927002,281707888,203790182,5137,1,2,4,3,86.8,94.8,36,Delayed,381,345,1279425072,149735945,-3.8
P2192,Water Infrastructure Project 1192,Water Infrastructure,North,Delhi,ABC Infra,06-09-2023,06-11-2025,19-12-2025,867589960,957574370,87.2,,311,581443526,272979608,103151235,7626,1,3,15,1,84.2,94,43,Delayed,835,792,957574369,89984410,-87.2
P2193,Highway Project 1193,Highway,West,Ahmedabad,Apex Contractors,16-02-2023,07-03-2025,24-05-2025,1323337088,1427029488,89.9,75.4,682,698614646,418341064,310073778,8769,1,6,10,0,69.2,84.7,78,Delayed,828,750,1427029488,103692400,-14.5
P2194,Highway Project 1194,Highway,West,Pune,BuildTech,01-05-2023,19-06-2025,09-08-2025,1210057657,1353582539,90.8,82.1,658,790885797,295971260,266725482,447,1,6,10,3,77.9,94.8,51,Delayed,831,780,1353582539,143524882,-8.7
P2195,Water Infrastructure Project 1195,Water Infrastructure,West,Mumbai,ABC Infra,02-08-2023,21-09-2025,17-11-2025,800957311,815794044,83,77.8,344,485490741,237164386,93138917,8448,0,2,14,5,87.2,95.5,57,Delayed,838,781,815794044,14836733,-5.2
P2196,Water Infrastructure Project 1196,Water Infrastructure,West,Mumbai,Apex Contractors,27-08-2023,28-02-2025,08-03-2025,694249476,773003579,87.3,87.7,189,440009748,231855170,101138660,11077,3,3,10,1,78.2,78.9,8,On Track,559,551,773003578,78754103,0.4
P2197,Bridge Project 1197,Bridge,South,Hyderabad,MegaBuild,25-02-2023,09-04-2025,02-06-2025,1211879128,1319179033,96.3,82.8,628,672209357,415207024,231762652,3920,0,3,6,3,91.6,100,54,Delayed,828,774,1319179033,107299905,-13.5
P2198,Building Project 1198,Building,North,Delhi,BuildTech,16-12-2023,06-06-2025,31-07-2025,867979933,970305694,86.7,74.3,338,602237540,259106114,108962040,10931,0,6,9,4,77.7,100,55,Delayed,593,538,970305694,102325761,-12.4
P2199,Metro Project 1199,Metro,West,Pune,Shakti Engineering,17-04-2023,11-11-2024,29-11-2024,2820824047,2992460131,93.6,85.5,763,1615706625,859308780,517444725,9431,2,0,10,0,100,82.5,18,On Track,592,574,2992460130,171636084,-8.1
P2200,Bridge Project 1200,Bridge,West,Mumbai,Shakti Engineering,10-04-2025,14-01-2026,04-02-2026,839133811,880046250,91.3,86.7,439,457010491,236366657,186669102,4009,2,1,10,1,85.2,88,21,On Track,300,279,880046250,40912439,-4.6
P2201,Building Project 1201,Building,West,Pune,MegaBuild,17-02-2023,20-11-2024,07-02-2025,441201055,472667623,92,77.6,207,228739239,135497370,108431014,4637,4,7,11,1,77.3,70,79,Delayed,721,642,472667623,31466568,-14.4
P2202,Bridge Project 1202,Bridge,West,Ahmedabad,Prime Projects,26-07-2024,03-09-2026,08-11-2026,848246620,941649663,92.5,78.9,391,558431553,246965680,136252431,5394,4,6,13,1,75.4,65.1,66,Delayed,835,769,941649664,93403043,-13.6
P2203,Power Transmission Project 1203,Power Transmission,North,Jaipur,MegaBuild,03-12-2023,11-11-2025,20-11-2025,758516122,770852882,90.1,85.2,344,359110311,221235652,190506919,9715,2,2,7,1,89.5,83.9,9,On Track,718,709,770852882,12336760,-4.9
P2204,Highway Project 1204,Highway,West,Pune,Prime Projects,26-01-2023,10-08-2023,03-09-2023,1141655686,1236376162,87.7,87.1,326,759001349,308014618,169360195,7772,1,7,4,0,74.7,95.5,24,On Track,220,196,1236376162,94720476,-0.6
P2205,Power Transmission Project 1205,Power Transmission,West,Mumbai,BuildTech,14-03-2025,02-12-2026,13-01-2027,1188816603,1252620736,87,80.6,344,767296279,344100901,141223556,3663,1,2,6,4,97,90.2,42,Delayed,670,628,1252620736,63804133,-6.4
P2206,Highway Project 1206,Highway,South,Chennai,Apex Contractors,14-09-2023,27-03-2025,28-05-2025,1173091291,1358842184,88.7,84,524,753907172,418288586,186646426,3323,0,7,4,5,76.1,98,62,Delayed,622,560,1358842184,185750893,-4.7
P2207,Power Transmission Project 1207,Power Transmission,North,Delhi,Prime Projects,08-01-2023,16-01-2024,27-01-2024,617156847,631933755,95,95.4,180,356550270,152701922,122681563,2117,2,4,10,1,85.3,82.1,11,Completed,384,373,631933755,14776908,0.4
P2208,Building Project 1208,Building,Central,Nagpur,BuildTech,16-09-2024,22-02-2027,14-03-2027,496810952,530520714,84.6,78.8,181,327368660,107227584,95924470,11864,2,2,7,1,94.7,86.4,20,On Track,909,889,530520714,33709762,-5.8
P2209,Power Transmission Project 1209,Power Transmission,South,Bengaluru,BuildTech,16-05-2025,29-07-2026,15-10-2026,1199509823,1330009126,88.8,78.2,573,892300469,282109181,155599476,983,1,6,11,3,68.8,96.2,78,Delayed,517,439,1330009126,130499303,-10.6
P2210,Highway Project 1210,Highway,Central,Indore,Vertex Infra,10-09-2023,26-09-2024,15-12-2024,1515776222,1793885003,83.9,73.3,725,1014794885,538813964,240276154,5807,2,3,14,6,90.6,83.8,80,Delayed,462,382,1793885003,278108781,-10.6
P2211,Building Project 1211,Building,Central,Indore,UrbanWorks,22-11-2024,08-11-2026,07-11-2026,631780464,675640839,87.7,87.6,233,417930561,185587224,72123053,7031,0,4,14,0,86.7,97.7,-1,On Track,715,716,675640838,43860375,-0.1
P2212,Building Project 1212,Building,South,Bengaluru,BuildTech,19-12-2024,04-02-2027,04-03-2027,660925999,685618242,89.5,86.6,318,357565325,165399655,162653263,9724,1,1,8,2,94,95.1,28,On Track,805,777,685618243,24692243,-2.9
P2213,Water Infrastructure Project 1213,Water Infrastructure,West,Pune,Prime Projects,30-10-2023,02-09-2025,11-09-2025,734891134,751079561,95.6,90.6,365,427113298,225390375,98575887,11877,1,3,9,0,86.5,99.2,9,Completed,682,673,751079560,16188427,-5
P2214,Building Project 1214,Building,North,Delhi,UrbanWorks,30-09-2024,05-02-2026,21-04-2026,789211821,890133348,96,78.6,344,426809570,183534154,279789625,9108,1,4,5,1,99.9,94.8,75,Delayed,568,493,890133349,100921527,-17.4
P2215,Building Project 1215,Building,West,Pune,UrbanWorks,25-02-2023,22-03-2025,12-03-2025,571232197,597974008,82.8,90,168,331590776,117969344,148413889,10565,0,3,6,0,92.3,100,-10,Completed,746,756,597974009,26741811,7.2
P2216,Bridge Project 1216,Bridge,Central,Nagpur,BuildTech,26-12-2024,08-10-2025,28-09-2025,751423526,793829228,84,92.4,233,468255281,213056522,112517425,3210,1,2,9,1,94.5,94.1,-10,Completed,276,286,793829228,42405702,8.4
P2217,Metro Project 1217,Metro,North,Delhi,MegaBuild,09-06-2024,29-10-2026,02-01-2027,1421045602,1490828144,89.3,77.7,460,959023361,359259674,172545109,2317,2,5,13,0,85.1,82.9,65,Delayed,937,872,1490828144,69782542,-11.6
P2218,Bridge Project 1218,Bridge,South,Bengaluru,MegaBuild,18-04-2024,17-11-2025,01-02-2026,1209467704,1251547054,93,76.3,312,807440110,284234495,159872449,4523,1,1,11,3,91.2,100,76,Delayed,654,578,1251547054,42079350,-16.7
P2219,Highway Project 1219,Highway,West,Pune,Shakti Engineering,28-01-2023,02-03-2024,27-03-2024,659012929,755640494,83.6,84.3,204,473945547,199667431,82027515,2484,0,2,12,2,99.5,98.8,25,On Track,424,399,755640493,96627565,0.7
P2220,Power Transmission Project 1220,Power Transmission,South,Hyderabad,UrbanWorks,09-09-2025,07-12-2027,22-01-2028,1054922509,1122266455,88.5,75.7,305,580252250,234481231,307532973,1657,2,1,16,0,90.7,84.4,46,Delayed,865,819,1122266454,67343946,-12.8
P2221,Water Infrastructure Project 1221,Water Infrastructure,West,Mumbai,BuildTech,19-03-2023,13-05-2024,18-08-2024,318132578,343062965,94.1,74.2,117,184102289,96232605,62728071,6991,0,6,13,5,86.6,100,97,Delayed,518,421,343062965,24930387,-19.9
P2222,Power Transmission Project 1222,Power Transmission,South,Chennai,Vertex Infra,04-08-2023,15-05-2025,22-07-2025,873353185,974656566,94.6,83.1,453,496592439,220437087,257627040,6831,2,1,6,3,95.6,84.6,68,Delayed,718,650,974656566,101303381,-11.5
P2223,Metro Project 1223,Metro,North,Jaipur,MegaBuild,21-01-2024,20-12-2025,06-02-2026,2535332854,2814460261,88.8,,645,1469243753,873433672,471782836,4966,2,2,14,2,84.2,81.3,48,Delayed,747,699,2814460261,279127407,-88.8
P2224,Power Transmission Project 1224,Power Transmission,South,Chennai,Vertex Infra,31-12-2023,02-12-2024,06-02-2025,848422031,889171381,82,77,388,440808535,249059119,199303727,7697,0,6,10,3,79,98.3,66,Delayed,403,337,889171381,40749350,-5
P2225,Power Transmission Project 1225,Power Transmission,Central,Nagpur,BuildTech,27-10-2024,05-06-2025,15-08-2025,701876717,737053122,94.2,76.4,313,403049724,188420850,145582547,11555,1,3,15,1,87.9,84.8,71,Delayed,292,221,737053121,35176405,-17.8
P2226,Water Infrastructure Project 1226,Water Infrastructure,West,Pune,BuildTech,09-06-2024,13-04-2026,13-06-2026,589544174,656718652,86.3,77,148,421135105,145203331,90380217,2768,2,2,12,3,86.9,85.7,61,Delayed,734,673,656718653,67174478,-9.3
P2227,Building Project 1227,BUILDING,West,Ahmedabad,Apex Contractors,29-11-2024,10-01-2026,30-04-2026,364628003,424615823,92.2,72.2,191,248190973,128174228,48250622,7591,2,3,15,6,83,82,110,Delayed,517,407,424615823,59987820,-20
P2228,Metro Project 1228,Metro,North,Delhi,UrbanWorks,08-11-2023,20-08-2024,08-09-2024,1157836986,1186917110,86.4,84.6,471,776213315,240358276,170345519,7555,1,2,12,0,90.5,84.9,19,On Track,305,286,1186917110,29080124,-1.8
P2229,Power Transmission Project 1229,Power Transmission,West,Pune,Apex Contractors,01-06-2025,11-06-2027,22-08-2027,1582227302,1600879036,90.4,76.9,538,1051951852,352781838,196145347,4220,2,8,8,0,68.9,84,72,Delayed,812,740,1600879037,18651734,-13.5
P2230,Building Project 1230,Building,North,Delhi,Vertex Infra,07-01-2023,11-06-2023,01-09-2023,909103442,1051234579,91.2,73.7,426,558080876,201382925,291770778,4536,4,13,10,2,50,65,82,Delayed,237,155,1051234579,142131137,-17.5
P2231,Highway Project 1231,Highway,North,Jaipur,Apex Contractors,03-01-2023,15-05-2025,20-06-2025,1478820067,1634634833,95.1,91.9,450,983430408,473595929,177608496,2239,0,3,7,2,95,98.2,36,Delayed,899,863,1634634833,155814766,-3.2
P2232,Metro Project 1232,Metro,South,Hyderabad,Shakti Engineering,14-09-2024,22-01-2027,02-04-2027,2681940563,3054380765,84.4,71.8,1203,1528208196,917355764,608816805,4156,1,6,14,6,81.1,87.2,70,Delayed,930,860,3054380765,372440202,-12.6
P2233,Power Transmission Project 1233,Power Transmission,South,Chennai,UrbanWorks,07-07-2025,22-10-2026,23-10-2026,1431642432,1533516075,86.5,87.7,333,851085947,454185127,228245001,350,2,0,8,3,99.8,90.5,1,On Track,473,472,1533516075,101873643,1.2
P2234,Power Transmission Project 1234,Power Transmission,West,Mumbai,ABC Infra,19-01-2025,25-03-2027,16-05-2027,668322757,773291940,96.5,86.9,332,434039292,218868242,120384406,7430,2,4,12,2,82.6,85.8,52,Delayed,847,795,773291940,104969183,-9.6
P2235,Power Transmission Project 1235,Power Transmission,North,Jaipur,Apex Contractors,29-12-2023,08-07-2024,25-09-2024,1552246828,1578983483,90.9,71.8,571,782912493,298695377,497375613,11468,2,3,9,3,75.1,76.1,79,Delayed,271,192,1578983483,26736655,-19.1
P2236,Building Project 1236,Building,North,Jaipur,Vertex Infra,20-01-2025,26-02-2027,21-02-2027,962040230,1095038055,86.6,95.6,413,617609492,331585096,145843467,1660,0,1,11,6,92.1,100,-5,Completed,762,767,1095038055,132997825,9
P2237,Metro Project 1237,Metro,South,Chennai,MegaBuild,22-05-2024,06-09-2025,02-11-2025,2572182649,2813541456,92.9,81.6,753,1515377430,654601563,643562463,7105,0,3,10,1,89.7,100,57,Delayed,529,472,2813541456,241358807,-11.3
P2238,Highway Project 1238,Highway,North,Jaipur,MegaBuild,01-10-2023,07-04-2024,13-05-2024,1053860592,1108697456,86,86.4,467,704890698,265370384,138436374,8857,1,3,13,2,85.4,84.3,36,Delayed,225,189,1108697456,54836864,0.4
P2239,Highway Project 1239,Highway,West,Ahmedabad,MegaBuild,20-05-2024,15-11-2025,17-12-2025,765882421,757976054,90.8,85.5,363,464022908,164693817,129259329,11447,1,6,9,1,84.8,93.4,32,Delayed,576,544,757976054,-7906367,-5.3
P2240,Highway Project 1240,Highway,West,Ahmedabad,Prime Projects,16-03-2025,21-06-2027,09-10-2027,1405869825,1668929910,87.3,69,528,976789982,369575245,322564683,6330,2,6,11,7,75.6,86.4,110,Delayed,937,827,1668929910,263060085,-18.3
P2241,Bridge Project 1241,Bridge,Central,Indore,BuildTech,08-01-2025,19-11-2026,18-02-2027,1012409318,1116455223,95,69.8,429,667950199,320383741,128121284,3345,1,3,8,3,84.6,89.3,91,Delayed,771,680,1116455224,104045905,-25.2
P2242,Highway Project 1242,Highway,Central,Indore,UrbanWorks,01-06-2025,02-07-2027,05-08-2027,1547395427,1747398956,86.6,79.9,573,861370160,385067307,500961489,10495,1,4,8,1,80.5,88,34,Delayed,795,761,1747398956,200003529,-6.7
P2243,Bridge Project 1243,Bridge,West,Ahmedabad,MegaBuild,15-01-2023,12-10-2024,21-10-2024,540946393,586120254,79.4,82.8,278,349701637,131275044,105143573,11393,4,7,7,1,72.3,73.5,9,On Track,645,636,586120254,45173861,3.4
P2244,Power Transmission Project 1244,Power Transmission,South,Bengaluru,ABC Infra,11-07-2023,08-01-2025,01-03-2025,878054145,963823965,88.2,81.3,337,501333726,259146193,203344046,557,1,3,9,3,85.2,99.6,52,Delayed,599,547,963823965,85769820,-6.9
P2245,Bridge Project 1245,Bridge,South,Hyderabad,MegaBuild,11-09-2025,01-07-2027,24-07-2027,587233474,590567874,87.3,85.1,292,324442805,138028787,128096282,11951,0,6,6,1,77.3,100,23,On Track,681,658,590567874,3334400,-2.2
P2246,Power Transmission Project 1246,Power Transmission,North,Delhi,Shakti Engineering,22-09-2024,28-06-2025,08-07-2025,1563973119,1765608168,89,88.5,757,847598982,333678389,584330797,344,1,4,15,3,82,95.2,10,On Track,289,279,1765608168,201635049,-0.5
P2247,Building Project 1247,Building,South,Hyderabad,BuildTech,29-04-2024,22-01-2025,22-03-2025,491138717,498819573,92.2,82.3,174,294099905,148350494,56369173,8760,1,5,8,1,84.7,97.7,59,Delayed,327,268,498819572,7680856,-9.9
P2248,Metro Project 1248,Metro,Central,Nagpur,Vertex Infra,28-01-2023,11-07-2025,21-08-2025,1121986463,1242624951,85.3,82.1,332,745395849,292340250,204888852,1634,1,2,10,5,97.6,96.4,41,Delayed,936,895,1242624951,120638488,-3.2
P2249,Metro Project 1249,Metro,North,Jaipur,BuildTech,14-12-2024,28-11-2025,11-12-2025,2967150397,3073285251,86.9,79.9,1050,1585409271,858232113,629643867,971,1,6,3,1,69.7,93,13,On Track,362,349,3073285251,106134854,-7
P2250,Highway Project 1250,Highway,West,Mumbai,Apex Contractors,08-02-2023,19-05-2025,03-08-2025,548433986,611349407,90,79.6,270,332033968,155853588,123461850,7300,0,6,14,3,76.9,100,76,Delayed,907,831,611349406,62915421,-10.4
P2251,Metro Project 1251,Metro,North,Jaipur,Vertex Infra,10-08-2025,22-06-2027,07-10-2027,2643783239,2922596267,87.4,67.7,780,1825468526,615813312,481314429,3938,2,2,20,4,89.8,78.9,107,Delayed,788,681,2922596267,278813028,-19.7
P2252,Water Infrastructure Project 1252,Water Infrastructure,South,Hyderabad,Vertex Infra,30-09-2023,03-04-2024,12-05-2024,523546939,560653146,90.3,80.9,205,344524767,148800220,67328159,6385,0,2,10,3,95.9,100,39,Delayed,225,186,560653146,37106207,-9.4
P2253,Highway Project 1253,Highway,West,Ahmedabad,Apex Contractors,19-08-2023,31-12-2024,11-02-2025,1401988155,1509547953,92.2,80.4,681,852000944,329868128,327678880,534,1,2,14,2,97.6,99.1,42,Delayed,542,500,1509547952,107559798,-11.8
P2254,Metro Project 1254,Metro,South,Chennai,UrbanWorks,27-03-2023,20-09-2023,10-01-2024,2088148573,2332219860,90.1,66.8,702,1205638296,539993599,586587965,7134,2,4,12,4,86.7,81.3,112,Delayed,289,177,2332219860,244071287,-23.3
P2255,Bridge Project 1255,Bridge,Central,Nagpur,Apex Contractors,18-04-2024,01-05-2025,08-07-2025,1156345764,1318380803,94.4,81.4,499,662915702,267767161,387697940,3507,1,5,3,2,77.9,80.1,68,Delayed,446,378,1318380803,162035039,-13
P2256,Power Transmission Project 1256,Power Transmission,West,Ahmedabad,Prime Projects,06-05-2023,09-08-2024,05-10-2024,1725693514,1899609254,86.2,73.6,519,999157278,370053370,530398606,5864,3,3,8,1,98.3,80.3,57,Delayed,518,461,1899609254,173915740,-12.6
P2257,Power Transmission Project 1257,Power Transmission,South,Hyderabad,Vertex Infra,22-03-2025,26-11-2025,03-12-2025,616008799,643199800,87.7,89.4,157,384409441,158464153,100326206,2700,1,1,10,2,95,92,7,On Track,256,249,643199800,27191001,1.7
P2258,Water Infrastructure Project 1258,Water Infrastructure,South,Chennai,Vertex Infra,20-06-2024,14-10-2026,18-11-2026,348124366,371866908,96,88.9,167,212491004,72368420,87007485,9909,2,6,13,1,72.6,80.8,35,Delayed,881,846,371866909,23742542,-7.1
P2259,Highway Project 1259,Highway,West,Mumbai,Apex Contractors,25-05-2023,11-03-2024,23-04-2024,784124872,876771660,87.1,81.1,198,528963568,188823675,158984417,5389,1,2,12,2,96.4,94.5,43,Delayed,334,291,876771660,92646788,-6
P2260,Power Transmission Project 1260,Power Transmission,South,Hyderabad,UrbanWorks,08-06-2024,14-11-2026,02-03-2027,1414871654,1503541343,99.8,70.1,437,828433649,438696123,236411570,7851,3,7,15,1,70.8,71.5,108,Delayed,997,889,1503541342,88669689,-29.7
P2261,Power Transmission Project 1261,Power Transmission,North,Delhi,MegaBuild,31-07-2023,02-08-2025,06-09-2025,1679809358,1812493357,93.9,86.1,843,1100578908,362859444,349055006,5305,2,5,15,0,79.2,92.4,35,Delayed,768,733,1812493358,132683999,-7.8
P2262,Building Project 1262,Building,West,Pune,Shakti Engineering,25-01-2023,19-12-2023,05-02-2024,686358495,711869396,86.7,80.8,229,410577646,164485024,136806726,7790,0,3,9,3,92.3,79.5,48,Delayed,376,328,711869396,25510901,-5.9
P2263,Power Transmission Project 1263,Power Transmission,South,Chennai,ABC Infra,02-08-2024,18-11-2025,13-12-2025,1339437471,1425182634,92.3,92.2,724,696461982,389898350,338822301,11746,1,3,9,1,88.7,96.3,25,Completed,498,473,1425182633,85745163,-0.1
P2264,Metro Project 1264,Metro,South,Hyderabad,UrbanWorks,29-01-2024,10-09-2025,24-11-2025,1363229709,1435038206,91.2,79.7,740,709661402,423773532,301603272,8040,1,4,11,3,84.1,97.5,75,Delayed,665,590,1435038206,71808497,-11.5
P2265,Power Transmission Project 1265,Power Transmission,West,Ahmedabad,Prime Projects,08-03-2023,29-10-2023,08-12-2023,1579009869,1741376700,84.2,74.6,487,1054021682,332804673,354550345,8931,4,4,11,4,88.4,75.2,40,Delayed,275,235,1741376700,162366831,-9.6
P2266,Power Transmission Project 1266,Power Transmission,North,Delhi,UrbanWorks,21-08-2023,07-09-2024,14-11-2024,1775467015,1949934219,96.2,79.6,414,1171646288,424217204,354070727,5482,0,3,4,4,89.7,97.9,68,Delayed,451,383,1949934219,174467204,-16.6
P2267,Highway Project 1267,Highway,South,Bengaluru,BuildTech,19-04-2023,08-06-2025,30-07-2025,803185885,895157908,93.3,82.7,363,469358966,210899608,214899334,950,1,5,11,2,80.1,89.3,52,Delayed,833,781,895157908,91972023,-10.6
P2268,Bridge Project 1268,Bridge,South,Chennai,MegaBuild,26-05-2023,07-12-2024,02-02-2025,820731410,863330123,95.9,83.4,302,522154538,198865625,142309960,333,1,3,10,2,86.6,90.2,57,Delayed,618,561,863330123,42598713,-12.5
P2269,Power Transmission Project 1269,Power Transmission,North,Delhi,MegaBuild,21-04-2023,16-02-2025,15-04-2025,709200494,804298627,94.2,77.1,179,404993672,182320163,216984791,11244,2,6,9,1,66.6,91.9,58,Delayed,725,667,804298626,95098133,-17.1
P2270,Highway Project 1270,Highway,West,Ahmedabad,Vertex Infra,16-08-2023,10-03-2025,21-04-2025,1106797806,1120429499,91.4,83.8,501,642214272,238395411,239819817,3332,0,5,9,0,84.8,97.8,42,Delayed,614,572,1120429500,13631693,-7.6
P2271,Building Project 1271,Building,South,Hyderabad,MegaBuild,21-04-2023,07-12-2024,05-03-2025,716990161,806548994,94.3,78.9,165,523491674,178202469,104854851,7944,1,4,7,3,77.2,93.5,88,Delayed,684,596,806548994,89558833,-15.4
P2272,Power Transmission Project 1272,Power Transmission,North,Jaipur,MegaBuild,14-04-2024,25-05-2025,22-05-2025,779768146,805106973,84.7,83.5,395,414106571,170997349,220003054,1410,1,2,4,0,96.5,95.3,-3,On Track,403,406,805106974,25338827,-1.2
P2273,Building Project 1273,Building,West,Mumbai,Apex Contractors,03-02-2023,31-03-2024,14-07-2024,673577342,768635827,97.9,72.8,179,377398760,158843325,232393742,11773,2,5,18,2,80,86.9,105,Delayed,527,422,768635827,95058485,-25.1
P2274,Highway Project 1274,Highway,North,Jaipur,MegaBuild,14-09-2024,18-11-2025,20-03-2026,871639361,964334828,93,65.8,228,557473215,259866960,146994653,8953,3,5,7,4,75.4,72.3,122,Delayed,552,430,964334828,92695467,-27.2
P2275,Building Project 1275,Building,West,Pune,MegaBuild,14-02-2025,07-01-2026,03-02-2026,730609076,772098546,82.2,79.7,203,459897901,175240868,136959776,8813,0,6,7,2,73.8,100,27,On Track,354,327,772098545,41489470,-2.5
P2276,Metro Project 1276,Metro,North,Delhi,ABC Infra,24-07-2025,31-07-2027,21-08-2027,2149595584,2375034302,84,81.4,1154,1142218111,565306579,667509612,4810,0,3,5,3,99.8,96.9,21,On Track,758,737,2375034302,225438718,-2.6
P2277,Building Project 1277,Building,West,Pune,Prime Projects,04-01-2024,22-07-2025,22-09-2025,363574339,407149739,91.2,80,163,228191232,96396594,82561913,2174,1,8,9,2,62.6,88.9,62,Delayed,627,565,407149739,43575400,-11.2
P2278,Highway Project 1278,Highway,West,Mumbai,Vertex Infra,17-01-2025,17-03-2027,30-05-2027,1317751252,1452353953,86.4,75,638,724967719,302787744,424598490,3339,2,6,11,4,74.4,82.5,74,Delayed,863,789,1452353953,134602701,-11.4
P2279,Building Project 1279,Building,North,Delhi,Apex Contractors,17-08-2024,08-09-2026,20-09-2026,867305219,947421374,92.1,89.9,304,493475197,271102419,182843758,10729,0,5,9,1,82.8,100,12,On Track,764,752,947421374,80116155,-2.2
P2280,Building Project 1280,Building,Central,Indore,MegaBuild,07-07-2024,28-12-2024,30-01-2025,619394766,667775361,86.1,85.1,205,396368765,197177959,74228637,1556,1,4,8,2,84.7,94.6,33,Delayed,207,174,667775361,48380595,-1
P2281,Water Infrastructure Project 1281,Water Infrastructure,West,Ahmedabad,Vertex Infra,29-02-2024,09-07-2024,18-08-2024,334526241,361519538,84.9,76.7,99,216971751,79156179,65391607,10931,1,4,11,1,81.9,91.9,40,Delayed,171,131,361519537,26993297,-8.2
P2282,Building Project 1282,Building,North,Delhi,Prime Projects,04-09-2024,20-10-2026,25-10-2026,897276766,977661042,87.8,90.1,339,602585036,223900443,151175563,3540,0,9,7,0,61.1,100,5,Completed,781,776,977661042,80384276,2.3
P2283,Building Project 1283,Building,West,Ahmedabad,Apex Contractors,01-06-2024,02-11-2025,26-01-2026,1040450240,1066941492,100,73.5,418,537773584,299002067,230165841,4563,1,5,14,1,77.3,96.4,85,Delayed,604,519,1066941492,26491252,-26.5
P2284,Water Infrastructure Project 1284,Water Infrastructure,North,Jaipur,Shakti Engineering,22-11-2024,29-12-2026,18-02-2027,447791716,498887883,85.6,76.7,191,302456958,98657081,97773844,11794,2,8,15,2,71.6,85.6,51,Delayed,818,767,498887883,51096167,-8.9
P2285,Highway Project 1285,Highway,Central,Nagpur,MegaBuild,09-10-2023,04-07-2025,02-09-2025,860583221,909805652,95,81.8,262,522751854,278641358,108412441,5569,3,3,9,4,88.1,82.2,60,Delayed,694,634,909805653,49222431,-13.2
P2286,Building Project 1286,Building,South,Chennai,Vertex Infra,16-11-2023,30-12-2025,18-01-2026,488926216,507184500,87,82.9,260,282283241,103602930,121298329,11203,1,5,11,1,84.2,94.7,19,On Track,794,775,507184500,18258284,-4.1
P2287,Highway Project 1287,Highway,Central,Nagpur,UrbanWorks,07-01-2025,30-10-2026,02-01-2027,1125398249,1226271900,89.6,77.3,310,651234228,325123839,249913833,8017,2,2,10,3,88.2,87.1,64,Delayed,725,661,1226271900,100873651,-12.3
P2288,Power Transmission Project 1288,Power Transmission,South,Hyderabad,Apex Contractors,18-03-2024,09-03-2025,13-04-2025,792358088,879836087,90.5,83.1,426,547708197,195785849,136342040,1709,2,5,6,0,81.2,88.2,35,Delayed,391,356,879836086,87477999,-7.4
P2289,Highway Project 1289,Highway,South,Chennai,Apex Contractors,09-08-2025,11-09-2026,29-12-2026,894722671,994178400,89.8,67.1,201,578012481,221157857,195008062,10920,2,3,10,5,85.8,87,109,Delayed,507,398,994178400,99455729,-22.7
P2290,Bridge Project 1290,Bridge,South,Chennai,Vertex Infra,11-11-2023,20-02-2025,25-04-2025,987535736,1064882395,90.2,77.3,374,592461985,218124291,254296118,2132,3,5,10,1,82.6,80.7,64,Delayed,531,467,1064882394,77346659,-12.9
P2291,Water Infrastructure Project 1291,Water Infrastructure,South,Bengaluru,MegaBuild,26-05-2025,11-06-2027,26-08-2027,641370170,706489655,91.4,75.4,211,428161318,181506169,96822168,2324,0,4,7,6,83.6,91.8,76,Delayed,822,746,706489655,65119485,-16
P2292,Bridge Project 1292,Bridge,South,Chennai,BuildTech,23-08-2025,03-04-2026,18-05-2026,731331616,811255242,84,75.2,269,490635180,223032488,97587574,11838,3,4,17,1,85,71.9,45,Delayed,268,223,811255242,79923626,-8.8
P2293,Highway Project 1293,Highway,West,Mumbai,ABC Infra,10-01-2025,29-01-2027,27-03-2027,961660834,1018043361,89.5,76.8,392,470184645,296122141,251736575,6036,2,6,13,2,82.1,87.7,57,Delayed,806,749,1018043361,56382527,-12.7
P2294,Building Project 1294,Building,Central,Nagpur,UrbanWorks,12-01-2024,09-10-2025,13-10-2025,759409281,762437379,89.8,86.1,276,412933646,168920658,180583074,5293,2,2,9,0,86.5,87.8,4,On Track,640,636,762437378,3028098,-3.7
P2295,Building Project 1295,Building,North,Jaipur,UrbanWorks,16-10-2023,17-10-2024,19-12-2024,361693280,417392244,92.2,78.7,129,198079173,107736963,111576108,11403,4,3,8,2,84.7,72.9,63,Delayed,430,367,417392244,55698964,-13.5
P2296,Water Infrastructure Project 1296,Water Infrastructure,West,Ahmedabad,BuildTech,12-03-2024,08-07-2025,20-08-2025,349998470,384882313,88.9,80.6,161,211404450,95304077,78173786,7934,2,5,7,1,86.3,85,43,Delayed,526,483,384882313,34883843,-8.3
P2297,Bridge Project 1297,Bridge,South,Hyderabad,MegaBuild,23-10-2024,06-01-2026,10-03-2026,1139537906,1224351999,92.1,79,508,768181485,316148291,140022223,5257,0,7,10,3,76.1,100,63,Delayed,503,440,1224351999,84814093,-13.1
P2298,Building Project 1298,Building,South,Chennai,Apex Contractors,04-10-2023,25-10-2025,31-12-2025,413183477,439716663,87.4,75.1,204,,95170101,52819654,3513,1,3,8,3,91,92.9,67,Delayed,819,752,147989755,26533186,-12.3
P2299,Bridge Project 1299,Bridge,South,Hyderabad,Apex Contractors,10-12-2024,19-01-2026,13-02-2026,995612967,1021965090,87.8,81.1,301,510043674,253698676,258222740,10655,1,1,9,0,89.4,89.8,25,On Track,430,405,1021965090,26352123,-6.7
P2300,Water Infrastructure Project 1300,Water Infrastructure,North,Jaipur,ABC Infra,04-08-2024,29-04-2025,01-07-2025,859123089,905753628,91.2,85,361,417765108,251499090,236489430,6508,0,3,10,5,83.7,100,63,Delayed,331,268,905753628,46630539,-6.2
P2301,Building Project 1301,Building,South,Hyderabad,UrbanWorks,17-05-2024,06-12-2024,12-02-2025,551038777,609321703,85.9,70.5,227,321056794,169926251,118338658,9944,5,5,11,2,78.9,67.4,68,Delayed,271,203,609321703,58282926,-15.4
P2302,Building Project 1302,Building,North,Jaipur,ABC Infra,15-09-2024,22-02-2026,04-04-2026,622401377,687569324,87.7,78.4,212,364120642,167860052,155588629,6753,2,4,11,3,91.9,91.8,41,Delayed,566,525,687569323,65167947,-9.3
P2303,Metro Project 1303,Metro,South,Chennai,UrbanWorks,30-05-2024,26-12-2025,01-03-2026,2116464384,2440531357,88,79.8,805,1514441706,554891960,371197692,3053,2,5,13,2,77.7,87.6,65,Delayed,640,575,2440531358,324066973,-8.2
P2304,Highway Project 1304,Highway,North,Jaipur,MegaBuild,16-12-2023,26-04-2026,30-05-2026,1443885873,1521322574,88.2,82.3,467,885953511,450187921,185181142,11393,0,2,13,0,91.2,99.9,34,Delayed,896,862,1521322574,77436701,-5.9
P2305,Highway Project 1305,Highway,South,Chennai,Shakti Engineering,22-04-2025,27-01-2026,05-03-2026,1506791339,1689238724,90.2,78.8,402,905610972,505281821,278345932,11563,5,2,8,1,93.7,64.8,37,Delayed,317,280,1689238725,182447385,-11.4
P2306,Highway Project 1306,Highway,South,Bengaluru,UrbanWorks,21-03-2024,21-10-2025,18-12-2025,1295343594,1459134168,86.4,77.7,376,747715625,340053965,371364578,7628,3,5,12,5,73.4,74,58,Delayed,637,579,1459134168,163790574,-8.7
P2307,Bridge Project 1307,Bridge,South,Bengaluru,Shakti Engineering,09-04-2025,07-02-2027,30-03-2027,483961303,515347291,92.5,76.8,123,311213807,147810991,56322494,605,4,4,9,0,85,75.5,51,Delayed,720,669,515347292,31385988,-15.7
P2308,Building Project 1308,Building,North,Jaipur,UrbanWorks,16-12-2023,26-08-2025,30-09-2025,835945221,887317090,88.9,85.5,372,470570522,274666323,142080246,1684,0,3,9,1,82.1,100,35,Delayed,654,619,887317091,51371869,-3.4
P2309,Metro Project 1309,Metro,South,Bengaluru,Apex Contractors,29-08-2024,03-01-2027,27-04-2027,1802401369,2180626040,91.6,63.6,789,1026619960,501774999,652231081,3667,2,10,12,7,61.8,85.6,114,Delayed,971,857,2180626040,378224671,-28
P2310,Power Transmission Project 1310,Power Transmission,West,Ahmedabad,Prime Projects,25-10-2024,15-07-2026,08-08-2026,1174548209,1220293722,85.1,83.5,626,682511956,323147411,214634356,1874,0,5,13,0,84.3,100,24,On Track,652,628,1220293723,45745513,-1.6
P2311,Highway Project 1311,Highway,West,Ahmedabad,MegaBuild,02-04-2025,15-05-2027,09-06-2027,573860068,633248859,78.6,74.6,264,338025699,163786645,131436514,1172,0,4,17,3,90.2,96.6,25,On Track,798,773,633248858,59388791,-4
P2312,Water Infrastructure Project 1312,Water Infrastructure,South,Bengaluru,BuildTech,17-05-2023,06-01-2025,07-03-2025,418092594,461156438,93.8,75.5,99,269761917,122364852,69029669,8660,1,4,9,3,84.4,92.7,60,Delayed,660,600,461156438,43063844,-18.3
P2313,Building Project 1313,Building,South,Bengaluru,Shakti Engineering,28-01-2025,21-03-2027,18-05-2027,922717229,986030757,90.8,77.6,472,495091073,212032983,278906701,5878,1,6,7,0,75.8,87.9,58,Delayed,840,782,986030757,63313528,-13.2
P2314,Bridge Project 1314,Bridge,Central,Indore,BuildTech,17-06-2025,05-02-2026,08-03-2026,787016037,879191200,92.2,83.9,397,559913289,201386243,117891668,10095,2,4,12,1,88.8,86.6,31,Delayed,264,233,879191200,92175163,-8.3
P2315,Highway Project 1315,Highway,Central,Indore,MegaBuild,31-08-2023,15-01-2026,18-03-2026,837737043,877935240,95.3,78.8,306,435568273,170665378,271701588,1330,1,1,6,0,100,95.1,62,Delayed,930,868,877935239,40198197,-16.5
P2316,Building Project 1316,Building,South,Chennai,Vertex Infra,26-06-2024,24-05-2026,04-07-2026,632073638,681482247,86.2,82.1,261,358493870,173804909,149183469,8064,2,2,11,2,86.1,83.2,41,Delayed,738,697,681482248,49408609,-4.1
P2317,Bridge Project 1317,Bridge,North,Jaipur,BuildTech,09-02-2023,03-06-2024,27-05-2024,1117379598,1187510289,82.8,89.6,605,643667980,340217503,203624806,10226,0,3,13,1,84.3,98.1,-7,On Track,473,480,1187510289,70130691,6.8
P2318,Power Transmission Project 1318,Power Transmission,West,Pune,MegaBuild,17-08-2023,19-11-2024,17-02-2025,1511288811,1551152862,93.9,75.9,597,981935230,394626165,174591466,7031,1,7,12,3,62.8,95.9,90,Delayed,550,460,1551152861,39864051,-18
P2319,Building Project 1319,Building,West,Pune,Apex Contractors,01-07-2024,07-12-2026,25-01-2027,552205509,583043594,92.6,85.3,286,343739157,113615546,125688891,7205,1,4,9,0,92.1,90.8,49,Delayed,938,889,583043594,30838085,-7.3
P2320,Power Transmission Project 1320,Power Transmission,South,Bengaluru,BuildTech,08-07-2025,05-12-2027,16-01-2028,747177227,776685997,94.4,84.3,184,380899345,226076506,169710146,4742,1,3,12,2,79.5,91.2,42,Delayed,922,880,776685997,29508770,-10.1
P2321,Metro Project 1321,Metro,South,Hyderabad,Shakti Engineering,11-08-2023,01-03-2025,01-06-2025,1488956479,1634324338,96.6,77.7,421,923567221,345357337,365399780,3967,1,9,8,2,67.9,93.2,92,Delayed,660,568,1634324338,145367859,-18.9
P2322,Water Infrastructure Project 1322,Water Infrastructure,South,Bengaluru,Prime Projects,06-01-2023,01-11-2023,17-12-2023,859557653,940997883,85.3,74.3,314,520711869,265349921,154936094,1576,3,5,14,1,86.6,74.5,46,Delayed,345,299,940997884,81440230,-11
P2323,Building Project 1323,Building,Central,Indore,BuildTech,18-11-2023,16-02-2026,28-05-2026,773336019,883802735,93.7,71.7,319,519407791,235557758,128837186,6853,3,3,20,4,86.7,73.2,101,Delayed,922,821,883802735,110466716,-22
P2324,Water Infrastructure Project 1324,Water Infrastructure,South,Chennai,Shakti Engineering,12-04-2024,20-09-2025,08-11-2025,625255526,723456664,89,75.6,305,406841680,185835742,130779242,842,2,3,10,1,97.3,88.3,49,Delayed,575,526,723456664,98201138,-13.4
P2325,Metro Project 1325,Metro,South,Bengaluru,UrbanWorks,01-01-2025,25-02-2027,26-04-2027,2170859327,2494965360,93.9,81.1,1185,1337940371,620403411,536621578,8846,0,3,10,4,82.6,98,60,Delayed,845,785,2494965360,324106033,-12.8
P2326,Water Infrastructure Project 1326,Water Infrastructure,Central,Nagpur,MegaBuild,16-03-2023,25-01-2024,28-04-2024,523947101,586127321,97.3,72.9,182,360406055,121653884,104067383,5108,5,5,12,2,79.1,64.7,94,Delayed,409,315,586127322,62180220,-24.4
P2327,Building Project 1327,Building,South,Hyderabad,ABC Infra,04-01-2023,11-08-2024,18-10-2024,934581520,1050698897,90.1,76.5,220,556800286,255038069,238860542,8031,0,3,18,4,91.5,100,68,Delayed,653,585,1050698897,116117377,-13.6
P2328,Water Infrastructure Project 1328,Water Infrastructure,Central,Nagpur,Vertex Infra,26-04-2025,30-06-2026,22-08-2026,619088181,652445337,87,74.5,299,430604917,141314767,80525653,11931,0,5,8,1,75,100,53,Delayed,483,430,652445337,33357156,-12.5
P2329,Metro Project 1329,Metro,South,Chennai,Apex Contractors,07-10-2024,23-10-2025,01-12-2025,1221160847,1346653644,84.6,84.7,512,856461828,340367795,149824021,883,0,0,12,3,80.7,100,39,Delayed,420,381,1346653644,125492797,0.1
P2330,Power Transmission Project 1330,Power Transmission,South,Chennai,ABC Infra,28-04-2023,17-10-2024,07-10-2024,761168801,819591804,81,87.3,217,500419581,201540027,117632196,810,0,2,9,2,91.8,95.7,-10,On Track,528,538,819591804,58423003,6.3
P2331,Highway Project 1331,Highway,West,Ahmedabad,Apex Contractors,30-05-2025,06-11-2026,08-02-2027,1083517808,1135940303,95.8,71.1,415,708986150,300624230,126329923,6976,3,2,7,2,88.9,75.8,94,Delayed,619,525,1135940303,52422495,-24.7
P2332,Power Transmission Project 1332,Power Transmission,North,Delhi,MegaBuild,28-08-2024,17-05-2025,20-06-2025,1738249964,1824409687,96.1,84.4,808,973926152,541004407,309479127,6971,3,2,10,0,95.2,86.7,34,Delayed,296,262,1824409686,86159723,-11.7
P2333,Power Transmission Project 1333,Power Transmission,Central,Nagpur,Apex Contractors,18-05-2024,22-08-2025,12-08-2025,978106067,951700797,94,96.3,463,559036427,224581590,168082780,9438,0,1,8,0,100,100,-10,Completed,451,461,951700797,-26405270,2.3
P2334,Power Transmission Project 1334,Power Transmission,West,Ahmedabad,Prime Projects,24-09-2025,03-12-2026,30-01-2027,1657144814,1809572670,88.8,70.5,637,973673189,486540342,349359139,7995,2,4,5,3,84.7,84.7,58,Delayed,493,435,1809572670,152427856,-18.3
P2335,Building Project 1335,Building,Central,Indore,BuildTech,04-08-2025,12-03-2026,09-04-2026,903828344,955041998,93.1,91,289,584276400,266746723,104018875,3773,1,1,7,1,100,89.6,28,Completed,248,220,955041998,51213654,-2.1
P2336,Bridge Project 1336,Bridge,West,Mumbai,Prime Projects,27-07-2024,25-07-2025,01-10-2025,616945265,681651733,91.2,77.7,333,385271148,139445517,156935068,1498,1,4,11,4,86.2,94.1,68,Delayed,431,363,681651733,64706468,-13.5
P2337,Power Transmission Project 1337,Power Transmission,South,Hyderabad,ABC Infra,16-03-2024,15-11-2025,26-01-2026,648972305,704096586,85.4,69.9,284,390979135,193273417,119844035,11363,1,8,10,4,73,94,72,Delayed,681,609,704096587,55124281,-15.5
P2338,Metro Project 1338,Metro,West,Mumbai,Vertex Infra,13-07-2023,21-11-2023,18-02-2024,1191657585,1319291970,94.6,74.8,422,803947496,279260228,236084247,4295,1,3,6,5,89.6,91.5,89,Delayed,220,131,1319291971,127634385,-19.8
P2339,Building Project 1339,Building,North,Jaipur,Shakti Engineering,26-04-2025,19-04-2026,17-05-2026,878373163,946523182,92,87.2,274,575547143,235476244,135499795,4835,1,3,12,1,92.5,95.7,28,On Track,386,358,946523182,68150019,-4.8
P2340,Water Infrastructure Project 1340,Water Infrastructure,Central,Indore,Vertex Infra,15-12-2024,26-10-2026,02-02-2027,423300192,465191615,92.9,70.2,195,256515322,146435258,62241036,6171,1,3,10,2,89.7,86.3,99,Delayed,779,680,465191616,41891423,-22.7
P2341,Water Infrastructure Project 1341,Water Infrastructure,Central,Indore,MegaBuild,27-01-2024,06-07-2024,06-09-2024,527118907,583330380,91.3,76.6,158,286893008,177432333,119005039,3603,0,5,13,3,74.9,99.6,62,Delayed,223,161,583330380,56211473,-14.7
P2342,Metro Project 1342,Metro,West,Mumbai,MegaBuild,26-01-2023,02-04-2025,15-05-2025,1983364349,2104320579,90.5,82,548,1067020858,482334544,554965177,2747,1,3,15,1,91.7,92.2,43,Delayed,840,797,2104320579,120956230,-8.5
P2343,Building Project 1343,Building,Central,Nagpur,Prime Projects,10-03-2024,21-02-2026,28-03-2026,876209740,924514430,91.4,88.2,345,499802784,193043737,231667909,11776,0,4,16,0,82.1,94.6,35,Delayed,748,713,924514430,48304690,-3.2
P2344,Power Transmission Project 1344,Power Transmission,North, Delhi,Shakti Engineering,22-06-2023,21-12-2024,21-03-2025,742009780,860459647,88.9,70.6,234,449875441,253143529,157440677,9708,0,8,8,7,77,100,90,Delayed,638,548,860459647,118449867,-18.3
P2345,Highway Project 1345,Highway,Central,Nagpur,Prime Projects,27-10-2023,30-07-2024,26-10-2024,947152894,1032889839,92.4,70.4,404,485121279,295256668,252511892,8039,2,5,10,3,81.6,80.6,88,Delayed,365,277,1032889839,85736945,-22
P2346,Power Transmission Project 1346,Power Transmission,West,Mumbai,Unknown,06-10-2024,06-09-2025,15-11-2025,1191938220,1275825611,97.8,80.3,308,731414517,346324676,198086418,7144,0,5,10,4,84.1,100,70,Delayed,405,335,1275825611,83887391,-17.5
P2347,Highway Project 1347,Highway,North,Jaipur,UrbanWorks,22-11-2023,19-01-2026,23-01-2026,1087664282,1148102636,91.9,92.8,474,578519321,229377474,340205841,1590,1,1,9,2,95.7,88.4,4,Completed,793,789,1148102636,60438354,0.9
P2348,Metro Project 1348,Metro,Central,Nagpur,Shakti Engineering,14-02-2024,17-09-2025,22-11-2025,2610354070,2964252538,94.5,77.8,818,1526475111,821759356,616018071,6134,3,5,17,3,82.8,74.9,66,Delayed,647,581,2964252538,353898468,-16.7
P2349,Highway Project 1349,Highway,West,Pune,UrbanWorks,28-04-2023,06-01-2024,17-01-2024,701903714,782877640,85.3,82.7,154,478328591,163022828,141526221,7849,3,7,5,0,67.7,87.2,11,On Track,264,253,782877640,80973926,-2.6
P2350,Highway Project 1350,Highway,Central,Nagpur,Vertex Infra,15-04-2025,18-10-2025,18-11-2025,1366683867,1558542544,93.3,86.4,357,877893462,464819847,215829235,6987,2,7,7,2,73.8,87.3,31,Delayed,217,186,1558542544,191858677,-6.9
P2351,Power Transmission Project 1351,Power Transmission,South,Chennai,BuildTech,25-02-2025,01-07-2025,22-08-2025,1443382898,1528944297,92,79.6,762,799212948,355746982,373984367,8993,1,2,4,4,86.4,91.4,52,Delayed,178,126,1528944297,85561399,-12.4
P2352,Metro Project 1352,Metro,West,Ahmedabad,Apex Contractors,24-12-2024,30-09-2026,04-01-2027,2090624212,2475509743,94.3,73.9,1058,1233180323,634900530,607428890,11363,3,3,12,3,98.5,75.8,96,Delayed,741,645,2475509743,384885531,-20.4
P2353,Bridge Project 1353,Bridge,South,Hyderabad,Apex Contractors,13-08-2023,21-02-2024,13-03-2024,989610493,1029116745,88.3,88,294,637009477,225914037,166193232,7728,0,2,9,2,91.8,94.8,21,On Track,213,192,1029116746,39506252,-0.3
P2354,Metro Project 1354,Metro,Central,Nagpur,UrbanWorks,15-06-2024,15-11-2025,04-02-2026,1805795123,1925006124,93.9,78.4,861,1222781843,471074864,231149417,686,0,3,12,2,87.3,100,81,Delayed,599,518,1925006124,119211001,-15.5
P2355,Building Project 1355,Building,North,Delhi,ABC Infra,23-04-2023,28-09-2024,30-10-2024,456454274,524508853,87.1,82.5,192,292012457,142505081,89991314,8903,3,7,10,1,76.7,78.7,32,Delayed,556,524,524508852,68054579,-4.6
P2356,Building Project 1356,Building,North,Delhi,Vertex Infra,20-05-2023,22-07-2025,08-08-2025,833522147,837721222,94.6,89.5,450,524053916,202454504,111212802,2306,3,3,9,0,88,82.8,17,On Track,811,794,837721222,4199075,-5.1
P2357,Bridge Project 1357,Bridge,Central,Nagpur,UrbanWorks,12-07-2024,09-06-2026,01-08-2026,845354653,934133814,94.8,83.8,290,533006990,274629189,126497634,5513,3,4,11,2,81.6,81.8,53,Delayed,750,697,934133813,88779161,-11
P2358,Metro Project 1358,Metro,South,Bengaluru,BuildTech,01-01-2023,07-09-2023,13-10-2023,2255962105,2507905017,85.6,79.6,1003,1278613131,705768383,523523503,2447,5,4,9,3,78.6,61.8,36,Delayed,285,249,2507905017,251942912,-6
P2359,Power Transmission Project 1359,Power Transmission,Central,Indore,UrbanWorks,31-03-2023,05-11-2024,15-01-2025,1013978525,1051593909,91.5,75.9,244,493675794,207566771,350351343,4168,2,7,8,1,73.4,89.2,71,Delayed,656,585,1051593908,37615384,-15.6
P2360,Bridge Project 1360,Bridge,Central,Nagpur,MegaBuild,15-10-2024,05-09-2025,18-09-2025,1160664926,1157751802,89.1,83.9,407,563374403,295004016,299373383,9830,0,1,9,1,98.2,100,13,On Track,338,325,1157751802,-2913124,-5.2
P2361,Building Project 1361,Building,Central,Indore,Prime Projects,16-11-2023,21-04-2026,23-05-2026,777469456,880162988,91.9,86.8,418,528219634,235084993,116858360,6337,2,4,4,2,87,87.8,32,Delayed,919,887,880162987,102693532,-5.1
P2362,Metro Project 1362,Metro,West,Pune,ABC Infra,03-07-2024,23-07-2025,02-09-2025,1159096919,1260684350,90.2,87.3,461,688634675,304019195,268030480,6937,0,4,10,1,83.8,96,41,Delayed,426,385,1260684350,101587431,-2.9
P2363,Power Transmission Project 1363,Power Transmission,West,Mumbai,MegaBuild,15-03-2025,31-12-2026,03-03-2027,1149262829,1289281522,89.1,71,362,762986713,294677244,231617565,652,3,5,13,0,84.7,86.3,62,Delayed,718,656,1289281522,140018693,-18.1
P2364,Bridge Project 1364,Bridge,West,Pune,MegaBuild,12-06-2025,19-06-2026,12-07-2026,1036493745,1048006623,87.7,82.6,269,602898732,212027369,233080522,5264,0,0,9,1,92.2,95,23,On Track,395,372,1048006623,11512878,-5.1
P2365,Building Project 1365,Building,Central,Nagpur,BuildTech,19-05-2023,30-06-2024,22-07-2024,925306212,1012295160,95.8,89.4,418,523855089,237548642,250891429,3488,1,1,10,3,100,87,22,On Track,430,408,1012295160,86988948,-6.4
P2366,Metro Project 1366,Metro,North,Delhi,Prime Projects,25-05-2024,04-03-2025,04-05-2025,1969302164,2286164525,87,76.8,852,1208761539,541059394,536343592,1602,0,2,12,2,92.3,97.6,61,Delayed,344,283,2286164525,316862361,-10.2
P2367,Power Transmission Project 1367,Power Transmission,South,Bengaluru,Prime Projects,17-05-2025,17-12-2025,29-01-2026,1687644561,1744715278,87.8,76.1,579,876634861,536764715,331315702,8049,0,1,11,0,100,99.1,43,Delayed,257,214,1744715278,57070717,-11.7
P2368,Metro Project 1368,Metro,North,Jaipur,Shakti Engineering,24-04-2025,09-12-2025,29-12-2025,1519983506,1628533767,85,83,811,1005946313,438071959,184515494,1146,0,4,13,1,84.2,100,20,On Track,249,229,1628533766,108550261,-2
P2369,Water Infrastructure Project 1369,Water Infrastructure,Central,Indore,Vertex Infra,16-09-2023,14-12-2024,24-02-2025,550912212,616826004,93.4,80.7,125,392015990,153668987,71141027,7821,0,2,4,7,88,97.4,72,Delayed,527,455,616826004,65913792,-12.7
P2370,Bridge Project 1370,Bridge,West,Ahmedabad,ABC Infra,03-11-2024,26-10-2025,25-11-2025,1153842451,1208680367,94.1,87.6,369,668025840,323655792,216998735,9017,1,1,13,0,95.1,89,30,On Track,387,357,1208680367,54837916,-6.5
P2371,Metro Project 1371,Metro,Central,Indore,Vertex Infra,20-06-2025,02-11-2026,18-11-2026,2764588299,2850631257,91.6,86.7,1448,1403928370,781788415,664914471,2824,2,3,6,0,91,85.6,16,On Track,516,500,2850631256,86042958,-4.9
P2372,Power Transmission Project 1372,Power Transmission,South,Chennai,BuildTech,20-11-2024,29-05-2026,25-06-2026,1434712450,1548274828,86.9,77.2,467,799843990,377360006,371070832,2178,4,2,13,0,88.4,74.6,27,On Track,582,555,1548274828,113562378,-9.7
P2373,Metro Project 1373,Metro,South,Hyderabad,ABC Infra,10-01-2023,03-09-2024,01-09-2024,2690781483,3030111974,83.2,87.7,815,1909694012,592007064,528410898,4405,2,2,10,0,100,80.1,-2,On Track,600,602,3030111974,339330491,4.5
P2374,Power Transmission Project 1374,Power Transmission,Central,Nagpur,Shakti Engineering,18-09-2023,09-02-2024,09-05-2024,712415653,802738625,92.2,72.3,282,424317200,230744118,147677306,3930,3,4,6,5,84.3,82.5,90,Delayed,234,144,802738624,90322972,-19.9
P2375,Power Transmission Project 1375,Power Transmission,West,Pune,UrbanWorks,07-07-2025,18-08-2027,25-10-2027,1651643921,1908543073,93.6,78.2,812,944564851,394100127,569878094,7970,2,5,9,3,84.2,81.5,68,Delayed,840,772,1908543072,256899152,-15.4
P2376,Power Transmission Project 1376,Power Transmission,West,Ahmedabad,MegaBuild,11-10-2024,04-06-2025,17-07-2025,992950087,1212339924,88,80.2,252,711280701,356685868,144373355,6967,4,1,14,3,93.5,69.9,43,Delayed,279,236,1212339924,219389837,-7.8
P2377,Highway Project 1377,Highway,North,Delhi,ABC Infra,21-06-2023,11-02-2025,19-04-2025,708856430,752490235,90.3,77.6,376,386367581,170149745,195972909,3119,4,1,12,2,100,72.7,67,Delayed,668,601,752490235,43633805,-12.7
P2378,Power Transmission Project 1378,Power Transmission,North,Delhi,Vertex Infra,16-06-2025,09-11-2026,12-12-2026,894637502,998425322,83.7,81.7,431,630957402,257389611,110078309,6279,1,4,8,3,86.3,83.2,33,Delayed,544,511,998425322,103787820,-2
P2379,Bridge Project 1379,Bridge,North,Delhi,MegaBuild,13-01-2023,30-10-2024,18-11-2024,757324019,785743684,86.8,84.2,211,441384434,210397397,133961853,11399,0,5,12,2,83.2,98.1,19,On Track,675,656,785743684,28419665,-2.6
P2380,Power Transmission Project 1380,Power Transmission,North,Jaipur,BuildTech,17-06-2023,01-01-2024,16-02-2024,908942326,960364310,91.5,84.6,413,604650914,182616235,173097160,11569,1,4,9,0,79.5,90.7,46,Delayed,244,198,960364309,51421984,-6.9
P2381,Building Project 1381,Building,South,Chennai,Vertex Infra,03-10-2024,02-09-2026,18-10-2026,586705824,681635318,89.6,82.3,203,423110402,161633591,96891325,8377,1,2,20,0,96,91,46,Delayed,745,699,681635318,94929494,-7.3
P2382,Power Transmission Project 1382,Power Transmission,North,Delhi,UrbanWorks,18-08-2024,06-06-2025,05-07-2025,768323968,843295662,90.8,86.8,271,492855572,211988679,138451411,9550,2,3,4,1,89.1,84.8,29,On Track,321,292,843295662,74971694,-4
P2383,Building Project 1383,Building,North,Delhi,BuildTech,17-11-2023,27-03-2024,26-05-2024,569266387,635504066,94.6,82.1,272,387081925,178407473,70014668,2789,0,7,12,3,71.6,100,60,Delayed,191,131,635504066,66237679,-12.5
P2384,Building Project 1384,Building,Central,Nagpur,Apex Contractors,15-11-2023,19-07-2024,01-09-2024,766682927,797726368,85,80.7,412,459597797,215023413,123105158,5988,1,2,11,3,92.1,90,44,Delayed,291,247,797726368,31043441,-4.3
P2385,Highway Project 1385,Highway,South,Chennai,UrbanWorks,04-09-2024,01-09-2026,18-10-2026,984237125,1033645643,90.8,82,257,491728684,302669371,239247588,3564,0,6,8,1,76.2,99.6,47,Delayed,774,727,1033645643,49408518,-8.8
P2386,Power Transmission Project 1386,Power Transmission,South,Bengaluru,UrbanWorks,25-11-2023,23-06-2024,21-08-2024,1024529701,1110877492,87.3,74.3,367,621413022,229457335,260007135,6323,1,9,9,3,63.7,100,59,Delayed,270,211,1110877492,86347791,-13
P2387,Bridge Project 1387,Bridge,South,Bengaluru,MegaBuild,23-02-2025,06-04-2027,21-05-2027,1028323006,1063707268,89.3,81.7,389,542639509,211290108,309777652,2593,0,4,7,2,84,100,45,Delayed,817,772,1063707269,35384262,-7.6
P2388,Building Project 1388,Building,South,Chennai,BuildTech,15-02-2025,09-12-2026,11-03-2027,996359630,1126635884,91.2,72.6,342,619738202,305573867,201323816,974,1,4,12,3,72.1,88.4,92,Delayed,754,662,1126635885,130276254,-18.6
P2389,Power Transmission Project 1389,Power Transmission,South,Hyderabad,BuildTech,28-08-2025,10-06-2027,25-06-2027,1520714960,1679465453,84.9,88,516,928738460,393505231,357221762,10370,1,2,11,2,100,89.5,15,On Track,666,651,1679465453,158750493,3.1
P2390,Building Project 1390,Building,North,Jaipur,ABC Infra,29-06-2025,15-08-2027,30-09-2027,594880502,640273967,87.4,73.1,141,314962108,156005573,169306285,6557,1,3,13,2,92,97.2,46,Delayed,823,777,640273966,45393465,-14.3
P2391,Metro Project 1391,Metro,West,Ahmedabad,Vertex Infra,08-07-2025,25-01-2027,18-02-2027,2463995492,2604303443,88.3,88.8,1099,1243820402,676380351,684102690,1311,0,4,11,2,84.2,100,24,On Track,590,566,2604303443,140307951,0.5
P2392,Building Project 1392,Building,Central,Indore,Apex Contractors,03-07-2024,24-11-2025,19-01-2026,466165830,518259544,91.6,76.8,169,,163040437,86850856,9285,2,3,4,2,82.4,88.5,56,Delayed,565,509,249891293,52093714,-14.8
P2393,Bridge Project 1393,Bridge,Central,Nagpur,BuildTech,23-02-2024,24-04-2026,11-06-2026,520012340,596236482,94.4,79,147,388793780,123308971,84133731,532,1,2,14,2,87.2,87.2,48,Delayed,839,791,596236482,76224142,-15.4
P2394,Bridge Project 1394,Bridge,West,Mumbai,ABC Infra,28-08-2024,06-02-2025,07-02-2025,697642306,762072306,83.3,89.2,341,467469690,156322094,138280521,3327,0,1,9,1,90.8,100,1,On Track,163,162,762072305,64430000,5.9
P2395,Highway Project 1395,Highway,South,Bengaluru,Apex Contractors,05-04-2023,12-04-2024,02-04-2024,1366548976,1457526037,87.3,98.1,662,886441717,409272579,161811741,3909,0,4,4,1,84.2,100,-10,Completed,363,373,1457526037,90977061,10.8
P2396,Metro Project 1396,Metro,South,Chennai,Prime Projects,27-03-2025,01-12-2025,30-11-2025,1477769530,1616360601,89.4,93.1,562,869011207,322086533,425262860,2473,1,3,8,0,81.8,92.7,-1,Completed,248,249,1616360600,138591071,3.7
P2397,Metro Project 1397,Metro,West,Ahmedabad,Prime Projects,03-08-2024,29-01-2025,18-02-2025,1115241750,1250549140,89.4,85.5,355,656251610,308281747,286015783,3684,1,4,7,2,87,98.8,20,On Track,199,179,1250549140,135307390,-3.9
P2398,Water Infrastructure Project 1398,Water Infrastructure,South,Chennai,Apex Contractors,14-11-2023,04-01-2026,12-03-2026,382184269,416087795,91.7,80.1,164,206509211,119941949,89636636,2628,1,4,7,2,79.4,92.7,67,Delayed,849,782,416087796,33903526,-11.6
P2399,Highway Project 1399,Highway,Central,Indore,Prime Projects,13-08-2025,22-03-2027,14-04-2027,1419888492,1542384696,85,84.5,447,879717336,336445819,326221541,1097,2,4,9,1,83.1,90.2,23,On Track,609,586,1542384696,122496204,-0.5
P2400,Bridge Project 1400,Bridge,West,Ahmedabad,Shakti Engineering,24-08-2023,03-10-2024,10-11-2024,935371210,983342019,89.2,83.6,278,554494240,217449698,211398081,7421,1,4,8,1,83,96.4,38,Delayed,444,406,983342019,47970809,-5.6
P2401,Power Transmission Project 1401,Power Transmission,South,Bengaluru,BuildTech,03-08-2025,01-05-2027,28-05-2027,911373408,998268240,88.4,86.6,420,644296966,233899544,120071730,3984,1,4,9,0,90.6,95.1,27,On Track,663,636,998268240,86894832,-1.8
P2402,Highway Project 1402,Highway,North,Delhi,Shakti Engineering,30-11-2023,08-07-2025,20-09-2025,1102784137,1188093228,92.9,80.2,257,730839342,255540235,201713652,4787,0,5,12,2,88.9,100,74,Delayed,660,586,1188093229,85309091,-12.7
P2403,Building Project 1403,Building,South,Chennai,Vertex Infra,03-06-2025,17-11-2027,29-11-2027,734719430,754947221,90.3,91.2,184,374758561,201176193,179012466,7990,2,1,9,1,97.5,88.3,12,Completed,909,897,754947220,20227791,0.9
P2404,Power Transmission Project 1404,Power Transmission,West,Mumbai,BuildTech,11-01-2024,19-04-2025,28-05-2025,1398077534,1482264625,88.2,80.8,310,959351189,315410598,207502838,2889,0,6,10,3,76.5,99.6,39,Delayed,503,464,1482264625,84187091,-7.4
P2405,Power Transmission Project 1405,Power Transmission,South,Bengaluru,ABC Infra,03-04-2024,04-05-2026,27-06-2026,887156941,946228431,94.9,80.3,239,592188609,210023523,144016300,5001,1,2,14,1,97.6,88,54,Delayed,815,761,946228432,59071490,-14.6
P2406,Water Infrastructure Project 1406,Water Infrastructure,West,Pune,Shakti Engineering,17-05-2023,29-09-2024,28-12-2024,825463807,888684621,87.9,65.6,200,520335010,221159260,147190352,9000,2,2,8,5,87.4,82.5,90,Delayed,591,501,888684622,63220814,-22.3
P2407,Water Infrastructure Project 1407,Water Infrastructure,West,Mumbai,Shakti Engineering,18-07-2025,02-01-2028,16-03-2028,489667980,589505763,86.8,75.4,268,298652069,175209953,115643742,7967,0,5,12,3,84.1,93.9,74,Delayed,972,898,589505764,99837783,-11.4
P2408,Power Transmission Project 1408,Power Transmission,South,Hyderabad,Vertex Infra,10-08-2024,28-10-2026,11-12-2026,1444899301,1586644596,92.4,83.5,455,967570440,447769709,171304447,6714,2,4,7,1,81.1,86.3,44,Delayed,853,809,1586644596,141745295,-8.9
P2409,Bridge Project 1409,Bridge,North,Jaipur,Shakti Engineering,21-09-2025,28-09-2026,29-11-2026,425802833,466190844,88.1,77.3,114,260159823,134558743,71472279,1763,1,6,22,3,77.5,93.3,62,Delayed,434,372,466190845,40388011,-10.8
P2410,Power Transmission Project 1410,Power Transmission,South,Bengaluru,UrbanWorks,30-06-2024,22-12-2024,20-02-2025,1055915127,1157771758,90.3,77.3,316,600819758,286636355,270315645,11854,1,7,12,1,68.1,92.2,60,Delayed,235,175,1157771758,101856631,-13
P2411,Highway Project 1411,Highway,North,Delhi,ABC Infra,27-05-2024,30-12-2025,23-03-2026,890036760,1017785779,96.9,82.1,470,602388624,229322414,186074741,3410,3,3,7,4,94,85.1,83,Delayed,665,582,1017785779,127749019,-14.8
P2412,Power Transmission Project 1412,Power Transmission,South,Bengaluru,Prime Projects,23-10-2023,21-05-2025,16-06-2025,1262616159,1344322165,88,85.2,494,678108723,359427730,306785712,1347,1,0,10,1,100,88.9,26,On Track,602,576,1344322165,81706006,-2.8
P2413,Bridge Project 1413,Bridge,Central,Indore,ABC Infra,16-11-2023,05-06-2024,25-07-2024,472507416,494756944,86.1,79.1,160,319894742,118264750,56597452,5171,2,5,10,1,77.3,87.5,50,Delayed,252,202,494756944,22249528,-7
P2414,Building Project 1414,Building,West,Ahmedabad,UrbanWorks,06-07-2025,09-02-2026,15-05-2026,922443932,1067455843,89.1,71,468,657000098,292437779,118017966,5589,0,10,12,7,55.7,100,95,Delayed,313,218,1067455843,145011911,-18.1
P2415,Metro Project 1415,Metro,South,Chennai,Vertex Infra,25-07-2024,19-04-2025,20-06-2025,1421205987,1541319054,88.8,74.9,497,880714310,305727701,354877043,4735,1,9,7,1,62.4,91.3,62,Delayed,330,268,1541319054,120113067,-13.9
P2416,Water Infrastructure Project 1416,Water Infrastructure,West,Ahmedabad,Vertex Infra,11-04-2025,03-07-2026,27-08-2026,712107878,765170801,93.1,81.1,235,378986404,187559519,198624878,8660,0,5,9,3,84.4,100,55,Delayed,503,448,765170801,53062923,-12
P2417,Highway Project 1417,Highway,West,Ahmedabad,BuildTech,15-12-2023,15-09-2024,15-10-2024,1361856669,1410821953,84.5,84.8,392,785990755,320626409,304204788,1861,1,5,12,0,76.6,96,30,On Track,305,275,1410821952,48965284,0.3
P2418,Power Transmission Project 1418,Power Transmission,South,Bengaluru,ABC Infra,19-04-2025,22-02-2026,06-04-2026,1284871117,1401949579,100,88.5,442,687576971,301922880,412449728,8159,1,3,7,0,85.2,91.4,43,Delayed,352,309,1401949579,117078462,-11.5
P2419,Power Transmission Project 1419,Power Transmission,Central,Indore,Apex Contractors,17-02-2025,23-10-2026,13-10-2026,1501468680,1620148144,87.1,92.9,487,818331651,417285564,384530929,7105,1,2,4,1,97.7,91.3,-10,Completed,603,613,1620148144,118679464,5.8
P2420,Metro Project 1420,Metro,South,Chennai,Apex Contractors,22-05-2025,08-06-2026,23-06-2026,2300483418,2539798519,92.1,86.3,1020,1454501619,689863500,395433400,8112,3,5,15,0,77.8,69.8,15,On Track,397,382,2539798519,239315101,-5.8
P2421,Power Transmission Project 1421,Power Transmission,South,Chennai,Vertex Infra,17-08-2023,03-03-2024,01-06-2024,1035191055,1061800397,93.7,75.6,326,505101198,207234594,349464605,6586,3,4,11,2,83.3,78,90,Delayed,289,199,1061800397,26609342,-18.1
P2422,Power Transmission Project 1422,Power Transmission,West,Ahmedabad,Shakti Engineering,27-09-2023,27-02-2025,21-05-2025,1583718832,1699089645,90.8,74.1,650,1015978610,495839263,187271772,8143,2,4,6,2,83.5,83.9,83,Delayed,602,519,1699089645,115370813,-16.7
P2423,Building Project 1423,Building,South,Hyderabad,Vertex Infra,07-04-2025,07-09-2027,08-11-2027,568211479,645427994,92.5,70.9,137,324344564,148115476,172967955,11664,2,3,8,2,94.9,76.7,62,Delayed,945,883,645427995,77216515,-21.6
P2424,Bridge Project 1424,Bridge,North,Jaipur,Vertex Infra,08-03-2025,06-03-2027,12-06-2027,883750657,999631558,90.3,70.3,250,606750139,284272868,108608550,874,1,2,18,5,87.9,91.6,98,Delayed,826,728,999631557,115880901,-20
P2425,Metro Project 1425,Metro,Central,Indore,Vertex Infra,18-10-2023,31-10-2024,09-01-2025,2465887524,2564900696,92.5,78.6,874,1260131836,679426192,625342667,10234,2,3,9,2,90.7,84.3,70,Delayed,449,379,2564900695,99013172,-13.9
P2426,Metro Project 1426,Metro,South,Hyderabad,Vertex Infra,25-12-2024,04-06-2027,23-07-2027,1740332701,1999428126,88.3,79.9,920,1109973840,516947450,372506836,4316,1,6,9,1,79.2,100,49,Delayed,940,891,1999428126,259095425,-8.4
P2427,Metro Project 1427,Metro,Central,Nagpur,Apex Contractors,14-06-2023,17-06-2025,10-09-2025,1589479863,1630210629,87.4,68.3,547,974678561,476450173,179081895,10850,0,8,12,3,65.7,87.5,85,Delayed,819,734,1630210629,40730766,-19.1
P2428,Power Transmission Project 1428,Power Transmission,Central,Nagpur,Apex Contractors,05-01-2023,06-11-2024,26-11-2024,1160808672,1284901512,82.9,80.6,509,640117526,352456287,292327699,7527,3,2,11,3,93.1,78.2,20,On Track,691,671,1284901512,124092840,-2.3
P2429,Highway Project 1429,Highway,West,Mumbai,Prime Projects,30-04-2025,06-12-2025,15-03-2026,1377271852,1593818958,91.7,70.2,418,955463106,329718225,308637627,4324,2,2,17,2,99.2,89,99,Delayed,319,220,1593818958,216547106,-21.5
P2430,Power Transmission Project 1430,Power Transmission,West,Ahmedabad,Prime Projects,14-01-2024,06-05-2025,16-06-2025,1730205333,1751792039,88.6,83.4,453,1047631921,333703393,370456725,9022,1,2,9,2,84.4,92.1,41,Delayed,519,478,1751792039,21586706,-5.2
P2431,Metro Project 1431,Metro,South,Chennai,BuildTech,19-03-2023,30-07-2024,27-09-2024,2069265157,2187926224,91.5,80.4,495,1313402985,505326973,369196266,1290,1,4,13,1,82.9,90.1,59,Delayed,558,499,2187926224,118661067,-11.1
P2432,Building Project 1432,Building,South,Bengaluru,Vertex Infra,14-02-2024,19-01-2025,28-02-2025,830448337,835647048,88.7,84.6,266,459432981,210229454,165984613,2420,0,3,10,1,88.1,96.3,40,Delayed,380,340,835647048,5198711,-4.1
P2433,Power Transmission Project 1433,Power Transmission,South,Chennai,Apex Contractors,27-07-2024,17-01-2026,01-05-2026,1697961083,1931708964,95,75.5,461,1148986426,512180005,270542533,5264,0,4,14,2,84.2,100,104,Delayed,643,539,1931708964,233747881,-19.5
P2434,Power Transmission Project 1434,Power Transmission,South,Chennai,ABC Infra,12-05-2023,10-01-2024,25-02-2024,724241690,765331355,89.3,80.6,200,436887104,198158253,130285998,2741,1,5,10,2,79.9,99.2,46,Delayed,289,243,765331355,41089665,-8.7
P2435,Metro Project 1435,Metro,North,Delhi,UrbanWorks,23-08-2024,15-02-2026,23-04-2026,1449515584,1665157003,87.5,74.5,682,999981336,391247198,273928468,6177,1,6,15,3,75.5,92.7,67,Delayed,608,541,1665157002,215641419,-13
P2436,Bridge Project 1436,Bridge,South,Chennai,BuildTech,18-01-2025,03-01-2026,14-02-2026,997342505,1177118682,88.4,83.3,224,741112182,301519443,134487057,11020,2,5,4,5,74.3,87.7,42,Delayed,392,350,1177118682,179776177,-5.1
P2437,Bridge Project 1437,Bridge,West,Mumbai,Apex Contractors,11-02-2023,30-04-2025,18-06-2025,1092089181,1147236832,92,79.8,441,590034097,302113628,255089108,2820,3,5,8,2,72.1,82.1,49,Delayed,858,809,1147236833,55147651,-12.2
P2438,Highway Project 1438,Highway,South,Hyderabad,ABC Infra,30-03-2023,28-09-2023,26-12-2023,1418095335,1419054377,100,79.3,489,714246955,345837928,358969494,4708,0,5,10,0,81.4,100,89,Delayed,271,182,1419054377,959042,-20.7
P2439,Metro Project 1439,Metro,Central,Nagpur,Vertex Infra,06-02-2024,02-10-2025,12-12-2025,1811912210,2028918842,95.5,84,701,1084116549,537517069,407285224,9953,2,4,7,3,80.6,87.4,71,Delayed,675,604,2028918842,217006632,-11.5
P2440,Bridge Project 1440,Bridge,South,Chennai,MegaBuild,23-10-2023,08-11-2025,24-12-2025,486205419,541985128,85.2,80.8,197,267725679,135519409,138740040,1251,1,3,14,2,84.9,93.9,46,Delayed,793,747,541985128,55779709,-4.4
P2441,Bridge Project 1441,Bridge,South,Chennai,Vertex Infra,19-04-2025,20-07-2027,09-09-2027,773669719,830441438,90.9,83.8,250,461007198,216864515,152569725,1264,2,4,4,1,80.6,87.8,51,Delayed,873,822,830441438,56771719,-7.1
P2442,Water Infrastructure Project 1442,Water Infrastructure,North,Delhi,Prime Projects,22-10-2023,14-09-2025,31-10-2025,442094427,487154190,86.9,80.8,140,269440018,146706260,71007912,2434,1,7,13,2,65.6,87.2,47,Delayed,740,693,487154190,45059763,-6.1
P2443,Bridge Project 1443,Bridge,Central,Indore,UrbanWorks,07-09-2024,11-02-2027,03-05-2027,652737075,760369284,88.4,72.8,301,413422554,173014620,173932110,4754,1,3,14,4,83.7,91.9,81,Delayed,968,887,760369284,107632209,-15.6
P2444,Bridge Project 1444,Bridge,South,Bengaluru,Apex Contractors,09-06-2024,01-02-2026,01-04-2026,1049620734,1128448901,88.8,77,532,594443699,316901034,217104168,9186,3,5,14,0,77.9,77.9,59,Delayed,661,602,1128448901,78828167,-11.8
P2445,Bridge Project 1445,Bridge,Central,Indore,Apex Contractors,10-03-2025,08-12-2026,12-01-2027,474809846,527540649,89.7,80.8,134,343222844,123580589,60737216,2544,0,4,10,0,87.2,98.3,35,Delayed,673,638,527540649,52730803,-8.9
P2446,Water Infrastructure Project 1446,Water Infrastructure,South,Bengaluru,Shakti Engineering,21-11-2024,22-08-2025,24-10-2025,803186637,848604584,93.5,76.5,202,441527640,192675210,214401733,3103,0,4,12,2,82.5,100,63,Delayed,337,274,848604583,45417947,-17
P2447,Power Transmission Project 1447,Power Transmission,North,Jaipur,UrbanWorks,28-09-2024,27-04-2025,29-06-2025,1122479594,1350682647,89,77.7,579,817610396,386085617,146986634,4211,2,2,13,4,97.2,81.9,63,Delayed,274,211,1350682647,228203053,-11.3
P2448,Building Project 1448,Building,South,Chennai,Shakti Engineering,26-02-2024,02-12-2025,31-01-2026,783685711,809708520,90.7,75.3,262,455551974,222462636,131693910,11516,0,4,12,1,81.7,87,60,Delayed,705,645,809708520,26022809,-15.4
P2449,Power Transmission Project 1449,Power Transmission,North,Delhi,UrbanWorks,14-05-2025,09-12-2026,13-02-2027,713479200,823330153,90,85.2,286,485715099,238719878,98895175,1708,0,6,7,4,74.4,100,66,Delayed,640,574,823330152,109850953,-4.8
P2450,Metro Project 1450,Metro,West,Pune,Prime Projects,23-01-2023,01-06-2025,01-07-2025,1657970975,1763818509,87.2,81.6,561,848623176,522378898,392816436,5537,0,3,5,5,95.2,100,30,On Track,890,860,1763818510,105847534,-5.6
P2451,Building Project 1451,Building,West,Ahmedabad,Shakti Engineering,28-07-2024,15-07-2026,10-09-2026,421636157,481957011,87.8,77.6,110,269286828,90278927,122391255,4893,2,4,7,4,86.3,88.2,57,Delayed,774,717,481957010,60320854,-10.2
P2452,Metro Project 1452,Metro,Central,Nagpur,ABC Infra,23-05-2023,25-06-2025,12-07-2025,2893856571,3141550192,87.6,89.7,1199,1913288830,894780162,333481199,11470,1,7,8,1,75.7,91.8,17,On Track,781,764,3141550191,247693621,2.1
P2453,Bridge Project 1453,Bridge,South,Hyderabad,Shakti Engineering,19-09-2025,10-06-2027,17-08-2027,1078490861,1176327026,92.7,74.7,424,704939589,241075693,230311744,8351,0,4,12,2,80.5,100,68,Delayed,697,629,1176327026,97836165,-18
P2454,Water Infrastructure Project 1454,Water Infrastructure,Central,Nagpur,BuildTech,26-10-2024,24-08-2025,03-09-2025,580577816,636214356,88.5,87.6,166,394894808,126826488,114493059,8953,2,4,9,0,85.5,88.1,10,On Track,312,302,636214355,55636540,-0.9
P2455,Power Transmission Project 1455,Power Transmission,South,Hyderabad,ABC Infra,25-05-2023,11-10-2024,12-12-2024,875559083,944236925,97.1,82.9,323,483627255,258461309,202148361,7963,0,4,12,1,91.1,97.7,62,Delayed,567,505,944236925,68677842,-14.2
P2456,Highway Project 1456,Highway,North,Jaipur,BuildTech,13-08-2023,06-07-2025,01-08-2025,1497960585,1616468887,86.9,79.9,723,1034296597,386933281,195239009,10109,0,6,6,1,73.8,98.4,26,On Track,719,693,1616468887,118508302,-7
P2457,Building Project 1457,Building,Central,Indore,Vertex Infra,17-05-2024,14-09-2026,18-11-2026,603886566,601216735,86.9,72.2,250,316340031,173901253,110975451,7413,0,5,8,1,79,95.1,65,Delayed,915,850,601216735,-2669831,-14.7
P2458,Building Project 1458,Building,West,Mumbai,UrbanWorks,19-08-2025,25-01-2027,26-01-2027,472603869,521633286,85.7,94.5,119,288365210,130068600,103199476,8442,0,2,12,0,91.4,99.4,1,Completed,525,524,521633286,49029417,8.8
P2459,Highway Project 1459,Highway,South,Chennai,ABC Infra,31-08-2025,31-08-2026,17-10-2026,1111006786,1272391677,89.6,80.2,445,625078706,289727063,357585907,6677,0,1,7,4,100,100,47,Delayed,412,365,1272391676,161384891,-9.4
P2460,Metro Project 1460,Metro,West,Pune,UrbanWorks,31-03-2025,09-08-2027,23-09-2027,2858672758,3097765781,87.8,82.6,1291,1711721767,609917568,776126446,8908,1,5,8,2,77.1,94.7,45,Delayed,906,861,3097765781,239093023,-5.2
P2461,Metro Project 1461,Metro,South,Hyderabad,Vertex Infra,07-09-2024,18-08-2026,14-10-2026,997583975,1083755533,88.6,80.8,480,636663884,274251095,172840554,5901,0,3,12,1,88.6,99.1,57,Delayed,767,710,1083755533,86171558,-7.8
P2462,Highway Project 1462,Highway,West,Ahmedabad,MegaBuild,14-04-2023,02-06-2025,26-08-2025,771340461,885758004,94.1,75.4,329,507477945,193185700,185094359,1688,3,3,9,2,88.9,83.2,85,Delayed,865,780,885758004,114417543,-18.7
P2463,Metro Project 1463,Metro,South,Hyderabad,Apex Contractors,04-08-2025,12-09-2027,08-11-2027,2848126328,3191185575,89.3,76.6,770,1969491989,625964518,595729067,6596,1,6,13,2,82.3,88.6,57,Delayed,826,769,3191185574,343059247,-12.7
P2464,Metro Project 1464,Metro,West,Mumbai,UrbanWorks,08-02-2023,20-09-2024,25-09-2024,1328750214,1376102988,88.5,85.2,603,734718845,371513993,269870150,4667,1,3,8,0,94.1,90.5,5,On Track,595,590,1376102988,47352774,-3.3
P2465,Metro Project 1465,Metro,Central,Nagpur,Vertex Infra,04-08-2025,28-01-2027,14-02-2027,1214222034,1237725715,91.1,90.1,538,756181519,350595031,130949166,11086,0,2,8,2,71.5,99.1,17,Completed,559,542,1237725716,23503681,-1
P2466,Water Infrastructure Project 1466,Water Infrastructure,North,Delhi,UrbanWorks,17-07-2023,17-01-2024,02-03-2024,647463266,731684262,90.7,83.6,147,447894318,167581543,116208401,10238,3,3,9,3,93.8,80.6,45,Delayed,229,184,731684262,84220996,-7.1
P2467,Building Project 1467,Building,Central,Nagpur,Vertex Infra,07-10-2024,16-02-2025,25-03-2025,973718334,1044765461,93,79.2,346,556702841,229506165,258556454,11993,1,2,13,1,100,86.4,37,Delayed,169,132,1044765460,71047127,-13.8
P2468,Power Transmission Project 1468,Power Transmission,North,Jaipur,BuildTech,01-08-2024,29-06-2025,21-08-2025,1182302879,1301104659,93.3,82.5,390,651066567,255417403,394620689,11351,3,7,9,1,73.9,81.2,53,Delayed,385,332,1301104659,118801780,-10.8
P2469,Bridge Project 1469,Bridge,North,Delhi,Vertex Infra,26-01-2024,21-01-2025,17-03-2025,1233015512,1308266208,91.8,78.6,543,656533058,292650416,359082734,4278,1,3,10,3,89,96.4,55,Delayed,416,361,1308266208,75250696,-13.2
P2470,Water Infrastructure Project 1470,Water Infrastructure,Central,Nagpur,Shakti Engineering,28-06-2023,01-03-2025,17-05-2025,713398878,762525038,93.8,75.2,207,399059783,173142206,190323050,4790,0,5,10,2,84.6,100,77,Delayed,689,612,762525039,49126160,-18.6
P2471,Power Transmission Project 1471,Power Transmission,West,Ahmedabad,MegaBuild,25-08-2025,23-07-2026,19-08-2026,694630638,773241646,87.3,85.9,288,,182534526,89294934,1152,1,5,9,3,84.1,89.7,27,On Track,359,332,271829460,78611008,-1.4
P2472,Water Infrastructure Project 1472,Water Infrastructure,Central,Nagpur,UrbanWorks,07-07-2024,27-09-2026,27-11-2026,903163440,963697581,89.5,75.6,470,495140809,247606678,220950094,11782,0,4,11,2,84.6,94.3,61,Delayed,873,812,963697581,60534141,-13.9
P2473,Bridge Project 1473,Bridge,West,Ahmedabad,Vertex Infra,23-03-2024,23-06-2025,16-09-2025,749012745,816282103,90.5,73.8,361,406484041,166875264,242922798,6677,0,3,15,3,86.2,95.8,85,Delayed,542,457,816282103,67269358,-16.7
P2474,Water Infrastructure Project 1474,Water Infrastructure,West,Ahmedabad,Vertex Infra,14-05-2024,02-03-2025,24-04-2025,476378533,526187372,90.4,78.4,249,256809990,106598454,162778928,10203,1,2,6,5,99,98.2,53,Delayed,345,292,526187372,49808839,-12
P2475,Metro Project 1475,Metro,North,Delhi,UrbanWorks,15-01-2023,16-03-2025,28-04-2025,2094600783,2331275808,100,85.9,1137,1204541062,677598010,449136735,6801,1,3,4,3,90,93.2,43,Delayed,834,791,2331275807,236675025,-14.1
P2476,Metro Project 1476,Metro,Central,Indore,Unknown,14-09-2024,24-06-2025,23-08-2025,1592529032,1611710291,94.4,82.4,355,840134625,461884481,309691185,11017,0,3,5,2,88,100,60,Delayed,343,283,1611710291,19181259,-12
P2477,Building Project 1477,Building,South,Bengaluru,MegaBuild,30-10-2024,06-06-2026,13-08-2026,419317118,454732344,94.2,79.5,178,223743780,101435196,129553369,8414,4,5,9,1,81.2,70.4,68,Delayed,652,584,454732345,35415226,-14.7
P2478,Building Project 1478,Building,South,Chennai,MegaBuild,16-10-2023,23-06-2025,30-08-2025,358521265,384272289,88.9,79.8,127,242668499,99192109,42411681,10522,0,7,13,4,75.4,100,68,Delayed,684,616,384272289,25751024,-9.1
P2479,Highway Project 1479,Highway,South,Hyderabad,Vertex Infra,22-04-2024,20-07-2026,13-08-2026,992314604,1064277931,89.7,83.6,499,563031934,278887636,222358362,8728,0,7,6,0,77.1,96.9,24,On Track,843,819,1064277932,71963327,-6.1
P2480,Power Transmission Project 1480,Power Transmission,South,Bengaluru,ABC Infra,19-08-2023,14-01-2025,06-04-2025,1617604741,1777583994,93.1,77.9,490,843429074,489445001,444709919,1356,4,7,11,3,63.4,73.8,82,Delayed,596,514,1777583994,159979253,-15.2
P2481,Water Infrastructure Project 1481,Water Infrastructure,West,Mumbai,BuildTech,11-07-2025,11-10-2027,11-11-2027,648750687,725614264,96,88.3,352,447012633,200327233,78274397,2560,0,5,8,2,91.7,100,31,Delayed,853,822,725614263,76863577,-7.7
P2482,Building Project 1482,Building,Central,Indore,MegaBuild,24-02-2024,26-04-2025,05-05-2025,1071933219,1116046439,86.6,87.3,452,669163106,268644858,178238475,10918,0,4,12,0,78.9,94.8,9,On Track,436,427,1116046439,44113220,0.7
P2483,Power Transmission Project 1483,Power Transmission,South,Bengaluru,MegaBuild,06-06-2023,09-11-2025,01-01-2026,952084441,1034679983,88.1,86.4,458,510110876,277965578,246603528,9517,0,6,11,4,81.7,100,53,Delayed,940,887,1034679982,82595542,-1.7
P2484,Bridge Project 1484,Bridge,North,Delhi,Prime Projects,03-07-2024,01-05-2025,12-06-2025,643875428,657698287,89.2,80.9,159,310959744,183054972,163683571,1208,0,2,6,1,90.8,96.5,42,Delayed,344,302,657698287,13822859,-8.3
P2485,Power Transmission Project 1485,Power Transmission,West,Mumbai,Shakti Engineering,16-03-2024,03-04-2026,27-05-2026,798296847,872890141,91,79.4,223,440941277,241951684,189997180,749,1,4,8,2,83.6,97.6,54,Delayed,802,748,872890141,74593294,-11.6
P2486,Building Project 1486,Building,West,Pune,MegaBuild,07-04-2023,26-12-2024,30-01-2025,474805466,486972819,93.1,87.5,223,275987711,140618540,70366567,868,0,4,8,2,89.2,100,35,Delayed,664,629,486972818,12167353,-5.6
P2487,Highway Project 1487,Highway,Central,Indore,BuildTech,23-09-2025,29-12-2027,07-02-2028,820519993,891885465,92.9,83.6,186,419796143,214310884,257778437,3798,1,3,9,3,89,98.1,40,Delayed,867,827,891885464,71365472,-9.3
P2488,Water Infrastructure Project 1488,Water Infrastructure,South,Bengaluru,Unknown,15-02-2024,11-12-2025,31-01-2026,782168227,818887503,91.8,83,382,473437789,231912085,113537629,11352,1,2,7,0,94,96.1,51,Delayed,716,665,818887503,36719276,-8.8
P2489,Water Infrastructure Project 1489,Water Infrastructure,West,Mumbai,Shakti Engineering,08-08-2025,22-06-2027,10-09-2027,850482858,918535805,87,72.1,191,544044164,270746912,103744728,10818,2,3,13,3,87.9,88.7,80,Delayed,763,683,918535804,68052947,-14.9
P2490,Water Infrastructure Project 1490,Water Infrastructure,West,Pune,UrbanWorks,16-10-2023,28-10-2025,30-12-2025,892427738,981901088,89.3,79.6,389,505581003,257234323,219085762,6170,0,7,10,2,65.6,100,63,Delayed,806,743,981901088,89473350,-9.7
P2491,Power Transmission Project 1491,Power Transmission,Central,Nagpur,UrbanWorks,11-09-2023,10-02-2026,05-02-2026,886070481,921673062,84.7,87.5,301,538168828,185525496,197978737,1608,3,1,4,0,88.9,79.2,-5,On Track,878,883,921673061,35602581,2.8
P2492,Water Infrastructure Project 1492,Water Infrastructure,West,Mumbai,UrbanWorks,15-07-2023,27-06-2025,18-07-2025,835685015,906368590,93.9,90.3,352,562034052,246456846,97877692,1017,3,0,14,1,100,83,21,Completed,734,713,906368590,70683575,-3.6
P2493,Building Project 1493,Building,North,Delhi,UrbanWorks,20-08-2024,31-12-2026,22-03-2027,592202389,662972160,90.1,73.4,266,404185911,185807182,72979066,9461,3,5,16,5,78.3,82,81,Delayed,944,863,662972159,70769771,-16.7
P2494,Power Transmission Project 1494,Power Transmission,Central,Nagpur,Prime Projects,13-04-2025,25-03-2026,16-04-2026,741537059,774348274,85.3,88.4,246,467855596,183378133,123114546,3645,1,4,10,1,78.9,92.1,22,On Track,368,346,774348275,32811215,3.1
P2495,Water Infrastructure Project 1495,Water Infrastructure,North,Delhi,MegaBuild,05-06-2024,17-10-2026,06-12-2026,828865080,917912508,99.4,85.7,211,514077925,197220020,206614563,7514,0,6,9,3,78.2,92.2,50,Delayed,914,864,917912508,89047428,-13.7
P2496,Bridge Project 1496,Bridge,South,Bengaluru,UrbanWorks,31-05-2024,30-09-2026,28-10-2026,937287149,1029970215,79.8,77.4,227,560430917,310694987,158844311,7982,1,2,12,1,89,91.1,28,On Track,880,852,1029970215,92683066,-2.4
P2497,Power Transmission Project 1497,Power Transmission,South,Chennai,Vertex Infra,26-09-2024,04-04-2026,11-05-2026,804324384,975458750,89.7,80.1,333,,251038822,175621590,10977,2,3,10,3,76.1,84.5,37,Delayed,592,555,426660412,171134366,-9.6
P2498,Metro Project 1498,Metro,South,Bengaluru,ABC Infra,21-04-2025,14-10-2026,28-12-2026,1841065890,1992750838,95.3,77.6,721,1221880655,499302847,271567336,3018,2,4,15,2,89.7,87.1,75,Delayed,616,541,1992750838,151684948,-17.7
P2499,Water Infrastructure Project 1499,Water Infrastructure,Central,Nagpur,UrbanWorks,14-05-2025,18-03-2027,22-04-2027,476290905,525059924,88.1,81.7,221,305034227,158671670,61354027,9395,1,1,10,2,93.6,100,35,Delayed,708,673,525059924,48769019,-6.4
P2500,Power Transmission Project 1500,Power Transmission,West,Ahmedabad,MegaBuild,28-04-2023,15-09-2023,30-09-2023,1496521428,1561649151,90.7,85.6,580,987204806,383727146,190717199,9942,1,1,11,1,100,93.8,15,On Track,155,140,1561649151,65127723,-5.1
P1548,Water Infrastructure Project 0548,Water Infrastructure,Central,Indore,ABC Infra,23-05-2023,30-04-2024,25-07-2024,407748042,441624199,93.5,75.8,98,224628271,111558092,105437836,11813,0,3,11,3,77.1,95.7,86,Delayed,429,343,441624199,33876157,-17.7
P1985,Water Infrastructure Project 0985,Water Infrastructure,North,Delhi,Apex Contractors,11-07-2024,17-03-2026,14-04-2026,817679989,865909617,86.3,79.7,203,485802049,206548753,173558815,1423,0,4,8,1,82,100,28,On Track,642,614,865909617,48229628,-6.6
P1713,Power Transmission Project 0713,Power Transmission,West,Pune,BuildTech,12-02-2023,25-05-2024,31-07-2024,1600415537,1763439652,85.9,74.6,778,979994405,346663094,436782153,6245,1,6,9,2,72,87.7,67,Delayed,535,468,1763439652,163024115,-11.3
P1639,Highway Project 0639,Highway,Central,Nagpur,ABC Infra,20-08-2025,15-07-2026,12-08-2026,610502597,653937685,87.1,85,243,376242470,191741144,85954071,10480,0,6,10,2,76.1,97.9,28,On Track,357,329,653937685,43435088,-2.1
P1472,Metro Project 0472,Metro,South,Hyderabad,Shakti Engineering,01-06-2024,09-09-2026,11-09-2026,2941489453,3193918836,83.8,81.9,805,1952075159,881402202,360441475,3341,2,5,7,0,75,89.4,2,On Track,832,830,3193918836,252429383,-1.9
P2150,Power Transmission Project 1150,Power Transmission,West,Mumbai,MegaBuild,09-01-2024,27-05-2025,05-07-2025,1751553803,1982387363,87.6,80.7,878,1275530658,396308246,310548460,8378,2,2,13,3,90.3,86.7,39,Delayed,543,504,1982387364,230833560,-6.9
P1393,Power Transmission Project 0393,Power Transmission,South,Bengaluru,MegaBuild,24-02-2024,28-11-2024,02-01-2025,1509499970,1648854828,94.4,93.6,452,937518236,483818243,227518349,2290,2,4,11,2,86.8,83.5,35,Delayed,313,278,1648854828,139354858,-0.8
P2159,Building Project 1159,Building,North,Jaipur,UrbanWorks,13-05-2025,05-09-2027,17-10-2027,759433499,804148617,87.2,80,197,494651344,223911483,85585790,5209,0,3,11,4,86.1,100,42,Delayed,887,845,804148617,44715118,-7.2
P2022,Metro Project 1022,Metro,West,Pune,BuildTech,01-09-2024,30-12-2024,21-02-2025,2424624660,2607688741,91.3,79.5,720,1433163998,716802186,457722557,3818,0,2,8,3,95,97.2,53,Delayed,173,120,2607688741,183064081,-11.8
P1427,Bridge Project 0427,Bridge,Central,Nagpur,UrbanWorks,14-07-2023,19-12-2023,01-02-2024,620666264,654157177,83.5,80.9,159,313003054,133903533,207250590,888,0,3,6,2,89.3,100,44,Delayed,202,158,654157177,33490913,-2.6
P2133,Highway Project 1133,Highway,West,Pune,MegaBuild,12-02-2025,27-05-2026,05-08-2026,1505521246,1635896397,90.5,77.1,575,958704704,400255204,276936488,4365,1,4,12,3,84.3,95.1,70,Delayed,539,469,1635896396,130375151,-13.4
P1417,Power Transmission Project 0417,Power Transmission,North,Jaipur,Apex Contractors,02-08-2024,18-05-2025,12-07-2025,1323358390,1430962612,92,78,368,699127242,419777985,312057384,11146,1,4,6,4,85.1,98.7,55,Delayed,344,289,1430962611,107604222,-14
P1718,Metro Project 0718,Metro,South,Bengaluru,MegaBuild,29-08-2024,06-06-2026,21-09-2026,1132982107,1301764945,91.8,69.9,571,663155309,318005283,320604353,4961,1,8,8,2,70.3,98.7,107,Delayed,753,646,1301764945,168782838,-21.9
P1979,Power Transmission Project 0979,Power Transmission,Central,Nagpur,MegaBuild,24-12-2024,25-11-2025,01-01-2026,1270351075,1304797511,94.2,88.9,593,788056337,328735273,188005900,6560,0,3,8,2,74.7,98.8,37,Delayed,373,336,1304797510,34446436,-5.3
P1836,Water Infrastructure Project 0836,Water Infrastructure,Central,Indore,UrbanWorks,15-03-2023,25-02-2025,23-03-2025,861088043,976036235,87.3,85.1,445,572655220,231173060,172207956,3487,2,5,7,2,79.8,86,26,On Track,739,713,976036236,114948192,-2.2
