project_id,project_name,project_type,region,location,contractor,start_date,planned_end_date,actual_end_date,planned_cost_inr,actual_cost_inr,planned_progress_pct,actual_progress_pct,manpower,material_cost_inr,labor_cost_inr,equipment_cost_inr,equipment_hours,safety_incidents,quality_issues,weather_delay_days,design_changes,quality_rating,safety_score,delay_days,project_status,actual_duration_day,planned_duration,total_direct_cost,cost_overrun,progress_variance,cost_overrun_pct
P1503,Metro Project 0503,Metro,South,Chennai,ABC Infra,2024-11-16,2026-05-08,2026-06-20,1455361972.0,1631524109.0,90.7,82.6,611,815455493.0,319171873.0,496896743.0,8988.0,5,3,10,0,83.2,63.7,43,Delayed,581,538,1631524109.0,176162137.0,-8.1,12.1
P1010,Metro Project 0010,Metro,South,Bengaluru,Apex Contractors,2023-05-02,2023-10-15,2024-01-20,2937748935.0,3287138132.0,93.1,,1556,2024337500.0,908295383.0,354505248.0,3462.0,0,6,12,4,87.2,96.2,97,Delayed,263,166,3287138131.0,349389197.0,-93.1,11.89
P2362,Metro Project 1362,Metro,West,Pune,ABC Infra,2024-07-03,2025-07-23,2025-09-02,1159096919.0,1260684350.0,90.2,87.3,461,688634675.0,304019195.0,268030480.0,6937.0,0,4,10,1,83.8,96.0,41,Delayed,426,385,1260684350.0,101587431.0,-2.9,8.76
P1011,Power Transmission Project 0011,Power Transmission,West,Ahmedabad,Vertex Infra,2024-04-11,2025-06-28,2025-10-13,665712174.0,712214205.0,91.9,72.4,323,409694485.0,220237797.0,82281922.0,8606.0,1,8,14,2,69.7,94.6,107,Delayed,550,443,712214204.0,46502031.0,-19.5,6.99
P1012,Power Transmission Project 0012,Power Transmission,Central,Nagpur,BuildTech,2023-08-03,2025-10-15,2025-11-26,722000417.0,806966537.0,91.7,81.1,361,398785544.0,236844515.0,171336478.0,11821.0,1,6,11,2,76.1,95.4,42,Delayed,846,804,806966537.0,84966120.0,-10.6,11.77
P1013,Building Project 0013,Building,South,Chennai,BuildTech,2023-11-27,2024-08-02,2024-10-05,872626570.0,977746478.0,88.9,77.0,350,626944349.0,212298354.0,138503775.0,2437.0,3,3,8,2,79.6,77.1,64,Delayed,313,249,977746478.0,105119908.0,-11.9,12.05
P1014,Bridge Project 0014,Bridge,South,Bengaluru,ABC Infra,2024-04-03,2025-09-15,2025-10-31,645005628.0,706706884.0,94.5,87.0,317,417006127.0,151351856.0,138348901.0,5152.0,2,4,9,3,88.1,88.6,46,Delayed,576,530,706706884.0,61701256.0,-7.5,9.57
P1015,Bridge Project 0015,Bridge,South,Bengaluru,MegaBuild,2023-03-29,2023-10-29,2023-12-12,564548652.0,587890969.0,91.3,78.9,180,279929718.0,136641336.0,171319916.0,330.0,0,2,8,1,93.7,100.0,44,Delayed,258,214,587890970.0,23342317.0,-12.4,4.13
P1016,Metro Project 0016,Metro,North,Delhi,MegaBuild,2024-01-08,2026-01-23,2026-02-18,1067936522.0,1127711140.0,92.3,90.8,375,612852502.0,239768482.0,275090157.0,6248.0,0,3,11,2,83.0,100.0,26,Completed,772,746,1127711141.0,59774618.0,-1.5,5.6
P1017,Power Transmission Project 0017,Power Transmission,Central,Nagpur,Shakti Engineering,2023-04-10,2025-08-31,2025-11-25,631434522.0,754800547.0,88.8,73.4,204,409663678.0,198845705.0,146291164.0,2105.0,2,5,6,9,83.7,86.7,86,Delayed,960,874,754800547.0,123366025.0,-15.4,19.54
P1018,Bridge Project 0018,Bridge,South,Bengaluru,MegaBuild,2025-05-21,2026-07-06,2026-08-08,1051450623.0,1134869885.0,86.5,83.3,393,553093260.0,222617725.0,359158899.0,6713.0,2,4,15,1,86.6,88.3,33,Delayed,444,411,1134869884.0,83419262.0,-3.2,7.93
P1019,Power Transmission Project 0019,Power Transmission,South,Hyderabad,BuildTech,2024-10-25,2025-12-01,2025-12-30,767664447.0,830887994.0,94.5,89.7,241,453377438.0,199465304.0,178045252.0,3869.0,1,2,15,1,99.2,99.5,29,On Track,431,402,830887994.0,63223547.0,-4.8,8.24
P1020,Highway Project 0020,Highway,Central,Nagpur,Shakti Engineering,2023-05-11,2023-11-15,2023-12-25,1011268044.0,1049666673.0,90.5,81.9,543,558615241.0,237777382.0,253274050.0,9928.0,0,4,11,1,80.9,93.8,40,Delayed,228,188,1049666673.0,38398629.0,-8.6,3.8
P1021,Power Transmission Project 0021,Power Transmission,Central,Indore,Apex Contractors,2024-10-23,2026-12-11,2027-03-09,1338135146.0,1461690944.0,88.1,71.3,432,881228233.0,380227289.0,200235422.0,5610.0,0,6,13,2,83.2,96.7,88,Delayed,867,779,1461690944.0,123555798.0,-16.8,9.23
P1022,Bridge Project 0022,Bridge,North,Delhi,ABC Infra,2023-11-05,2024-03-14,2024-03-15,765890235.0,789741487.0,91.4,91.7,193,380977106.0,226032959.0,182731422.0,11920.0,0,6,9,1,70.7,100.0,1,Completed,131,130,789741487.0,23851252.0,0.3,3.11
P1023,Highway Project 0023,Highway,South,Bengaluru,Apex Contractors,2025-02-08,2026-02-16,2026-03-04,550826452.0,590389371.0,89.6,91.1,216,288258076.0,173049975.0,129081320.0,756.0,0,8,9,2,74.2,100.0,16,Completed,389,373,590389371.0,39562919.0,1.5,7.18
P1024,Highway Project 0024,Highway,North,Delhi,Prime Projects,2023-12-10,2025-10-09,2025-11-10,1341259070.0,1462064502.0,96.2,86.4,320,888144804.0,417275930.0,156643768.0,748.0,1,0,9,4,100.0,88.2,32,Delayed,701,669,1462064502.0,120805432.0,-9.8,9.01
P1025,Water Infrastructure Project 0025,Water Infrastructure,Central,Indore,Vertex Infra,2024-05-06,2025-01-14,2025-02-14,308860501.0,321513979.0,88.6,84.6,80,173687683.0,72806654.0,75019642.0,367.0,0,5,9,1,85.9,98.1,31,Delayed,284,253,321513979.0,12653478.0,-4.0,4.1
P1026,Building Project 0026,Building,West,Ahmedabad,Vertex Infra,2024-02-18,2026-05-29,2026-07-04,902251274.0,938820753.0,91.8,82.4,263,479268998.0,273308423.0,186243331.0,4389.0,0,2,8,1,93.4,100.0,36,Delayed,867,831,938820752.0,36569479.0,-9.4,4.05
P1027,Power Transmission Project 0027,Power Transmission,West,Ahmedabad,BuildTech,2025-03-16,2025-08-05,2025-09-20,1685898437.0,1894398703.0,94.3,83.1,629,1140427208.0,477919085.0,276052409.0,2162.0,2,5,6,2,74.6,84.0,46,Delayed,188,142,1894398702.0,208500266.0,-11.2,12.37
P1028,Highway Project 0028,Highway,Central,Nagpur,BuildTech,2024-01-21,2025-04-30,2025-05-24,974817718.0,1030000059.0,92.6,92.4,353,639815813.0,275162174.0,115022072.0,2102.0,0,1,15,2,99.5,99.7,24,Completed,489,465,1030000059.0,55182341.0,-0.2,5.66
P1029,Highway Project 0029,Highway,Central,Indore,Shakti Engineering,2023-07-11,2024-09-04,2024-11-17,1082141884.0,1157912513.0,92.2,76.1,523,580546945.0,326370614.0,250994954.0,11923.0,1,2,7,3,96.9,92.5,74,Delayed,495,421,1157912513.0,75770629.0,-16.1,7.0
P1030,Building Project 0030,Building,West,Pune,ABC Infra,2025-08-13,2026-12-08,2027-01-16,698543126.0,727292731.0,88.0,86.5,324,444710747.0,152360086.0,130221897.0,7854.0,0,3,14,2,88.1,96.6,39,Delayed,521,482,727292730.0,28749605.0,-1.5,4.12
P1031,Bridge Project 0031,Bridge,West,Pune,UrbanWorks,2023-10-04,2025-03-02,2025-06-03,733597110.0,793126114.0,90.5,74.7,264,465569842.0,237751035.0,89805236.0,8619.0,5,4,10,1,84.3,63.0,93,Delayed,608,515,793126113.0,59529004.0,-15.8,8.11
P1032,Bridge Project 0032,Bridge,Central,Nagpur,BuildTech,2023-06-10,2024-05-12,2024-06-01,1144625242.0,1227090608.0,91.8,89.0,377,740672394.0,308708637.0,177709577.0,6195.0,1,1,11,2,92.6,89.6,20,On Track,357,337,1227090608.0,82465366.0,-2.8,7.2
P1033,Power Transmission Project 0033,Power Transmission,West,mumbai,UrbanWorks,2024-04-04,2024-12-20,2025-01-26,1686659548.0,1866491319.0,90.7,82.7,547,1118808655.0,417148757.0,330533907.0,9759.0,1,3,11,2,94.6,85.7,37,Delayed,297,260,1866491319.0,179831771.0,-8.0,10.66
P1034,Power Transmission Project 0034,Power Transmission,North,Delhi,Apex Contractors,2023-11-10,2025-11-14,2026-01-19,1011337801.0,1028615993.0,95.9,80.1,480,597448989.0,231676375.0,199490630.0,9534.0,1,5,10,1,78.8,90.7,66,Delayed,801,735,1028615994.0,17278192.0,-15.8,1.71
P1035,Power Transmission Project 0035,Power Transmission,North,Delhi,UrbanWorks,2023-01-22,2023-12-17,2024-01-26,1349234402.0,1527666868.0,89.3,84.6,320,953436496.0,407835032.0,166395339.0,5815.0,1,3,7,4,81.8,83.6,40,Delayed,369,329,1527666867.0,178432466.0,-4.7,13.22
P1036,Power Transmission Project 0036,Power Transmission,West,Ahmedabad,MegaBuild,2023-09-10,2025-09-21,2025-12-17,1726558150.0,1876469968.0,90.1,76.3,387,1168998125.0,498077624.0,209394219.0,4038.0,1,5,12,3,85.1,88.2,87,Delayed,829,742,1876469968.0,149911818.0,-13.8,8.68
P1037,Metro Project 0037,Metro,West,Pune,ABC Infra,2025-01-17,2027-01-22,2027-05-04,2894875828.0,3239157294.0,100.0,77.2,1396,1641552587.0,873370527.0,724234180.0,667.0,3,7,9,3,71.0,80.0,102,Delayed,837,735,3239157294.0,344281466.0,-22.8,11.89
P1038,Bridge Project 0038,Bridge,North,Jaipur,Vertex Infra,2025-05-06,2027-07-17,2027-08-30,832391208.0,925522076.0,93.3,83.0,314,577976709.0,199372072.0,148173295.0,6501.0,1,3,14,2,93.1,99.1,44,Delayed,846,802,925522076.0,93130868.0,-10.3,11.19
P1039,Building Project 0039,Building,South,Bengaluru,Vertex Infra,2024-07-14,2026-02-13,2026-03-11,681269736.0,777532201.0,86.1,78.2,179,410478574.0,160757759.0,206295868.0,11096.0,0,3,11,0,82.5,95.2,26,On Track,605,579,777532201.0,96262465.0,-7.9,14.13
P1040,Power Transmission Project 0040,Power Transmission,South,Bengaluru,UrbanWorks,2024-04-19,2025-08-07,2025-10-23,942220122.0,1057911482.0,92.0,76.7,280,645811070.0,291668701.0,120431711.0,2940.0,2,6,10,2,67.5,91.2,77,Delayed,552,475,1057911482.0,115691360.0,-15.3,12.28
P1041,Highway Project 0041,Highway,South,Bengaluru,Vertex Infra,2023-02-28,2024-05-16,2024-08-01,1524521107.0,1652654455.0,93.2,76.8,804,1072873458.0,385853470.0,193927528.0,5207.0,0,5,9,4,86.0,99.4,77,Delayed,520,443,1652654456.0,128133348.0,-16.4,8.4
P1042,Bridge Project 0042,Bridge,West,Ahmedabad,Apex Contractors,2024-05-25,2025-02-01,2025-03-27,530321801.0,571953892.0,86.8,79.1,267,306266976.0,120203256.0,145483661.0,358.0,1,0,12,1,86.5,90.1,54,Delayed,306,252,571953893.0,41632091.0,-7.7,7.85
P1043,Highway Project 0043,Highway,Central,Indore,ABC Infra,2024-11-12,2025-07-16,2025-09-09,1128421907.0,1239171365.0,88.8,78.9,512,611681818.0,273474563.0,354014984.0,4556.0,1,3,11,2,86.2,97.3,55,Delayed,301,246,1239171365.0,110749458.0,-9.9,9.81
P1044,Building Project 0044,Building,South,Chennai,MegaBuild,2024-04-20,2024-12-01,2024-12-11,559523441.0,564555438.0,85.2,82.6,212,364697676.0,117862128.0,81995634.0,8594.0,1,5,7,0,79.3,95.5,10,On Track,235,225,564555438.0,5031997.0,-2.6,0.9
P1045,Power Transmission Project 0045,Power Transmission,West,Pune,ABC Infra,2024-11-30,2026-11-23,2027-01-21,942600031.0,974786623.0,91.2,75.3,369,487934243.0,240443434.0,246408946.0,5241.0,0,3,15,2,89.1,100.0,59,Delayed,782,723,974786623.0,32186592.0,-15.9,3.41
P1046,Power Transmission Project 0046,Power Transmission,West,Pune,BuildTech,2025-09-02,2027-01-12,2027-02-03,1095011991.0,1220947577.0,83.5,85.1,593,652223758.0,268863544.0,299860275.0,4807.0,2,1,8,4,98.9,77.7,22,On Track,519,497,1220947577.0,125935586.0,1.6,11.5
P1047,Metro Project 0047,Metro,North,Jaipur,UrbanWorks,2025-02-21,2025-08-10,2025-09-24,2967610013.0,3287109659.0,86.8,79.2,1598,1842339991.0,927141913.0,517627754.0,1085.0,0,5,15,2,87.8,97.1,45,Delayed,215,170,3287109658.0,319499646.0,-7.6,10.77
P1048,Power Transmission Project 0048,Power Transmission,North,Delhi,ABC Infra,2023-07-09,2023-12-04,2024-01-17,671509231.0,742573627.0,84.5,82.0,195,,203405576.0,165579333.0,2746.0,0,7,9,2,72.8,100.0,44,Delayed,192,148,368984909.0,71064396.0,-2.5,10.58
P1049,Water Infrastructure Project 0049,Water Infrastructure,West,Mumbai,Apex Contractors,2025-08-15,2027-03-19,2027-05-11,652517800.0,721004072.0,91.3,80.5,318,444650068.0,196108628.0,80245376.0,9448.0,2,3,13,1,83.7,92.2,53,Delayed,634,581,721004072.0,68486272.0,-10.8,10.5
P1050,Highway Project 0050,Highway,Central,Nagpur,Vertex Infra,2024-11-17,2026-01-06,2026-02-06,608787905.0,651828620.0,88.6,84.8,173,344261548.0,160025662.0,147541410.0,11194.0,3,1,10,2,90.5,82.5,31,Delayed,446,415,651828620.0,43040715.0,-3.8,7.07
P1051,Metro Project 0051,Metro,North,Delhi,Prime Projects,2025-08-15,2026-10-05,2026-10-18,1295951243.0,1463156224.0,91.6,90.6,376,931230656.0,370746235.0,161179333.0,8928.0,0,4,6,3,83.1,100.0,13,Completed,429,416,1463156224.0,167204981.0,-1.0,12.9
P1052,Metro Project 0052,Metro,Central,Indore,ABC Infra,2024-07-16,2026-11-08,2026-12-20,1860334625.0,2178942210.0,82.7,76.4,824,1354592860.0,526126124.0,298223226.0,2665.0,0,4,8,4,88.9,100.0,42,Delayed,887,845,2178942210.0,318607585.0,-6.3,17.13
P1053,Highway Project 0053,Highway,Central,Nagpur,UrbanWorks,2025-05-25,2027-11-09,2028-03-19,1055930837.0,1199552266.0,86.9,57.7,373,693250629.0,250539831.0,255761806.0,5001.0,3,8,11,6,74.4,75.8,131,Delayed,1029,898,1199552266.0,143621429.0,-29.2,13.6
P1054,Power Transmission Project 0054,Power Transmission,West,Pune,MegaBuild,2024-07-20,2025-12-28,2026-02-04,918138814.0,929277464.0,93.2,,484,564591762.0,187751287.0,176934414.0,7717.0,0,3,10,1,91.1,100.0,38,Delayed,564,526,929277463.0,11138650.0,-93.2,1.21
P1055,Bridge Project 0055,Bridge,Central,Indore,Vertex Infra,2023-09-01,2026-02-05,2026-03-10,673577133.0,709321393.0,85.4,81.0,167,404877286.0,190952975.0,113491132.0,5866.0,0,4,10,0,93.6,95.7,33,Delayed,921,888,709321393.0,35744260.0,-4.4,5.31
P1056,Power Transmission Project 0056,Power Transmission,Central,Nagpur,MegaBuild,2025-04-11,2027-04-13,2027-06-07,710230095.0,779928827.0,94.1,82.8,276,432092511.0,163065288.0,184771027.0,8988.0,1,4,10,0,96.6,100.0,55,Delayed,787,732,779928826.0,69698732.0,-11.3,9.81
P1057,Metro Project 0057,Metro,North,Jaipur,UrbanWorks,2024-05-19,2025-10-25,2025-12-02,1590375172.0,1765069745.0,89.4,82.2,831,914082236.0,337277286.0,513710223.0,9858.0,0,8,8,1,74.7,100.0,38,Delayed,562,524,1765069745.0,174694573.0,-7.2,10.98
P1058,Highway Project 0058,Highway,North,Jaipur,Vertex Infra,2023-05-11,2024-08-18,2024-09-13,1532553569.0,1629757960.0,86.7,85.7,794,1002314569.0,381545974.0,245897417.0,11357.0,1,3,9,0,86.4,95.8,26,On Track,491,465,1629757960.0,97204391.0,-1.0,6.34
P1059,Bridge Project 0059,Bridge,South,Hyderabad,BuildTech,2024-04-29,2026-05-10,2026-07-01,1191883590.0,1187300905.0,86.9,81.3,323,697228968.0,331836452.0,158235485.0,10343.0,1,2,12,3,100.0,89.0,52,Delayed,793,741,1187300905.0,-4582685.0,-5.6,-0.38
P1060,Highway Project 0060,Highway,South,Chennai,Vertex Infra,2025-03-29,2026-09-19,2026-11-06,872447813.0,930703660.0,90.9,82.9,297,570748473.0,255398575.0,104556611.0,9514.0,3,3,10,2,86.4,73.2,48,Delayed,587,539,930703659.0,58255847.0,-8.0,6.68
P1061,Bridge Project 0061,Bridge,North,Jaipur,BuildTech,2024-10-08,2025-08-05,2025-09-25,883454497.0,1008984033.0,98.8,87.3,374,567594449.0,290827892.0,150561693.0,6683.0,4,5,8,1,84.1,68.8,51,Delayed,352,301,1008984034.0,125529536.0,-11.5,14.21
P1062,Power Transmission Project 0062,Power Transmission,West,Pune,MegaBuild,2023-01-21,2023-05-21,2023-08-13,1705610423.0,1719037076.0,100.0,81.3,464,921594065.0,373100591.0,424342420.0,11622.0,1,5,9,1,74.0,91.2,84,Delayed,204,120,1719037076.0,13426653.0,-18.7,0.79
P1063,Building Project 0063,Building,West,Mumbai,MegaBuild,2025-04-20,2027-03-07,2027-04-05,361921433.0,399064114.0,84.7,78.0,195,190170570.0,117494465.0,91399079.0,11336.0,3,6,16,1,79.0,80.1,29,On Track,715,686,399064114.0,37142681.0,-6.7,10.26
P1064,Building Project 0064,Building,South,Bengaluru,UrbanWorks,2023-06-16,2024-10-18,2024-12-21,937138753.0,980400831.0,92.7,76.9,489,536775185.0,280248698.0,163376948.0,1789.0,1,5,12,0,82.3,87.6,64,Delayed,554,490,980400831.0,43262078.0,-15.8,4.62
P1065,Highway Project 0065,Highway,South,Hyderabad,BuildTech,2023-10-01,2025-11-19,2026-01-25,1513546183.0,1673150130.0,96.7,77.9,416,1031261430.0,341513602.0,300375098.0,2634.0,1,5,11,1,83.8,97.0,67,Delayed,847,780,1673150130.0,159603947.0,-18.8,10.55
P1066,Highway Project 0066,Highway,South,Bengaluru,MegaBuild,2024-01-23,2025-07-26,2025-07-30,617935392.0,639626795.0,85.0,89.9,160,384584438.0,183011170.0,72031187.0,7990.0,1,6,6,3,79.6,91.2,4,On Track,554,550,639626795.0,21691403.0,4.9,3.51
P1067,Highway Project 0067,Highway,South,Chennai,BuildTech,2024-08-23,2025-10-25,2026-01-02,691212832.0,735282152.0,87.5,73.6,171,446097025.0,179748993.0,109436133.0,3689.0,0,0,16,3,99.6,95.7,69,Delayed,497,428,735282151.0,44069320.0,-13.9,6.38
P1068,Building Project 0068,Building,Central,Nagpur,Unknown,2023-11-12,2024-07-25,2024-08-15,1044433606.0,1128373267.0,91.2,85.9,543,680362595.0,221037836.0,226972836.0,502.0,2,3,7,1,86.6,82.3,21,On Track,277,256,1128373267.0,83939661.0,-5.3,8.04
P1069,Highway Project 0069,Highway,West,Ahmedabad,Vertex Infra,2023-01-14,2023-12-01,2024-01-09,1084229450.0,1173823581.0,90.2,81.3,307,597717426.0,249329302.0,326776853.0,530.0,1,1,14,4,96.2,90.9,39,Delayed,360,321,1173823581.0,89594131.0,-8.9,8.26
P1070,Bridge Project 0070,Bridge,North,Jaipur,ABC Infra,2023-08-30,2025-03-07,2025-04-25,424212223.0,482289515.0,84.5,85.1,151,243741178.0,116770769.0,121777569.0,7347.0,2,6,11,3,82.4,84.0,49,Delayed,604,555,482289516.0,58077292.0,0.6,13.69
P1071,Building Project 0071,Building,West,Mumbai,Apex Contractors,2025-02-15,2026-04-23,2026-05-14,541706879.0,533830035.0,93.0,86.2,199,277496360.0,131480963.0,124852712.0,11620.0,1,1,7,0,94.0,89.4,21,On Track,453,432,533830035.0,-7876844.0,-6.8,-1.45
P1072,Bridge Project 0072,Bridge,South,Chennai,Prime Projects,2023-12-12,2024-08-04,2024-10-22,783703531.0,840459130.0,91.7,72.3,327,427771153.0,241906559.0,170781418.0,11183.0,3,7,16,2,78.0,79.5,79,Delayed,315,236,840459130.0,56755599.0,-19.4,7.24
P1073,Highway Project 0073,Highway,South,Bengaluru,Apex Contractors,2024-07-18,2026-09-11,2026-12-13,1246589812.0,1340386707.0,93.8,73.5,303,677477062.0,301424232.0,361485413.0,11983.0,1,3,6,3,93.4,87.3,93,Delayed,878,785,1340386707.0,93796895.0,-20.3,7.52
P1074,Metro Project 0074,Metro,South,Hyderabad,Vertex Infra,2025-06-16,2027-05-11,2027-08-06,2441657549.0,2753635402.0,92.1,71.7,719,1375746820.0,672810877.0,705077705.0,3262.0,2,3,16,4,90.8,77.8,87,Delayed,781,694,2753635402.0,311977853.0,-20.4,12.78
P1075,Power Transmission Project 0075,Power Transmission,North,Jaipur,Shakti Engineering,2023-12-06,2024-12-03,2024-12-29,1809460031.0,1989337281.0,92.1,85.3,954,1241962483.0,429424778.0,317950021.0,2627.0,1,3,8,2,84.1,100.0,26,On Track,389,363,1989337282.0,179877250.0,-6.8,9.94
P1076,Water Infrastructure Project 0076,Water Infrastructure,West,Pune,Apex Contractors,2023-04-02,2025-01-17,2025-01-26,476444276.0,519235923.0,90.1,91.5,247,291349724.0,127951003.0,99935196.0,3084.0,0,3,8,3,93.7,100.0,9,Completed,665,656,519235923.0,42791647.0,1.4,8.98
P1077,Building Project 0077,Building,North,Jaipur,ABC Infra,2024-01-02,2025-12-23,2026-01-17,742327373.0,755396028.0,94.8,88.9,354,418286977.0,229891236.0,107217815.0,1103.0,0,4,8,0,82.2,100.0,25,On Track,746,721,755396028.0,13068655.0,-5.9,1.76
P1078,Highway Project 0078,Highway,South,Hyderabad,Shakti Engineering,2025-08-13,2026-02-23,2026-03-28,1079823108.0,1141392387.0,84.7,77.2,244,632341985.0,284389171.0,224661232.0,6066.0,0,5,8,2,92.8,100.0,33,Delayed,227,194,1141392388.0,61569279.0,-7.5,5.7
P1079,Power Transmission Project 0079,Power Transmission,South,Hyderabad,MegaBuild,2024-03-30,2025-08-17,2025-08-27,1095830764.0,1218594218.0,85.6,85.5,359,627716462.0,300404329.0,290473428.0,4023.0,0,4,11,1,81.5,99.5,10,On Track,515,505,1218594219.0,122763454.0,-0.1,11.2
P1080,Water Infrastructure Project 0080,Water Infrastructure,West,Ahmedabad,Prime Projects,2024-03-03,2025-01-26,2025-02-24,404842946.0,470849559.0,94.4,89.1,172,271459797.0,129546649.0,69843114.0,11393.0,1,0,4,3,86.8,91.1,29,On Track,358,329,470849560.0,66006613.0,-5.3,16.3
P1081,Metro Project 0081,Metro,North,Jaipur,Prime Projects,2024-05-23,2026-01-07,2026-02-13,2925363995.0,3174780313.0,88.9,84.6,909,1588473712.0,679464544.0,906842058.0,6696.0,0,3,8,1,85.0,100.0,37,Delayed,631,594,3174780314.0,249416318.0,-4.3,8.53
P1082,Power Transmission Project 0082,Power Transmission,North,Jaipur,MegaBuild,2025-02-14,2026-08-05,2026-10-11,1637513796.0,1833969931.0,86.4,80.5,851,1119084272.0,516615555.0,198270104.0,475.0,1,4,9,4,84.3,90.5,67,Delayed,604,537,1833969931.0,196456135.0,-5.9,12.0
P1083,Metro Project 0083,Metro,West,Ahmedabad,MegaBuild,2025-07-31,2026-11-09,2026-12-17,1976699396.0,2007629820.0,93.4,88.0,848,1042640962.0,517972157.0,447016701.0,9936.0,1,2,6,1,95.5,95.9,38,Delayed,504,466,2007629820.0,30930424.0,-5.4,1.56
P1084,Building Project 0084,Building,Central,Indore,BuildTech,2023-02-04,2024-11-13,2025-01-09,788820477.0,875259385.0,92.7,81.8,192,541932108.0,234681573.0,98645704.0,5991.0,2,3,14,3,92.7,87.6,57,Delayed,705,648,875259385.0,86438908.0,-10.9,10.96
P1085,Building Project 0085,Building,Central,Indore,MegaBuild,2023-07-25,2025-08-22,2025-09-16,519991653.0,540987515.0,82.0,78.2,270,316580006.0,151722391.0,72685118.0,3832.0,2,0,11,5,100.0,83.4,25,On Track,784,759,540987515.0,20995862.0,-3.8,4.04
P1086,Metro Project 0086,Metro,Central,Nagpur,UrbanWorks,2023-03-22,2025-08-20,2025-11-08,2066698399.0,2349321952.0,92.7,75.9,1107,1385999316.0,642541639.0,320780998.0,4649.0,0,8,9,1,71.0,100.0,80,Delayed,962,882,2349321953.0,282623553.0,-16.8,13.68
P1087,Power Transmission Project 0087,Power Transmission,Central,Indore,Apex Contractors,2025-07-20,2026-05-14,2026-06-17,1445913861.0,1588772342.0,87.5,79.1,355,1000835115.0,411971611.0,175965615.0,1843.0,1,4,13,1,79.3,98.2,34,Delayed,332,298,1588772341.0,142858481.0,-8.4,9.88
P1088,Water Infrastructure Project 0088,Water Infrastructure,North,Delhi,MegaBuild,2024-07-15,2025-05-12,2025-05-07,614176052.0,647216060.0,92.0,95.6,243,317328663.0,173220772.0,156666625.0,10646.0,1,3,7,0,88.6,84.1,-5,Completed,296,301,647216060.0,33040008.0,3.6,5.38
P1089,Building Project 0089,Building,North,Jaipur,UrbanWorks,2025-05-21,2027-07-13,2027-10-02,1065553897.0,1095046206.0,89.7,74.3,341,545657929.0,217753530.0,331634747.0,10597.0,0,8,10,0,64.1,96.2,81,Delayed,864,783,1095046206.0,29492309.0,-15.4,2.77
P1090,Highway Project 0090,Highway,West,Mumbai,MegaBuild,2024-01-23,2024-06-15,2024-08-30,1161352031.0,1250967591.0,92.5,78.5,406,682481374.0,301394922.0,267091294.0,5756.0,1,5,13,0,64.8,92.3,76,Delayed,220,144,1250967590.0,89615560.0,-14.0,7.72
P1091,Highway Project 0091,Highway,North,Jaipur,BuildTech,2023-01-02,2023-10-28,2023-12-13,910167530.0,922370740.0,90.0,81.8,254,554785187.0,267232864.0,100352689.0,3713.0,0,3,10,2,79.7,96.4,46,Delayed,345,299,922370740.0,12203210.0,-8.2,1.34
P1092,Metro Project 0092,Metro,North,Delhi,UrbanWorks,2024-01-25,2026-05-03,2026-06-13,2518861015.0,2665262889.0,85.0,81.3,1034,1281202142.0,589361288.0,794699458.0,7385.0,0,5,9,1,80.1,98.3,41,Delayed,870,829,2665262888.0,146401874.0,-3.7,5.81
P1093,Water Infrastructure Project 0093,Water Infrastructure,North,Delhi,Apex Contractors,2024-07-19,2026-03-31,2026-04-21,405629820.0,433415584.0,83.6,84.1,217,217099539.0,106215886.0,110100159.0,11853.0,0,1,8,1,98.8,100.0,21,On Track,641,620,433415584.0,27785764.0,0.5,6.85
P1094,Metro Project 0094,Metro,South,Bengaluru,ABC Infra,2023-04-16,2024-01-21,2024-02-16,1751341311.0,1814544699.0,84.6,83.0,676,970233712.0,372905868.0,471405120.0,4479.0,0,4,7,1,79.8,99.4,26,On Track,306,280,1814544700.0,63203388.0,-1.6,3.61
P1095,Building Project 0095,Building,North,Jaipur,UrbanWorks,2025-02-10,2025-12-03,2025-12-06,605575650.0,646207915.0,85.5,88.7,149,382263977.0,144816986.0,119126952.0,9632.0,1,3,9,1,83.8,95.9,3,On Track,299,296,646207915.0,40632265.0,3.2,6.71
P1096,Water Infrastructure Project 0096,Water Infrastructure,South,Chennai,Vertex Infra,2025-04-01,2026-05-10,2026-07-14,563743293.0,675653448.0,91.8,78.2,239,357589705.0,184727772.0,133335970.0,5107.0,0,1,6,6,93.3,99.5,65,Delayed,469,404,675653447.0,111910155.0,-13.6,19.85
P1097,Highway Project 0097,Highway,North,Delhi,BuildTech,2024-04-21,2024-10-20,2024-12-13,1339459918.0,1342094959.0,93.8,82.5,445,775547945.0,369572743.0,196974270.0,7686.0,0,3,10,2,80.6,98.4,54,Delayed,236,182,1342094958.0,2635041.0,-11.3,0.2
P1098,Water Infrastructure Project 0098,Water Infrastructure,West,Mumbai,Shakti Engineering,2024-12-03,2027-01-23,2027-03-14,595424684.0,642054796.0,88.8,75.8,299,352225839.0,157147714.0,132681243.0,10253.0,3,4,9,3,88.7,75.2,50,Delayed,831,781,642054796.0,46630112.0,-13.0,7.83
P1099,Highway Project 0099,Highway,West,Ahmedabad,Apex Contractors,2024-02-06,2026-04-01,2026-04-28,1352245101.0,1462532036.0,86.4,83.2,491,696929206.0,422918562.0,342684268.0,2240.0,2,1,13,3,94.6,89.9,27,On Track,812,785,1462532036.0,110286935.0,-3.2,8.16
P1100,Power Transmission Project 0100,Power Transmission,Central,Nagpur,UrbanWorks,2024-12-30,2025-10-01,2026-01-07,1302551573.0,1447101254.0,90.1,68.4,369,879326018.0,404388880.0,163386356.0,10298.0,5,6,9,3,76.2,68.8,98,Delayed,373,275,1447101254.0,144549681.0,-21.7,11.1
P1101,Bridge Project 0101,Bridge,South,Bengaluru,Vertex Infra,2024-07-09,2026-02-17,2026-03-13,694707284.0,777598240.0,82.1,81.5,196,444814996.0,177263129.0,155520115.0,11665.0,1,2,14,4,88.6,94.9,24,On Track,612,588,777598240.0,82890956.0,-0.6,11.93
P1102,Highway Project 0102,Highway,West,Ahmedabad,Vertex Infra,2023-06-11,2023-11-26,2024-02-02,1368927787.0,1504195143.0,92.5,81.5,648,928517158.0,365572176.0,210105810.0,956.0,1,4,14,1,86.3,87.1,68,Delayed,236,168,1504195144.0,135267356.0,-11.0,9.88
P1103,Metro Project 0103,Metro,South,Bengaluru,Apex Contractors,2023-07-21,2024-02-09,2024-04-08,1461813548.0,1622028685.0,89.7,80.7,449,960588547.0,466238610.0,195201527.0,2803.0,1,4,11,4,82.2,94.5,59,Delayed,262,203,1622028684.0,160215137.0,-9.0,10.96
P1104,Bridge Project 0104,Bridge,West,Mumbai,Apex Contractors,2025-08-15,2026-12-08,2027-01-24,597615958.0,656569725.0,90.3,85.0,282,320600876.0,128648328.0,207320521.0,958.0,1,6,9,2,84.9,90.9,47,Delayed,527,480,656569725.0,58953767.0,-5.3,9.86
P1105,Water Infrastructure Project 0105,Water Infrastructure,South,Hyderabad,Vertex Infra,2025-09-22,2027-12-09,2028-01-23,607724269.0,612959700.0,87.9,78.5,174,346838777.0,158256351.0,107864572.0,11330.0,1,3,10,2,88.1,93.2,45,Delayed,853,808,612959700.0,5235431.0,-9.4,0.86
P1106,Water Infrastructure Project 0106,Water Infrastructure,North,Jaipur,MegaBuild,2023-09-27,2024-06-20,2024-07-26,460313794.0,507176322.0,87.5,85.1,150,325503449.0,108698300.0,72974573.0,7338.0,0,3,8,3,79.4,100.0,36,Delayed,303,267,507176322.0,46862528.0,-2.4,10.18
P1107,Building Project 0107,Building,West,Pune,Vertex Infra,2025-05-12,2027-05-31,2027-05-25,363997230.0,386467800.0,83.4,85.0,135,203269368.0,76403525.0,106794907.0,10945.0,1,2,10,0,94.6,92.5,-6,On Track,743,749,386467800.0,22470570.0,1.6,6.17
P1108,Highway Project 0108,Highway,South,Chennai,MegaBuild,2025-03-26,2026-06-30,2026-07-31,1199970916.0,1255619582.0,93.5,89.7,637,710287592.0,372014862.0,173317128.0,8402.0,1,7,7,0,72.5,89.8,31,Delayed,492,461,1255619582.0,55648666.0,-3.8,4.64
P1109,Highway Project 0109,Highway,West,Ahmedabad,Shakti Engineering,2023-09-28,2025-05-15,2025-06-04,1056593043.0,1223692919.0,85.0,89.3,557,729598772.0,350140912.0,143953234.0,6325.0,0,2,13,4,86.7,97.3,20,On Track,615,595,1223692918.0,167099876.0,4.3,15.81
P1110,Highway Project 0110,Highway,North,Jaipur,BuildTech,2024-03-31,2024-09-29,2024-12-15,988066116.0,1074464013.0,87.1,72.1,284,550588574.0,229466656.0,294408784.0,9546.0,2,4,8,2,81.6,90.8,77,Delayed,259,182,1074464014.0,86397897.0,-15.0,8.74
P1111,Building Project 0111,Building,South,Chennai,Prime Projects,2024-04-06,2026-07-05,2026-09-26,1048882488.0,1201718675.0,86.2,65.6,354,722039770.0,344059408.0,135619498.0,6798.0,1,5,14,6,88.6,91.7,83,Delayed,903,820,1201718676.0,152836187.0,-20.6,14.57
P1112,Power Transmission Project 0112,Power Transmission,South,Hyderabad,MegaBuild,2024-12-27,2026-04-20,2026-05-20,1296151013.0,1374391622.0,93.3,86.8,349,787043541.0,276506386.0,310841694.0,6648.0,0,2,15,1,92.7,93.5,30,On Track,509,479,1374391621.0,78240609.0,-6.5,6.04
P1113,Bridge Project 0113,Bridge,West,Pune,Vertex Infra,2023-09-09,2025-07-20,2025-08-11,1124831052.0,1129190659.0,87.7,80.0,436,604449345.0,274040967.0,250700347.0,3341.0,1,5,13,0,78.1,91.8,22,On Track,702,680,1129190659.0,4359607.0,-7.7,0.39
P1114,Highway Project 0114,Highway,South,Chennai,Vertex Infra,2024-12-02,2026-02-21,2026-04-18,668225497.0,711929508.0,93.9,80.8,248,382024273.0,199072784.0,130832450.0,2638.0,2,5,8,3,73.2,81.5,56,Delayed,502,446,711929507.0,43704011.0,-13.1,6.54
P1115,Building Project 0115,Building,South,Chennai,ABC Infra,2023-10-23,2026-03-29,2026-05-29,764482621.0,818175971.0,92.3,78.4,395,521038492.0,205252711.0,91884769.0,410.0,1,3,11,2,82.1,86.0,61,Delayed,949,888,818175972.0,53693350.0,-13.9,7.02
P1116,Power Transmission Project 0116,Power Transmission,West,Ahmedabad,Vertex Infra,2024-12-25,2027-04-29,2027-06-18,1655255348.0,1915601810.0,86.2,82.5,872,985700576.0,571013010.0,358888224.0,5487.0,1,4,10,5,84.3,92.3,50,Delayed,905,855,1915601810.0,260346462.0,-3.7,15.73
P1117,Water Infrastructure Project 0117,Water Infrastructure,Central,Indore,BuildTech,2024-12-20,2025-09-06,2025-12-12,655278983.0,733052131.0,89.6,79.6,227,407986289.0,193254187.0,131811655.0,2018.0,0,4,15,7,80.8,100.0,97,Delayed,357,260,733052131.0,77773148.0,-10.0,11.87
P1118,Power Transmission Project 0118,Power Transmission,West,Pune,UrbanWorks,2025-01-18,2025-12-18,2026-01-27,1473797156.0,1610621089.0,83.2,80.9,563,998609234.0,392282738.0,219729116.0,6816.0,2,2,12,2,92.4,84.3,40,Delayed,374,334,1610621088.0,136823933.0,-2.3,9.28
P1119,Metro Project 0119,Metro,North,Jaipur,UrbanWorks,2023-12-04,2025-06-10,2025-07-22,1726646264.0,1879436126.0,91.6,81.2,890,957796937.0,566680470.0,354958719.0,425.0,1,3,11,1,90.5,87.9,42,Delayed,596,554,1879436126.0,152789862.0,-10.4,8.85
P1120,Highway Project 0120,Highway,South,Hyderabad,Vertex Infra,2025-05-28,2027-09-17,2027-11-10,619109745.0,663264544.0,87.4,80.9,301,416306197.0,126975293.0,119983053.0,8753.0,2,3,16,3,82.5,86.6,54,Delayed,896,842,663264543.0,44154799.0,-6.5,7.13
P1121,Power Transmission Project 0121,Power Transmission,West,Pune,ABC Infra,2023-02-22,2024-05-04,2024-06-03,1159059357.0,1214535928.0,85.8,88.1,256,706086249.0,306465125.0,201984553.0,3234.0,0,3,11,3,82.9,100.0,30,On Track,467,437,1214535927.0,55476571.0,2.3,4.79
P1122,Building Project 0122,Building,West,Mumbai,MegaBuild,2025-03-02,2025-07-31,2025-10-21,639552764.0,695330992.0,88.9,71.3,208,387317307.0,182592933.0,125420752.0,6217.0,1,6,8,4,74.7,91.6,82,Delayed,233,151,695330992.0,55778228.0,-17.6,8.72
P1123,Metro Project 0123,Metro,Central,Indore,BuildTech,2025-07-10,2027-09-07,2027-09-26,2706779161.0,2815558742.0,88.1,86.7,972,1542952285.0,802037778.0,470568679.0,10694.0,1,1,8,2,99.3,89.3,19,On Track,808,789,2815558742.0,108779581.0,-1.4,4.02
P1124,Water Infrastructure Project 0124,Water Infrastructure,West,Mumbai,ABC Infra,2023-08-05,2024-09-12,2024-10-06,450117158.0,459435628.0,91.1,86.9,133,279350933.0,112039745.0,68044950.0,1904.0,1,2,9,1,92.1,91.4,24,On Track,428,404,459435628.0,9318470.0,-4.2,2.07
P1125,Power Transmission Project 0125,Power Transmission,South,Hyderabad,MegaBuild,2025-02-02,2026-04-02,2026-07-15,1774748415.0,2016450688.0,97.6,73.5,507,1239281921.0,560416591.0,216752176.0,7890.0,1,3,9,4,87.8,91.2,104,Delayed,528,424,2016450688.0,241702273.0,-24.1,13.62
P1126,Building Project 0126,Building,West,Ahmedabad,BuildTech,2023-07-07,2025-01-05,2025-04-19,1042568756.0,1174888749.0,95.3,69.0,242,662051753.0,292777338.0,220059657.0,2382.0,3,1,5,4,91.4,79.2,104,Delayed,652,548,1174888748.0,132319993.0,-26.3,12.69
P1127,Water Infrastructure Project 0127,Water Infrastructure,West,Ahmedabad,Vertex Infra,2024-01-15,2025-09-02,2025-10-30,452317144.0,479855489.0,85.2,75.5,195,265545038.0,105693858.0,108616593.0,9146.0,2,6,14,2,77.5,86.9,58,Delayed,654,596,479855489.0,27538345.0,-9.7,6.09
P1128,Bridge Project 0128,Bridge,South,Hyderabad,UrbanWorks,2024-05-07,2025-06-16,2025-09-09,699642863.0,756664683.0,96.1,79.5,214,406592418.0,231078925.0,118993340.0,5393.0,0,4,6,2,83.9,94.9,85,Delayed,490,405,756664683.0,57021820.0,-16.6,8.15
P1129,Building Project 0129,Building,South,Bengaluru,BuildTech,2023-02-10,2023-10-31,2024-01-09,997822355.0,1118376268.0,90.2,80.3,236,628054948.0,310455937.0,179865383.0,10955.0,4,3,9,5,87.1,79.1,70,Delayed,333,263,1118376268.0,120553913.0,-9.9,12.08
P1130,Building Project 0130,Building,South,Hyderabad,Vertex Infra,2023-06-06,2024-11-30,2025-01-11,1048634888.0,1182556776.0,79.8,71.4,310,572108397.0,286473488.0,323974891.0,7443.0,2,9,5,4,65.3,85.6,42,Delayed,585,543,1182556776.0,133921888.0,-8.4,12.77
P1131,Power Transmission Project 0131,Power Transmission,Central,Indore,Shakti Engineering,2023-01-15,2023-06-02,2023-08-13,1141561314.0,1274940567.0,89.1,70.1,553,770055936.0,363784056.0,141100575.0,584.0,2,5,20,3,78.7,89.9,72,Delayed,210,138,1274940567.0,133379253.0,-19.0,11.68
P1132,Power Transmission Project 0132,Power Transmission,North,Delhi,Prime Projects,2025-03-23,2025-08-07,2025-08-27,993406425.0,1023236197.0,83.8,85.0,497,644247228.0,266964151.0,112024818.0,5866.0,2,6,9,1,75.4,86.1,20,On Track,157,137,1023236197.0,29829772.0,1.2,3.0
P1133,Power Transmission Project 0133,Power Transmission,West,Ahmedabad,BuildTech,2023-03-06,2025-08-10,2025-10-17,1241573756.0,1298711798.0,88.2,77.6,471,781252316.0,336298169.0,181161313.0,11057.0,1,5,14,5,84.1,91.9,68,Delayed,956,888,1298711798.0,57138042.0,-10.6,4.6
P1134,Highway Project 0134,Highway,Central,Nagpur,Prime Projects,2025-05-06,2027-04-15,2027-06-28,1241218821.0,1359507089.0,97.6,73.6,443,763246274.0,368566626.0,227694189.0,8518.0,3,3,10,2,90.8,77.0,74,Delayed,783,709,1359507089.0,118288268.0,-24.0,9.53
P1135,Water Infrastructure Project 0135,Water Infrastructure,Central,Indore,BuildTech,2025-04-18,2026-08-21,2026-08-16,467952082.0,488386648.0,84.8,85.3,253,301022384.0,132870869.0,54493395.0,2574.0,0,4,14,0,91.0,99.4,-5,On Track,485,490,488386648.0,20434566.0,0.5,4.37
P1136,Water Infrastructure Project 0136,Water Infrastructure,Central,Indore,Prime Projects,2024-06-04,2025-03-25,2025-05-21,748066271.0,805514340.0,84.6,73.2,214,512094964.0,201524324.0,91895053.0,4272.0,0,5,14,2,83.7,94.4,57,Delayed,351,294,805514341.0,57448069.0,-11.4,7.68
P1137,Water Infrastructure Project 0137,Water Infrastructure,Central,Indore,Shakti Engineering,2023-12-10,2024-10-18,2024-12-27,333752701.0,361894788.0,89.6,77.1,97,213898165.0,89389644.0,58606979.0,10083.0,1,7,11,3,64.9,92.6,70,Delayed,383,313,361894788.0,28142087.0,-12.5,8.43
P1138,Water Infrastructure Project 0138,Water Infrastructure,South,Chennai,UrbanWorks,2023-05-09,2025-01-19,2025-03-11,332323168.0,364297786.0,86.7,79.6,105,223048332.0,102114405.0,39135049.0,11873.0,1,1,14,4,92.7,97.2,51,Delayed,672,621,364297786.0,31974618.0,-7.1,9.62
P1139,Power Transmission Project 0139,Power Transmission,Central,Indore,Apex Contractors,2024-10-09,2025-05-29,2025-08-06,1072408123.0,1113072728.0,89.0,73.4,297,543631595.0,281171546.0,288269587.0,9620.0,1,6,10,3,80.0,88.9,69,Delayed,301,232,1113072728.0,40664605.0,-15.6,3.79
P1140,Bridge Project 0140,Bridge,West,Ahmedabad,MegaBuild,2024-04-16,2024-12-05,2025-01-29,704115383.0,751530665.0,90.4,74.6,243,364710353.0,165724508.0,221095804.0,4413.0,1,3,6,1,89.0,91.7,55,Delayed,288,233,751530665.0,47415282.0,-15.8,6.73
P1141,Building Project 0141,Building,North,Delhi,Prime Projects,2023-03-04,2024-02-08,2024-02-24,583177749.0,558317839.0,84.1,81.6,303,274684263.0,140921967.0,142711609.0,10628.0,0,5,9,0,84.3,100.0,16,On Track,357,341,558317839.0,-24859910.0,-2.5,-4.26
P1142,Highway Project 0142,Highway,North,Delhi,Shakti Engineering,2023-05-19,2025-07-24,2025-08-31,1035615652.0,1073675413.0,90.9,84.0,438,536820392.0,216903310.0,319951711.0,7029.0,1,3,6,1,84.4,90.1,38,Delayed,835,797,1073675413.0,38059761.0,-6.9,3.68
P1143,Bridge Project 0143,Bridge,Central,Indore,Prime Projects,2024-05-13,2026-06-15,2026-07-29,677105205.0,724005675.0,87.0,74.5,241,388668714.0,193030363.0,142306598.0,8648.0,1,5,9,2,78.7,95.2,44,Delayed,807,763,724005675.0,46900470.0,-12.5,6.93
P1144,Building Project 0144,Building,West,Mumbai,UrbanWorks,2024-08-15,2025-09-02,2025-11-29,494964412.0,509348419.0,94.3,70.9,261,317212745.0,101593694.0,90541980.0,1589.0,0,4,11,1,80.6,61.3,88,Delayed,471,383,509348419.0,14384007.0,-23.4,2.91
P1145,Power Transmission Project 0145,Power Transmission,West,Ahmedabad,Prime Projects,2024-01-27,2024-07-19,2024-09-20,979458154.0,1114163413.0,86.5,76.7,231,654620707.0,224604523.0,234938182.0,10673.0,1,6,15,1,77.6,98.0,63,Delayed,237,174,1114163412.0,134705259.0,-9.8,13.75
P1146,Metro Project 0146,Metro,West,Ahmedabad,Shakti Engineering,2024-11-05,2026-12-07,2027-01-20,2920310460.0,3177496348.0,87.2,78.2,845,1827287799.0,920178812.0,430029736.0,2811.0,2,4,10,2,79.0,86.5,44,Delayed,806,762,3177496347.0,257185888.0,-9.0,8.81
P1147,Highway Project 0147,Highway,West,Pune,Vertex Infra,2024-02-23,2026-08-08,2026-10-12,952113521.0,1021674378.0,86.3,73.9,387,537269756.0,275847222.0,208557400.0,6020.0,2,6,13,2,82.0,84.3,65,Delayed,962,897,1021674378.0,69560857.0,-12.4,7.31
P1148,Water Infrastructure Project 0148,Water Infrastructure,North,Jaipur,Shakti Engineering,2023-10-16,2025-05-15,2025-06-28,571551230.0,676916678.0,88.3,84.4,241,384112955.0,160684296.0,132119427.0,10263.0,2,5,12,3,83.0,90.3,44,Delayed,621,577,676916678.0,105365448.0,-3.9,18.43
P1149,Highway Project 0149,Highway,South,Bengaluru,Apex Contractors,2024-01-14,2024-10-21,2024-10-27,1124989514.0,1237941515.0,84.2,86.6,262,640404175.0,265030424.0,332506915.0,1455.0,2,2,7,3,94.0,83.9,6,On Track,287,281,1237941514.0,112952001.0,2.4,10.04
P1150,Highway Project 0150,Highway,South,Bengaluru,Apex Contractors,2025-02-11,2026-06-25,2026-09-05,1550091103.0,1747028026.0,92.1,77.9,547,1015971536.0,513889466.0,217167024.0,3088.0,1,1,7,6,92.0,88.9,72,Delayed,571,499,1747028026.0,196936923.0,-14.2,12.7
P1151,Highway Project 0151,Highway,West,Mumbai,Apex Contractors,2024-05-04,2024-11-26,2024-11-29,774973334.0,821035162.0,87.9,87.1,336,488699717.0,241745872.0,90589573.0,5453.0,2,1,12,1,98.7,86.8,3,On Track,209,206,821035162.0,46061828.0,-0.8,5.94
P1152,Highway Project 0152,Highway,South,Bengaluru,ABC Infra,2023-08-19,2024-02-09,2024-03-11,1234439806.0,1266513857.0,93.2,87.3,555,721033105.0,312588377.0,232892375.0,6526.0,0,3,6,0,92.8,98.4,31,Delayed,205,174,1266513857.0,32074051.0,-5.9,2.6
P1153,Highway Project 0153,Highway,West,Pune,UrbanWorks,2023-02-10,2024-09-27,2024-11-02,1270704005.0,1364021112.0,90.2,83.0,547,738164169.0,345585850.0,280271093.0,3276.0,1,5,8,0,80.0,96.2,36,Delayed,631,595,1364021112.0,93317107.0,-7.2,7.34
P1154,Bridge Project 0154,Bridge,South,Hyderabad,Vertex Infra,2023-01-28,2023-11-21,2024-01-23,913542644.0,888384037.0,96.8,86.2,297,560107605.0,196027284.0,132249147.0,5551.0,2,3,9,2,75.8,74.6,63,Delayed,360,297,888384036.0,-25158607.0,-10.6,-2.75
P1155,Bridge Project 0155,Bridge,South,Bengaluru,ABC Infra,2023-05-15,2024-10-06,2024-12-21,485577130.0,498018799.0,89.0,75.8,121,260866715.0,128154701.0,108997382.0,3799.0,1,5,11,3,84.9,93.0,76,Delayed,586,510,498018798.0,12441669.0,-13.2,2.56
P1156,Power Transmission Project 0156,Power Transmission,West,Ahmedabad,UrbanWorks,2023-07-20,2024-10-30,2024-12-20,1424015454.0,1510629839.0,88.6,85.3,513,819606478.0,346384732.0,344638629.0,3213.0,3,4,11,4,77.8,77.7,51,Delayed,519,468,1510629839.0,86614385.0,-3.3,6.08
P1157,Building Project 0157,Building,South,Hyderabad,Vertex Infra,2025-04-19,2025-08-24,2025-11-10,403327718.0,410090986.0,92.4,78.4,105,253924082.0,112121368.0,44045536.0,503.0,4,3,11,3,88.0,73.1,78,Delayed,205,127,410090986.0,6763268.0,-14.0,1.68
P1158,Water Infrastructure Project 0158,Water Infrastructure,South,Bengaluru,Prime Projects,2025-02-18,2026-04-26,2026-05-08,663166303.0,749260436.0,81.7,84.8,353,486604811.0,175849578.0,86806046.0,2122.0,2,6,10,3,76.0,88.6,12,On Track,444,432,749260435.0,86094133.0,3.1,12.98
P1159,Highway Project 0159,Highway,West,Ahmedabad,Vertex Infra,2025-07-18,2027-12-13,2028-01-23,1295362330.0,1377317160.0,88.1,83.2,488,643845425.0,359199718.0,374272018.0,9851.0,1,5,3,3,83.0,89.1,41,Delayed,919,878,1377317161.0,81954830.0,-4.9,6.33
P1160,Metro Project 0160,Metro,West,Ahmedabad,Shakti Engineering,2023-02-02,2024-08-17,2024-11-03,1407720383.0,1608553109.0,89.7,75.1,457,903188466.0,340327338.0,365037305.0,11036.0,0,6,9,3,72.9,100.0,78,Delayed,640,562,1608553109.0,200832726.0,-14.6,14.27
P1161,Water Infrastructure Project 0161,Water Infrastructure,Central,Indore,ABC Infra,2023-02-17,2025-07-22,2025-08-13,811681315.0,850585957.0,92.9,88.5,383,453784086.0,171463747.0,225338124.0,8933.0,0,2,12,1,86.8,100.0,22,On Track,908,886,850585957.0,38904642.0,-4.4,4.79
P1162,Highway Project 0162,Highway,North,Delhi,Prime Projects,2024-05-17,2025-08-07,2025-10-03,554219727.0,590866538.0,93.7,89.0,212,319807356.0,119284910.0,151774273.0,7271.0,0,5,10,4,72.5,98.7,57,Delayed,504,447,590866539.0,36646811.0,-4.7,6.61
P1163,Bridge Project 0163,Bridge,West,Mumbai,Shakti Engineering,2024-02-11,2024-08-02,2024-09-16,1108645613.0,1185003125.0,94.5,84.4,357,685939254.0,281568349.0,217495522.0,7725.0,1,6,4,1,74.6,94.5,45,Delayed,218,173,1185003125.0,76357512.0,-10.1,6.89
P1164,Building Project 0164,Building,West,Pune,UrbanWorks,2024-07-27,2026-12-24,2027-01-10,686635271.0,749056724.0,88.8,89.6,335,427404138.0,162080952.0,159571633.0,9807.0,0,3,12,0,91.5,96.6,17,On Track,897,880,749056723.0,62421453.0,0.8,9.09
P1165,Building Project 0165,Building,South,Chennai,Vertex Infra,2024-12-28,2025-12-21,2026-03-19,513075377.0,570667979.0,87.1,75.0,259,338179067.0,169543154.0,62945759.0,9640.0,0,5,13,6,71.1,100.0,88,Delayed,446,358,570667980.0,57592602.0,-12.1,11.22
P1166,Highway Project 0166,Highway,North,Jaipur,Shakti Engineering,2025-03-15,2026-02-26,2026-04-13,662298162.0,739879423.0,90.2,83.2,292,364264194.0,214466809.0,161148421.0,6082.0,0,5,13,1,82.3,100.0,46,Delayed,394,348,739879424.0,77581261.0,-7.0,11.71
P1167,Metro Project 0167,Metro,South,Bengaluru,Prime Projects,2023-04-09,2025-03-07,2025-05-30,2877548192.0,3295980547.0,88.9,77.6,677,2063719547.0,869123512.0,363137487.0,8226.0,0,6,9,4,79.9,100.0,84,Delayed,782,698,3295980546.0,418432355.0,-11.3,14.54
P1168,Building Project 0168,Building,South,Bengaluru,Unknown,2024-11-14,2025-05-03,2025-08-02,409455895.0,444711065.0,83.3,69.8,166,247305666.0,121195527.0,76209872.0,9690.0,4,3,14,3,86.6,73.1,91,Delayed,261,170,444711065.0,35255170.0,-13.5,8.61
P1169,Highway Project 0169,Highway,South,Hyderabad,ABC Infra,2025-05-21,2027-05-19,2027-08-03,730552624.0,800207055.0,90.7,77.9,344,462702612.0,171530292.0,165974151.0,6303.0,0,6,12,5,80.8,100.0,76,Delayed,804,728,800207055.0,69654431.0,-12.8,9.53
P1170,Water Infrastructure Project 0170,Water Infrastructure,South,Hyderabad,Apex Contractors,2024-12-26,2026-12-19,2027-03-01,512932520.0,558497634.0,86.3,76.5,135,316921496.0,158190570.0,83385568.0,11408.0,0,11,6,3,58.5,96.9,72,Delayed,795,723,558497634.0,45565114.0,-9.8,8.88
P1171,Water Infrastructure Project 0171,Water Infrastructure,North,Jaipur,Vertex Infra,2025-09-13,2026-10-01,2027-01-07,677742084.0,730483079.0,89.1,76.9,200,445662493.0,207751157.0,77069429.0,4475.0,1,5,9,6,76.9,91.6,98,Delayed,481,383,730483079.0,52740995.0,-12.2,7.78
P1172,Power Transmission Project 0172,Power Transmission,South,Bengaluru,Shakti Engineering,2024-06-30,2025-12-19,2026-03-11,1264209313.0,1330169775.0,88.8,70.8,646,865338940.0,298005445.0,166825391.0,8086.0,1,6,13,4,61.6,96.9,82,Delayed,619,537,1330169776.0,65960462.0,-18.0,5.22
P1173,Metro Project 0173,Metro,Central,Nagpur,Apex Contractors,2025-08-18,2026-03-21,2026-05-25,1238774115.0,1326518799.0,98.6,77.8,280,774882937.0,401923933.0,149711929.0,3159.0,0,5,15,3,77.2,100.0,65,Delayed,280,215,1326518799.0,87744684.0,-20.8,7.08
P1174,Power Transmission Project 0174,Power Transmission,West,Pune,Prime Projects,2025-01-08,2025-08-03,2025-10-29,955570860.0,958499923.0,93.6,74.2,447,595119500.0,227106135.0,136274288.0,3262.0,5,5,11,1,74.1,63.6,87,Delayed,294,207,958499923.0,2929063.0,-19.4,0.31
P1175,Building Project 0175,Building,South,Bengaluru,Apex Contractors,2024-09-04,2025-03-20,2025-04-30,528207516.0,533654772.0,92.6,81.5,198,310917522.0,102549956.0,120187294.0,1667.0,1,2,7,1,94.5,96.8,41,Delayed,238,197,533654772.0,5447256.0,-11.1,1.03
P1176,Bridge Project 0176,Bridge,North,Delhi,BuildTech,2025-07-31,2026-09-11,2026-11-16,588672855.0,680215468.0,93.9,81.2,216,366484257.0,161291670.0,152439540.0,5510.0,2,10,13,4,58.7,89.8,66,Delayed,473,407,680215467.0,91542613.0,-12.7,15.55
P1177,Highway Project 0177,Highway,North,Jaipur,UrbanWorks,2024-04-06,2024-12-01,2025-01-14,952145832.0,976378193.0,88.6,77.3,211,502754690.0,300828230.0,172795273.0,3209.0,3,2,8,2,100.0,79.4,44,Delayed,283,239,976378193.0,24232361.0,-11.3,2.55
P1178,Water Infrastructure Project 0178,Water Infrastructure,Central,Nagpur,Apex Contractors,2024-10-04,2026-06-06,2026-06-14,728439029.0,817370305.0,85.0,81.9,357,443673644.0,213863547.0,159833114.0,10708.0,2,2,4,2,98.7,85.8,8,On Track,618,610,817370305.0,88931276.0,-3.1,12.21
P1179,Metro Project 0179,Metro,West,Pune,UrbanWorks,2025-02-07,2026-09-01,2026-10-05,1420556806.0,1562943973.0,81.4,84.3,481,951298287.0,430580497.0,181065190.0,3705.0,0,2,15,3,91.2,98.0,34,Delayed,605,571,1562943974.0,142387167.0,2.9,10.02
P1180,Bridge Project 0180,Bridge,South,Bengaluru,Prime Projects,2023-01-05,2024-09-15,2024-12-11,715010076.0,821194105.0,92.2,75.0,284,400945951.0,181177501.0,239070653.0,11551.0,1,3,12,2,86.2,88.8,87,Delayed,706,619,821194105.0,106184029.0,-17.2,14.85
P1181,Highway Project 0181,Highway,South,Chennai,BuildTech,2023-08-06,2024-05-16,2024-07-07,931008711.0,1064663439.0,92.2,78.9,412,616942714.0,226727508.0,220993217.0,10775.0,1,3,9,1,83.8,94.9,52,Delayed,336,284,1064663439.0,133654728.0,-13.3,14.36
P1182,Power Transmission Project 0182,Power Transmission,Central,Indore,ABC Infra,2024-05-17,2025-03-14,2025-04-22,1786512401.0,1986247693.0,87.0,80.8,807,1063509630.0,566550255.0,356187808.0,4794.0,2,3,13,2,88.9,83.6,39,Delayed,340,301,1986247693.0,199735292.0,-6.2,11.18
P1183,Water Infrastructure Project 0183,Water Infrastructure,North,Delhi,Vertex Infra,2025-02-05,2026-09-16,2026-09-24,880073146.0,925364852.0,87.5,92.9,471,521638016.0,218562850.0,185163986.0,1120.0,0,3,8,3,80.5,100.0,8,Completed,596,588,925364852.0,45291706.0,5.4,5.15
P1184,Water Infrastructure Project 0184,Water Infrastructure,South,Chennai,MegaBuild,2024-02-02,2026-06-05,2026-08-17,786583238.0,814367733.0,86.8,77.8,310,520175777.0,158963028.0,135228928.0,11552.0,1,7,10,3,69.2,88.3,73,Delayed,927,854,814367733.0,27784495.0,-9.0,3.53
P1185,Metro Project 0185,Metro,South,Hyderabad,MegaBuild,2025-05-20,2025-09-23,2025-10-19,1468484663.0,1516750986.0,86.8,82.9,516,711747224.0,331931836.0,473071927.0,11016.0,2,5,14,2,89.1,89.4,26,On Track,152,126,1516750987.0,48266323.0,-3.9,3.29
P1186,Highway Project 0186,Highway,South,Hyderabad,Vertex Infra,2025-03-05,2026-05-28,2026-06-14,593598993.0,690846003.0,88.0,89.5,317,432484490.0,151218223.0,107143290.0,8002.0,2,6,14,1,85.1,83.9,17,On Track,466,449,690846003.0,97247010.0,1.5,16.38
P1187,Building Project 0187,Building,South,Bengaluru,Prime Projects,2024-01-28,2026-07-10,2026-09-03,584086458.0,581772915.0,91.3,82.3,252,336484864.0,147176054.0,98111997.0,11124.0,0,1,9,2,95.4,100.0,55,Delayed,949,894,581772915.0,-2313543.0,-9.0,-0.4
P1188,Building Project 0188,Building,South,Hyderabad,BuildTech,2023-07-26,2025-09-25,2025-12-09,548258103.0,585771300.0,94.2,75.2,174,295478388.0,160341621.0,129951291.0,7555.0,0,4,5,3,85.2,100.0,75,Delayed,867,792,585771300.0,37513197.0,-19.0,6.84
P1189,Highway Project 0189,Highway,North,Delhi,BuildTech,2023-01-15,2023-10-12,2023-11-22,1051192461.0,1195302244.0,89.9,80.7,275,711155159.0,290763052.0,193384032.0,2962.0,2,3,8,3,86.9,87.8,41,Delayed,311,270,1195302243.0,144109783.0,-9.2,13.71
P1190,Water Infrastructure Project 0190,Water Infrastructure,West,Pune,UrbanWorks,2025-05-07,2025-11-27,2026-02-23,773025386.0,824469678.0,95.1,76.2,384,449647592.0,169795119.0,205026967.0,7404.0,1,7,10,3,73.7,100.0,88,Delayed,292,204,824469678.0,51444292.0,-18.9,6.65
P1191,Power Transmission Project 0191,Power Transmission,West,Ahmedabad,ABC Infra,2024-07-07,2025-03-30,2025-07-11,1643570756.0,1908524721.0,99.5,69.5,558,1052620592.0,372354882.0,483549248.0,11317.0,2,4,13,4,87.0,82.1,103,Delayed,369,266,1908524722.0,264953965.0,-30.0,16.12
P1192,Water Infrastructure Project 0192,Water Infrastructure,West,Mumbai,Shakti Engineering,2025-06-10,2027-06-23,2027-08-23,813642772.0,877602059.0,91.6,79.3,356,509725300.0,206387938.0,161488821.0,5672.0,2,3,12,2,91.7,89.5,61,Delayed,804,743,877602059.0,63959287.0,-12.3,7.86
P1193,Water Infrastructure Project 0193,Water Infrastructure,North,Jaipur,Apex Contractors,2024-04-05,2025-08-18,2025-11-02,520103715.0,585275612.0,89.8,75.8,195,362835160.0,158994138.0,63446314.0,4753.0,2,7,20,3,72.3,87.8,76,Delayed,576,500,585275612.0,65171897.0,-14.0,12.53
P1194,Power Transmission Project 0194,Power Transmission,West,Pune,BuildTech,2024-11-21,2026-09-19,2026-09-09,1436553556.0,1465092726.0,80.7,100.0,410,910635595.0,337963604.0,216493527.0,3429.0,0,1,6,0,91.8,100.0,-10,Completed,657,667,1465092726.0,28539170.0,19.3,1.99
P1195,Metro Project 0195,Metro,West,Ahmedabad,Vertex Infra,2024-07-28,2025-09-05,2025-10-29,1609411711.0,1670441457.0,92.4,78.3,673,1086211759.0,374539592.0,209690106.0,4916.0,1,4,7,2,89.4,89.2,54,Delayed,458,404,1670441457.0,61029746.0,-14.1,3.79
P1196,Building Project 0196,Building,Central,Nagpur,Shakti Engineering,2025-05-13,2027-08-10,2027-10-07,401047463.0,444100980.0,90.2,78.8,96,279017740.0,85447751.0,79635490.0,8386.0,2,3,10,2,88.7,84.9,58,Delayed,877,819,444100981.0,43053517.0,-11.4,10.74
P1197,Power Transmission Project 0197,Power Transmission,North,Delhi,MegaBuild,2025-01-12,2025-08-01,2025-10-18,1453893971.0,1622847880.0,90.4,74.1,518,764843686.0,394269630.0,463734564.0,1966.0,1,5,11,3,72.9,90.8,78,Delayed,279,201,1622847880.0,168953909.0,-16.3,11.62
P1198,Highway Project 0198,Highway,South,Chennai,Shakti Engineering,2023-08-29,2025-05-23,2025-05-13,532769792.0,586806772.0,89.1,93.8,213,321208838.0,158238701.0,107359233.0,7689.0,3,2,11,1,100.0,78.3,-10,Completed,623,633,586806772.0,54036980.0,4.7,10.14
P1199,Water Infrastructure Project 0199,Water Infrastructure,West,Ahmedabad,ABC Infra,2024-07-17,2026-10-23,2026-12-10,550055465.0,609935078.0,88.3,73.2,200,381106149.0,127919273.0,100909657.0,3700.0,2,4,4,1,80.8,85.3,48,Delayed,876,828,609935079.0,59879613.0,-15.1,10.89
P1200,Building Project 0200,Building,North,Delhi,Vertex Infra,2023-04-06,2025-01-07,2025-02-09,593006178.0,629914940.0,86.0,84.6,276,381678804.0,157887498.0,90348638.0,2500.0,3,4,9,1,85.0,77.7,33,Delayed,675,642,629914940.0,36908762.0,-1.4,6.22
P1201,Building Project 0201,Building,Central,Indore,Unknown,2025-06-18,2027-10-31,2028-01-29,853264940.0,949246837.0,93.2,75.3,420,538023565.0,231410888.0,179812384.0,9384.0,0,4,7,4,87.9,96.2,90,Delayed,955,865,949246837.0,95981897.0,-17.9,11.25
P1202,Water Infrastructure Project 0202,Water Infrastructure,South,Chennai,Shakti Engineering,2025-01-03,2026-05-23,2026-05-13,766078511.0,859789848.0,79.2,89.2,363,512696744.0,226678262.0,120414841.0,1283.0,1,6,10,2,78.8,97.6,-10,On Track,495,505,859789847.0,93711337.0,10.0,12.23
P1203,Power Transmission Project 0203,Power Transmission,South,Hyderabad,Apex Contractors,2024-04-29,2026-08-03,2026-10-06,972954510.0,1087150300.0,91.8,79.5,226,577863397.0,326416960.0,182869943.0,6923.0,1,8,17,2,62.8,95.3,64,Delayed,890,826,1087150300.0,114195790.0,-12.3,11.74
P1204,Power Transmission Project 0204,Power Transmission,South,Hyderabad,Prime Projects,2024-02-11,2025-09-23,2025-10-27,1587068687.0,1698525083.0,83.9,82.7,450,955684200.0,371748899.0,371091984.0,9074.0,0,5,11,3,80.7,100.0,34,Delayed,624,590,1698525083.0,111456396.0,-1.2,7.02
P1205,Highway Project 0205,Highway,South,Chennai,BuildTech,2023-08-19,2024-04-13,2024-05-08,829643015.0,876602737.0,95.1,91.9,329,511609696.0,263740275.0,101252766.0,6351.0,0,0,8,0,93.4,97.6,25,Completed,263,238,876602737.0,46959722.0,-3.2,5.66
P1206,Power Transmission Project 0206,Power Transmission,Central,Nagpur,Vertex Infra,2025-01-18,2026-06-17,2026-08-10,1145054896.0,1167484644.0,88.7,81.1,605,687329372.0,323265661.0,156889612.0,4415.0,2,4,15,3,88.3,84.2,54,Delayed,569,515,1167484645.0,22429748.0,-7.6,1.96
P1207,Metro Project 0207,Metro,Central,Nagpur,Prime Projects,2024-10-16,2026-07-29,2026-10-12,2429496683.0,2646554921.0,92.2,74.6,1203,1574218929.0,510689972.0,561646019.0,2940.0,1,4,6,2,86.5,90.1,75,Delayed,726,651,2646554920.0,217058238.0,-17.6,8.93
P1208,Bridge Project 0208,Bridge,Central,Nagpur,Shakti Engineering,2023-06-20,2024-07-04,2024-08-18,984159189.0,1021912226.0,90.8,80.9,490,634574003.0,276392570.0,110945653.0,10465.0,3,4,13,1,79.7,89.2,45,Delayed,425,380,1021912226.0,37753037.0,-9.9,3.84
P1209,Bridge Project 0209,Bridge,West,Ahmedabad,BuildTech,2024-06-24,2025-07-04,2025-10-29,1227078990.0,1354112259.0,94.8,66.5,392,727540210.0,345420762.0,281151287.0,6671.0,1,7,11,3,74.5,94.7,117,Delayed,492,375,1354112259.0,127033269.0,-28.3,10.35
P1210,Bridge Project 0210,Bridge,North,Jaipur,UrbanWorks,2023-02-05,2025-06-07,2025-08-31,598257845.0,648409955.0,97.4,72.7,216,387462300.0,189366128.0,71581526.0,3717.0,4,5,7,2,80.1,81.5,85,Delayed,938,853,648409954.0,50152110.0,-24.7,8.38
P1211,Bridge Project 0211,Bridge,West,Ahmedabad,Prime Projects,2024-06-08,2025-05-19,2025-06-17,958912279.0,1038617480.0,94.6,90.9,359,604051742.0,233624893.0,200940845.0,6887.0,1,5,9,2,83.5,85.2,29,Completed,374,345,1038617480.0,79705201.0,-3.7,8.31
P1212,Power Transmission Project 0212,Power Transmission,South,Bengaluru,Prime Projects,2023-06-09,2023-11-28,2023-12-23,1342715109.0,1358530921.0,92.5,83.5,365,785449945.0,338771651.0,234309326.0,10907.0,1,6,8,1,78.0,92.5,25,On Track,197,172,1358530922.0,15815812.0,-9.0,1.18
P1213,Water Infrastructure Project 0213,Water Infrastructure,West,Mumbai,Shakti Engineering,2025-04-18,2026-12-28,2027-01-28,856134565.0,946277808.0,88.9,81.4,197,541231363.0,294209937.0,110836509.0,9380.0,3,2,17,1,92.8,82.3,31,Delayed,650,619,946277809.0,90143243.0,-7.5,10.53
P1214,Building Project 0214,Building,South,Chennai,MegaBuild,2024-11-29,2026-08-16,2026-09-11,469298931.0,519894003.0,91.9,86.9,249,332990515.0,114925592.0,71977896.0,2183.0,0,7,8,1,76.7,100.0,26,On Track,651,625,519894003.0,50595072.0,-5.0,10.78
P1215,Highway Project 0215,Highway,West,Pune,Shakti Engineering,2023-08-31,2024-12-26,2025-03-02,1308129081.0,1352434542.0,94.1,76.0,391,740160543.0,323625666.0,288648332.0,5121.0,1,3,10,2,91.9,93.1,66,Delayed,549,483,1352434541.0,44305461.0,-18.1,3.39
P1216,Power Transmission Project 0216,Power Transmission,West,Mumbai,Prime Projects,2023-03-27,2024-04-29,2024-06-30,1292605026.0,1329953795.0,88.5,75.9,386,682636999.0,380964001.0,266352795.0,4122.0,3,5,8,1,82.6,71.1,62,Delayed,461,399,1329953795.0,37348769.0,-12.6,2.89
P1217,Power Transmission Project 0217,Power Transmission,Central,Indore,BuildTech,2025-03-06,2027-02-16,2027-04-25,937345702.0,980710371.0,90.3,70.9,232,579647569.0,262046897.0,139015905.0,8638.0,0,2,9,4,84.5,100.0,68,Delayed,780,712,980710371.0,43364669.0,-19.4,4.63
P1218,Power Transmission Project 0218,Power Transmission,West,Ahmedabad,Apex Contractors,2024-07-31,2026-11-11,2026-12-25,1179066246.0,1343150854.0,87.0,78.6,620,666782647.0,384178408.0,292189799.0,2016.0,4,4,10,3,83.7,71.3,44,Delayed,877,833,1343150854.0,164084608.0,-8.4,13.92
P1219,Highway Project 0219,Highway,West,Ahmedabad,MegaBuild,2024-11-12,2025-08-16,2025-10-19,871296544.0,921155792.0,93.5,80.5,358,498730930.0,234736119.0,187688743.0,5923.0,0,6,13,0,80.5,100.0,64,Delayed,341,277,921155792.0,49859248.0,-13.0,5.72
P1220,Highway Project 0220,Highway,North,Delhi,Shakti Engineering,2024-07-10,2026-07-31,2026-09-23,1127882506.0,1242582904.0,92.0,78.4,496,657533762.0,290813662.0,294235480.0,2777.0,3,6,8,3,71.8,70.6,54,Delayed,805,751,1242582904.0,114700398.0,-13.6,10.17
P1221,Metro Project 0221,Metro,West,Mumbai,Apex Contractors,2024-07-27,2025-01-21,2025-01-30,2750221209.0,2845579227.0,84.9,89.4,1432,1577804808.0,696626179.0,571148240.0,9955.0,0,0,9,1,95.5,93.7,9,On Track,187,178,2845579227.0,95358018.0,4.5,3.47
P1222,Highway Project 0222,Highway,North,Delhi,Vertex Infra,2025-08-10,2027-12-04,2028-01-23,1117423709.0,1159930907.0,91.4,79.9,373,643645406.0,277427593.0,238857909.0,10737.0,2,0,8,2,100.0,93.8,50,Delayed,896,846,1159930908.0,42507198.0,-11.5,3.8
P1223,Bridge Project 0223,Bridge,West,Pune,Shakti Engineering,2024-10-07,2025-06-11,2025-08-22,933670995.0,1001249057.0,89.2,72.6,396,521962642.0,219811099.0,259475315.0,9802.0,1,2,12,1,83.9,89.6,72,Delayed,319,247,1001249056.0,67578062.0,-16.6,7.24
P1224,Power Transmission Project 0224,Power Transmission,North,Delhi,Prime Projects,2025-03-06,2027-07-09,2027-09-17,1232684895.0,1430028327.0,90.5,73.6,286,866610676.0,357561296.0,205856355.0,668.0,1,4,10,4,82.1,91.2,70,Delayed,925,855,1430028327.0,197343432.0,-16.9,16.01
P1225,Bridge Project 0225,Bridge,West,Mumbai,Apex Contractors,2023-01-28,2025-05-17,2025-06-15,454711543.0,462712062.0,87.2,79.5,128,258729983.0,91393182.0,112588897.0,9755.0,1,3,13,0,85.9,96.1,29,On Track,869,840,462712062.0,8000519.0,-7.7,1.76
P1226,Highway Project 0226,Highway,South,Chennai,Prime Projects,2024-09-11,2025-05-03,2025-07-03,765837192.0,844293366.0,95.3,81.6,378,483742031.0,170496096.0,190055239.0,3149.0,1,4,10,2,82.2,97.0,61,Delayed,295,234,844293366.0,78456174.0,-13.7,10.24
P1227,Metro Project 0227,Metro,Central,Indore,UrbanWorks,2024-07-09,2025-06-02,2025-07-15,1964163424.0,2076929574.0,87.4,80.3,929,1317163918.0,413698439.0,346067217.0,3047.0,1,3,7,1,86.3,100.0,43,Delayed,371,328,2076929574.0,112766150.0,-7.1,5.74
P1228,Highway Project 0228,Highway,West,Ahmedabad,Apex Contractors,2023-12-06,2025-09-11,2025-12-18,846695872.0,908830788.0,98.5,75.5,284,519102784.0,243303066.0,146424938.0,7862.0,0,8,8,1,68.6,97.4,98,Delayed,743,645,908830788.0,62134916.0,-23.0,7.34
P1229,Highway Project 0229,Highway,West,Pune,Apex Contractors,2025-03-08,2026-12-08,2027-01-24,712442960.0,819300376.0,90.6,82.5,245,498646488.0,196902985.0,123750903.0,7439.0,4,6,8,1,72.8,77.4,47,Delayed,687,640,819300376.0,106857416.0,-8.1,15.0
P1230,Metro Project 0230,Metro,West,Ahmedabad,Shakti Engineering,2025-08-15,2027-06-17,2027-07-05,1988183027.0,2165099805.0,88.8,85.4,787,1180899835.0,548377254.0,435822716.0,11057.0,1,3,8,0,89.7,91.8,18,On Track,689,671,2165099805.0,176916778.0,-3.4,8.9
P1231,Metro Project 0231,Metro,South,Bengaluru,Prime Projects,2023-11-27,2024-11-17,2024-12-14,1629163391.0,1731835303.0,91.8,86.3,358,1010869846.0,405175499.0,315789959.0,10310.0,0,0,9,3,92.1,100.0,27,On Track,383,356,1731835304.0,102671912.0,-5.5,6.3
P1232,Power Transmission Project 0232,Power Transmission,Central,Indore,Vertex Infra,2024-10-01,2025-11-05,2025-12-11,917310248.0,1004117778.0,91.2,87.5,274,614552702.0,223900303.0,165664772.0,7004.0,1,2,10,1,100.0,97.8,36,Delayed,436,400,1004117777.0,86807530.0,-3.7,9.46
P1233,Power Transmission Project 0233,Power Transmission,North,Jaipur,ABC Infra,2024-05-20,2025-09-10,2025-11-29,1166422355.0,1172324233.0,97.9,76.8,336,612971370.0,269915759.0,289437104.0,2187.0,1,3,11,2,92.5,92.8,80,Delayed,558,478,1172324233.0,5901878.0,-21.1,0.51
P1234,Bridge Project 0234,Bridge,North,Delhi,MegaBuild,2023-12-14,2024-10-29,2024-11-27,522459513.0,518822472.0,91.9,83.3,158,314035138.0,112151265.0,92636070.0,359.0,1,6,3,2,74.2,88.0,29,On Track,349,320,518822473.0,-3637041.0,-8.6,-0.7
P1235,Bridge Project 0235,Bridge,South,Hyderabad,ABC Infra,2024-04-17,2026-09-11,2026-09-26,1177890230.0,1222485541.0,82.6,80.9,572,684391546.0,318590038.0,219503958.0,844.0,0,3,10,2,88.4,100.0,15,On Track,892,877,1222485542.0,44595311.0,-1.7,3.79
P1236,Power Transmission Project 0236,Power Transmission,West,Mumbai,MegaBuild,2023-08-19,2024-09-19,2024-10-13,1654919538.0,1693076299.0,87.5,81.7,516,929746249.0,342238281.0,421091769.0,3364.0,1,4,6,1,86.5,93.2,24,On Track,421,397,1693076299.0,38156761.0,-5.8,2.31
P1237,Metro Project 0237,Metro,West,Ahmedabad,Vertex Infra,2023-07-09,2024-06-27,2024-08-27,2391088760.0,2593652471.0,93.2,79.5,677,1527549339.0,634072817.0,432030315.0,6746.0,2,9,8,1,63.1,85.6,61,Delayed,415,354,2593652471.0,202563711.0,-13.7,8.47
P1238,Highway Project 0238,Highway,North,Delhi,Apex Contractors,2023-08-13,2025-04-17,2025-06-04,633493450.0,735381654.0,89.3,82.7,244,392292918.0,181420286.0,161668450.0,6103.0,0,7,9,3,78.1,79.3,48,Delayed,661,613,735381654.0,101888204.0,-6.6,16.08
P1239,Power Transmission Project 0239,Power Transmission,West,Pune,Apex Contractors,2024-01-20,2024-05-22,2024-06-09,1543811478.0,1643585609.0,88.0,83.9,780,973986276.0,364920745.0,304678588.0,1530.0,1,3,10,2,93.2,91.8,18,On Track,141,123,1643585609.0,99774131.0,-4.1,6.46
P1240,Highway Project 0240,Highway,West,Ahmedabad,Shakti Engineering,2024-01-12,2026-03-07,2026-04-28,1366815408.0,1535593866.0,87.3,77.6,409,882171631.0,312868283.0,340553952.0,7842.0,0,2,13,4,92.6,99.9,52,Delayed,837,785,1535593866.0,168778458.0,-9.7,12.35
P1241,Building Project 0241,Building,North,Jaipur,UrbanWorks,2023-10-10,2025-04-23,2025-06-08,906451702.0,1015398099.0,86.3,78.2,222,538789028.0,281931701.0,194677370.0,858.0,1,2,15,3,90.1,100.0,46,Delayed,607,561,1015398099.0,108946397.0,-8.1,12.02
P1242,Building Project 0242,Building,Central,Indore,Prime Projects,2025-08-15,2026-01-10,2025-12-31,438985609.0,427249858.0,91.0,96.9,148,253060977.0,108997127.0,65191754.0,10004.0,1,2,6,0,95.6,87.8,-10,Completed,138,148,427249858.0,-11735751.0,5.9,-2.67
P1243,Metro Project 0243,Metro,Central,Indore,Prime Projects,2024-09-24,2025-05-10,2025-06-14,2264937755.0,2480722695.0,87.3,78.6,1057,1526646770.0,682218864.0,271857061.0,6363.0,1,4,10,1,93.0,91.4,35,Delayed,263,228,2480722695.0,215784940.0,-8.7,9.53
P1244,Metro Project 0244,Metro,West,Ahmedabad,Prime Projects,2024-09-19,2026-09-18,2026-12-31,2641963096.0,3035543741.0,95.4,79.3,1061,1576196237.0,649648773.0,809698731.0,9161.0,1,6,15,3,74.9,93.9,104,Delayed,833,729,3035543741.0,393580645.0,-16.1,14.9
P1245,Water Infrastructure Project 0245,Water Infrastructure,West,Pune,Shakti Engineering,2025-08-30,2027-12-24,2028-01-28,651798808.0,727574116.0,86.7,80.4,319,445037325.0,201616956.0,80919835.0,8749.0,0,3,10,2,85.6,100.0,35,Delayed,881,846,727574116.0,75775308.0,-6.3,11.63
P1246,Highway Project 0246,Highway,Central,Indore,MegaBuild,2025-01-14,2025-07-27,2025-08-11,1197995707.0,1256323925.0,84.8,82.0,642,687850462.0,289197161.0,279276302.0,1370.0,0,3,6,1,93.5,100.0,15,On Track,209,194,1256323925.0,58328218.0,-2.8,4.87
P1247,Metro Project 0247,Metro,Central,Indore,Apex Contractors,2023-09-16,2024-06-07,2024-08-19,1897559689.0,2115540896.0,89.9,74.1,913,1271435490.0,417968497.0,426136908.0,1350.0,0,5,13,5,82.0,96.5,73,Delayed,338,265,2115540895.0,217981207.0,-15.8,11.49
P1248,Water Infrastructure Project 0248,Water Infrastructure,North,Jaipur,Vertex Infra,2023-12-25,2024-08-28,2024-10-25,622367929.0,675325460.0,81.9,71.3,260,338595416.0,145099771.0,191630273.0,4338.0,2,5,10,1,75.5,91.3,58,Delayed,305,247,675325460.0,52957531.0,-10.6,8.51
P1249,Building Project 0249,Building,West,Mumbai,Prime Projects,2024-12-10,2025-05-20,2025-06-17,382079454.0,417922222.0,80.4,74.6,146,192967723.0,88020506.0,136933993.0,5446.0,0,5,8,4,85.8,100.0,28,On Track,189,161,417922222.0,35842768.0,-5.8,9.38
P1250,Highway Project 0250,Highway,West,Pune,ABC Infra,2024-03-31,2025-07-19,2025-09-02,1190216358.0,1267949624.0,92.5,80.3,277,635388683.0,345513032.0,287047909.0,4322.0,2,7,5,3,72.2,86.3,45,Delayed,520,475,1267949624.0,77733266.0,-12.2,6.53
P1251,Power Transmission Project 0251,Power Transmission,West,Pune,Prime Projects,2024-02-15,2024-07-24,2024-09-09,703551128.0,744931520.0,90.2,82.0,383,473154202.0,164298495.0,107478823.0,8636.0,2,3,8,3,91.3,92.4,47,Delayed,207,160,744931520.0,41380392.0,-8.2,5.88
P1252,Bridge Project 0252,Bridge,South,Chennai,Apex Contractors,2024-10-10,2025-03-12,2025-04-09,771387040.0,856671529.0,81.7,80.2,267,472283620.0,215292879.0,169095030.0,2934.0,3,2,12,2,81.1,82.9,28,On Track,181,153,856671529.0,85284489.0,-1.5,11.06
P1253,Power Transmission Project 0253,Power Transmission,South,Chennai,Shakti Engineering,2023-11-14,2024-03-29,2024-05-18,959112668.0,1039465574.0,90.4,82.0,259,595308186.0,226137266.0,218020122.0,11061.0,1,1,12,4,100.0,94.1,50,Delayed,186,136,1039465574.0,80352906.0,-8.4,8.38
P1254,Power Transmission Project 0254,Power Transmission,Central,Indore,Vertex Infra,2024-11-07,2027-01-12,2027-05-01,1264967820.0,1448631845.0,88.8,70.8,556,928314351.0,345591103.0,174726390.0,7588.0,4,6,8,5,85.1,81.8,109,Delayed,905,796,1448631844.0,183664025.0,-18.0,14.52
P1255,Building Project 0255,Building,South,Hyderabad,UrbanWorks,2023-08-13,2024-05-11,2024-05-01,452892680.0,493857805.0,83.9,92.7,142,235300877.0,142340328.0,116216600.0,9292.0,0,4,5,0,81.0,100.0,-10,Completed,262,272,493857805.0,40965125.0,8.8,9.05
P1256,Building Project 0256,Building,South,Chennai,Vertex Infra,2025-03-29,2026-08-08,2026-10-18,852025032.0,915257944.0,92.9,74.7,352,497640301.0,227205742.0,190411901.0,1785.0,1,4,13,1,85.6,98.3,71,Delayed,568,497,915257944.0,63232912.0,-18.2,7.42
P1257,Power Transmission Project 0257,Power Transmission,Central,Indore,ABC Infra,2023-08-22,2025-07-29,2025-10-11,1566963960.0,1623491354.0,96.1,79.1,648,974483157.0,428682428.0,220325770.0,10921.0,1,6,15,1,81.2,88.3,74,Delayed,781,707,1623491355.0,56527394.0,-17.0,3.61
P1258,Highway Project 0258,Highway,Central,Nagpur,Prime Projects,2024-11-14,2026-11-02,2027-01-29,693205400.0,811702012.0,97.7,75.0,254,430028350.0,167600735.0,214072926.0,3123.0,2,1,8,3,98.5,88.2,88,Delayed,806,718,811702011.0,118496612.0,-22.7,17.09
P1259,Water Infrastructure Project 0259,Water Infrastructure,South,Bengaluru,Prime Projects,2024-10-25,2026-11-12,2026-11-23,365609418.0,382375544.0,91.3,91.6,181,188650501.0,81270608.0,112454435.0,972.0,0,4,5,1,76.4,97.0,11,Completed,759,748,382375544.0,16766126.0,0.3,4.59
P1260,Highway Project 0260,Highway,South,Bengaluru,BuildTech,2025-09-01,2026-12-06,2027-01-16,674563680.0,733145946.0,90.1,83.9,207,419020440.0,168933332.0,145192174.0,11981.0,3,3,11,3,88.0,77.5,41,Delayed,502,461,733145946.0,58582266.0,-6.2,8.68
P1261,Metro Project 0261,Metro,West,Pune,MegaBuild,2025-04-06,2025-08-30,2025-10-25,2726712573.0,2921956759.0,97.1,79.2,1003,1564059051.0,828133724.0,529763985.0,4722.0,0,4,8,1,76.7,100.0,56,Delayed,202,146,2921956760.0,195244186.0,-17.9,7.16
P1262,Metro Project 0262,Metro,South,Hyderabad,ABC Infra,2024-01-09,2025-02-18,2025-04-22,2035814738.0,2215701856.0,91.0,81.7,809,1081722268.0,496259076.0,637720512.0,1714.0,1,4,14,3,90.2,91.6,63,Delayed,469,406,2215701856.0,179887118.0,-9.3,8.84
P1263,Power Transmission Project 0263,Power Transmission,North,Jaipur,BuildTech,2024-11-02,2026-12-07,2027-01-22,1170385805.0,1280085647.0,88.6,84.4,513,668747231.0,347123768.0,264214648.0,11860.0,2,4,8,3,78.6,79.2,46,Delayed,811,765,1280085647.0,109699842.0,-4.2,9.37
P1264,Power Transmission Project 0264,Power Transmission,West,Mumbai,Vertex Infra,2024-08-30,2026-12-28,2027-02-12,734121301.0,769983799.0,87.4,76.7,351,404024547.0,228487239.0,137472012.0,6415.0,1,2,11,2,96.8,92.8,46,Delayed,896,850,769983798.0,35862498.0,-10.7,4.89
P1265,Highway Project 0265,Highway,South,Chennai,UrbanWorks,2024-04-16,2025-01-28,2025-03-06,1201286027.0,1333017724.0,92.2,85.4,420,739703139.0,388416853.0,204897732.0,4194.0,2,2,15,1,85.9,87.4,37,Delayed,324,287,1333017724.0,131731697.0,-6.8,10.97
P1266,Highway Project 0266,Highway,Central,Nagpur,MegaBuild,2023-08-21,2025-08-19,2025-10-05,1429559574.0,1601126870.0,83.5,80.0,619,846321302.0,506827657.0,247977911.0,4146.0,1,7,15,0,66.3,91.5,47,Delayed,776,729,1601126870.0,171567296.0,-3.5,12.0
P1267,Water Infrastructure Project 0267,Water Infrastructure,Central,Indore,ABC Infra,2024-11-22,2025-12-14,2026-01-25,803552451.0,925599729.0,94.6,84.4,216,496329895.0,255840862.0,173428972.0,10520.0,1,7,6,1,77.0,91.1,42,Delayed,429,387,925599729.0,122047278.0,-10.2,15.19
P1268,Bridge Project 0268,Bridge,South,Hyderabad,Prime Projects,2023-04-23,2025-09-07,2025-10-21,928995135.0,1069351518.0,84.4,76.9,490,646298611.0,212400059.0,210652848.0,9686.0,2,2,17,1,89.9,87.5,44,Delayed,912,868,1069351518.0,140356383.0,-7.5,15.11
P1269,Highway Project 0269,Highway,West,Pune,Vertex Infra,2025-04-09,2026-11-04,2027-01-07,601166259.0,619500369.0,86.6,76.7,208,375395396.0,175756220.0,68348753.0,2324.0,0,5,9,5,79.0,100.0,64,Delayed,638,574,619500369.0,18334110.0,-9.9,3.05
P1270,Water Infrastructure Project 0270,Water Infrastructure,South,Chennai,ABC Infra,2024-05-11,2026-07-24,2026-10-05,370500201.0,406867513.0,91.2,78.2,170,243252361.0,114928058.0,48687094.0,1657.0,1,3,8,2,83.3,96.6,73,Delayed,877,804,406867513.0,36367312.0,-13.0,9.82
P1271,Building Project 0271,Building,South,Hyderabad,Prime Projects,2024-03-17,2025-08-19,2025-11-03,392755926.0,406151806.0,97.0,85.0,89,244875175.0,104054732.0,57221899.0,7776.0,2,4,17,1,89.7,91.2,76,Delayed,596,520,406151806.0,13395880.0,-12.0,3.41
P1272,Power Transmission Project 0272,Power Transmission,South,Chennai,Apex Contractors,2024-07-17,2026-03-04,2026-04-17,916549852.0,1019611758.0,88.9,83.0,263,606080830.0,211412602.0,202118326.0,8348.0,0,1,12,2,98.0,100.0,44,Delayed,639,595,1019611758.0,103061906.0,-5.9,11.24
P1273,Metro Project 0273,Metro,West,Mumbai,Unknown,2023-09-25,2025-12-24,2026-03-14,1258609705.0,1388612210.0,85.8,80.0,479,772795280.0,331059609.0,284757321.0,11302.0,0,3,10,4,87.8,95.3,80,Delayed,901,821,1388612210.0,130002505.0,-5.8,10.33
P1274,Bridge Project 0274,Bridge,West,Mumbai,Apex Contractors,2024-05-24,2026-06-16,2026-08-19,627039633.0,673928298.0,94.3,82.5,319,437404510.0,145971614.0,90552174.0,868.0,1,5,7,4,72.5,91.0,64,Delayed,817,753,673928298.0,46888665.0,-11.8,7.48
P1275,Building Project 0275,Building,North,Jaipur,Apex Contractors,2025-03-17,2027-01-23,2027-01-13,632816510.0,636001663.0,88.2,90.2,249,391393304.0,149592809.0,95015549.0,6790.0,1,2,12,0,91.7,95.0,-10,Completed,667,677,636001662.0,3185153.0,2.0,0.5
P1276,Power Transmission Project 0276,Power Transmission,South,Bengaluru,Prime Projects,2024-01-21,2025-12-16,2026-01-04,1746009169.0,1859659837.0,83.3,79.2,919,1124679297.0,520332937.0,214647603.0,7769.0,6,4,8,0,88.9,57.0,19,On Track,714,695,1859659837.0,113650668.0,-4.1,6.51
P1277,Building Project 0277,Building,North,Delhi,UrbanWorks,2024-01-22,2024-09-27,2024-11-05,793918883.0,827257653.0,92.4,84.6,301,465898881.0,222854574.0,138504197.0,2245.0,0,5,6,2,78.4,100.0,39,Delayed,288,249,827257652.0,33338770.0,-7.8,4.2
P1278,Building Project 0278,Building,North,Delhi,Vertex Infra,2023-04-23,2024-08-17,2024-10-26,954506257.0,1067786406.0,89.1,77.5,364,634177766.0,293068475.0,140540165.0,8838.0,0,2,12,2,97.1,97.9,70,Delayed,552,482,1067786406.0,113280149.0,-11.6,11.87
P1279,Metro Project 0279,Metro,South,Chennai,Shakti Engineering,2024-09-04,2026-12-07,2027-02-04,2396495971.0,2618494915.0,89.0,75.9,621,1253238182.0,634298208.0,730958525.0,707.0,2,5,8,2,88.4,83.7,59,Delayed,883,824,2618494915.0,221998944.0,-13.1,9.26
P1280,Power Transmission Project 0280,Power Transmission,North,Jaipur,Prime Projects,2024-09-16,2026-12-07,2027-01-24,741128788.0,764298914.0,92.9,85.5,359,489253020.0,189382953.0,85662941.0,4528.0,3,4,9,0,84.8,73.8,48,Delayed,860,812,764298914.0,23170126.0,-7.4,3.13
P1281,Bridge Project 0281,Bridge,North,Delhi,UrbanWorks,2025-08-09,2026-09-24,2026-11-22,1019634335.0,1120128020.0,93.3,82.5,307,652666679.0,338885626.0,128575714.0,9105.0,2,3,9,2,86.6,86.6,59,Delayed,470,411,1120128019.0,100493685.0,-10.8,9.86
P1282,Highway Project 0282,Highway,West,Pune,Shakti Engineering,2023-03-22,2024-07-24,2024-09-01,809978331.0,883961590.0,87.0,80.7,418,499365325.0,232614747.0,151981518.0,7431.0,1,4,4,2,83.0,100.0,39,Delayed,529,490,883961590.0,73983259.0,-6.3,9.13
P1283,Water Infrastructure Project 0283,Water Infrastructure,North,Delhi,Vertex Infra,2024-11-29,2025-04-26,2025-07-12,689160247.0,743396428.0,90.5,75.6,358,382485648.0,200660621.0,160250158.0,8597.0,0,5,18,2,79.7,100.0,77,Delayed,225,148,743396427.0,54236181.0,-14.9,7.87
P1284,Metro Project 0284,Metro,West,Ahmedabad,Apex Contractors,2023-04-23,2024-01-16,2024-03-17,1665104708.0,1900823643.0,83.8,71.8,884,918369122.0,516356980.0,466097541.0,2518.0,3,5,15,1,71.1,78.9,61,Delayed,329,268,1900823643.0,235718935.0,-12.0,14.16
P1285,Highway Project 0285,Highway,Central,Indore,MegaBuild,2023-01-02,2025-06-18,2025-08-06,1565067515.0,1720683029.0,89.0,82.5,612,811161455.0,441720885.0,467800689.0,8011.0,1,6,7,1,68.2,94.1,49,Delayed,947,898,1720683029.0,155615514.0,-6.5,9.94
P1286,Power Transmission Project 0286,Power Transmission,North,Jaipur,MegaBuild,2024-10-03,2025-11-22,2025-12-07,923897290.0,999511261.0,86.5,85.6,409,534962725.0,302576077.0,161972458.0,4657.0,0,0,4,3,100.0,97.1,15,On Track,430,415,999511260.0,75613971.0,-0.9,8.18
P1287,Bridge Project 0287,Bridge,West,Pune,Vertex Infra,2023-08-08,2023-12-16,2023-12-14,642782638.0,636482691.0,89.2,93.1,306,361391251.0,146688994.0,128402447.0,793.0,1,3,8,1,83.3,88.9,-2,Completed,128,130,636482692.0,-6299947.0,3.9,-0.98
P1288,Water Infrastructure Project 0288,Water Infrastructure,South,Hyderabad,Vertex Infra,2024-07-19,2026-04-11,2026-05-22,865556715.0,930348161.0,88.4,85.3,227,461149381.0,226406218.0,242792563.0,4168.0,0,4,14,3,72.7,99.9,41,Delayed,672,631,930348162.0,64791446.0,-3.1,7.49
P1289,Metro Project 0289,Metro,West,Pune,ABC Infra,2025-05-04,2027-07-08,2027-08-28,1038795921.0,1140510294.0,89.3,78.7,434,732690290.0,264767670.0,143052334.0,4685.0,1,2,9,2,83.2,98.0,51,Delayed,846,795,1140510294.0,101714373.0,-10.6,9.79
P1290,Power Transmission Project 0290,Power Transmission,South,Bengaluru,UrbanWorks,2025-09-23,2026-05-13,2026-06-09,1447993675.0,1633253829.0,83.3,82.4,334,908601771.0,461114791.0,263537267.0,11826.0,3,6,7,3,71.0,76.8,27,On Track,259,232,1633253829.0,185260154.0,-0.9,12.79
P1291,Highway Project 0291,Highway,South,Hyderabad,Apex Contractors,2025-01-05,2025-11-07,2025-11-23,1280466078.0,1369409653.0,84.7,91.9,491,751330539.0,410048412.0,208030701.0,10360.0,1,3,10,1,88.7,91.9,16,Completed,322,306,1369409652.0,88943575.0,7.2,6.95
P1292,Metro Project 0292,Metro,Central,Nagpur,UrbanWorks,2023-08-13,2025-12-23,2026-02-23,2646029583.0,2936380333.0,89.1,76.9,717,1699420263.0,693718887.0,543241183.0,5733.0,2,5,10,1,86.5,83.5,62,Delayed,925,863,2936380333.0,290350750.0,-12.2,10.97
P1293,Power Transmission Project 0293,Power Transmission,Central,Indore,Vertex Infra,2024-01-20,2024-12-31,2025-02-13,1784071566.0,1948997764.0,96.0,84.8,500,960874157.0,411308669.0,576814938.0,6528.0,2,1,9,2,100.0,88.9,44,Delayed,390,346,1948997764.0,164926198.0,-11.2,9.24
P1294,Power Transmission Project 0294,Power Transmission,Central,Indore,BuildTech,2024-02-07,2025-04-11,2025-05-15,1785478322.0,1953222450.0,92.9,88.3,607,1240609824.0,489510297.0,223102329.0,1738.0,1,2,10,1,89.4,81.1,34,Delayed,463,429,1953222450.0,167744128.0,-4.6,9.39
P1295,Building Project 0295,Building,Central,Indore,BuildTech,2024-09-29,2025-05-04,2025-05-07,404172882.0,434163367.0,91.7,92.4,146,242176140.0,131690018.0,60297209.0,1652.0,0,3,9,1,86.5,100.0,3,Completed,220,217,434163367.0,29990485.0,0.7,7.42
P1296,Metro Project 0296,Metro,Central,Indore,Shakti Engineering,2023-05-10,2023-10-31,2023-11-07,2617241859.0,2923737402.0,87.6,88.8,1114,1449728449.0,615298655.0,858710297.0,8536.0,1,3,8,3,87.7,92.6,7,On Track,181,174,2923737401.0,306495543.0,1.2,11.71
P1297,Power Transmission Project 0297,Power Transmission,South,Chennai,Shakti Engineering,2023-02-22,2025-03-05,2025-04-14,1387035020.0,1545565318.0,86.2,82.4,339,798611736.0,385445144.0,361508438.0,5210.0,2,3,12,2,83.4,83.1,40,Delayed,782,742,1545565318.0,158530298.0,-3.8,11.43
P1298,Building Project 0298,Building,Central,Indore,BuildTech,2024-11-14,2027-01-06,2027-02-22,820349626.0,886263761.0,92.5,81.4,316,484120593.0,199766313.0,202376854.0,2680.0,1,3,14,2,82.2,89.7,47,Delayed,830,783,886263760.0,65914135.0,-11.1,8.03
P1299,Water Infrastructure Project 0299,Water Infrastructure,Central,Indore,Unknown,2024-12-30,2027-05-26,2027-07-19,380151706.0,407581945.0,85.3,74.9,106,232257943.0,119033166.0,56290837.0,4860.0,0,4,18,1,78.2,100.0,54,Delayed,931,877,407581946.0,27430239.0,-10.4,7.22
P1300,Water Infrastructure Project 0300,Water Infrastructure,Central,Indore,Vertex Infra,2024-11-02,2026-04-11,2026-07-07,695863236.0,784656158.0,96.5,76.6,284,424004278.0,196093874.0,164558006.0,499.0,0,7,10,5,68.3,97.5,87,Delayed,612,525,784656158.0,88792922.0,-19.9,12.76
P1301,Highway Project 0301,Highway,North,Jaipur,Shakti Engineering,2024-12-10,2025-06-16,2025-07-18,1549194297.0,1587967206.0,89.8,84.0,666,924940973.0,408875834.0,254150399.0,4724.0,1,4,11,1,81.4,89.4,32,Delayed,220,188,1587967206.0,38772909.0,-5.8,2.5
P1302,Highway Project 0302,Highway,South,Chennai,Prime Projects,2024-02-20,2025-04-26,2025-06-17,1475350405.0,1499556351.0,98.1,84.6,595,882482943.0,282900744.0,334172663.0,8147.0,1,6,4,1,78.6,92.6,52,Delayed,483,431,1499556350.0,24205946.0,-13.5,1.64
P1303,Building Project 0303,Building,West,Mumbai,Vertex Infra,2023-09-04,2024-10-16,2025-01-09,671478422.0,787809853.0,96.8,82.9,311,485953427.0,211824736.0,90031689.0,10779.0,2,5,12,7,79.6,85.1,85,Delayed,493,408,787809852.0,116331431.0,-13.9,17.32
P1304,Highway Project 0304,Highway,West,Pune,BuildTech,2025-04-15,2027-09-13,2027-10-25,564245632.0,605205280.0,91.7,88.6,186,338820454.0,140408795.0,125976031.0,5097.0,1,1,11,0,94.2,90.4,42,Delayed,923,881,605205280.0,40959648.0,-3.1,7.26
P1305,Metro Project 0305,Metro,West,Pune,UrbanWorks,2024-03-14,2026-01-10,2026-04-05,1707341110.0,1878375645.0,91.5,77.1,806,1117971894.0,462772070.0,297631681.0,11122.0,0,2,9,5,92.3,99.9,85,Delayed,752,667,1878375645.0,171034535.0,-14.4,10.02
P1306,Power Transmission Project 0306,Power Transmission,South,Hyderabad,Vertex Infra,2023-07-22,2025-12-08,2026-01-04,1604932277.0,1740744766.0,87.4,82.8,582,840686717.0,423736165.0,476321885.0,7100.0,1,6,8,0,84.0,87.7,27,On Track,897,870,1740744767.0,135812489.0,-4.6,8.46
P1307,Building Project 0307,Building,North,Jaipur,Apex Contractors,2023-07-03,2024-03-26,2024-06-07,859071858.0,941503350.0,95.3,77.7,326,515866832.0,235509551.0,190126967.0,7826.0,0,3,19,1,86.4,96.0,73,Delayed,340,267,941503350.0,82431492.0,-17.6,9.6
P1308,Water Infrastructure Project 0308,Water Infrastructure,West,Ahmedabad,Vertex Infra,2023-05-03,2024-12-09,2025-02-20,580402912.0,649717952.0,88.5,72.3,251,311854197.0,182338289.0,155525466.0,6320.0,0,6,15,3,76.3,100.0,73,Delayed,659,586,649717952.0,69315040.0,-16.2,11.94
P1309,Building Project 0309,Building,West,Pune,Prime Projects,2024-02-05,2026-06-12,2026-06-13,396897598.0,441477136.0,83.2,87.5,89,222786426.0,97010959.0,121679751.0,3068.0,1,7,13,1,72.7,95.9,1,On Track,859,858,441477136.0,44579538.0,4.3,11.23
P1310,Building Project 0310,Building,North,Delhi,Shakti Engineering,2025-02-05,2026-02-03,2026-03-29,662729730.0,684107080.0,94.6,84.3,288,408863097.0,155812746.0,119431237.0,2707.0,0,5,12,2,77.1,96.9,54,Delayed,417,363,684107080.0,21377350.0,-10.3,3.23
P1311,Highway Project 0311,Highway,West,Ahmedabad,Vertex Infra,2023-10-21,2025-06-22,2025-09-25,1012631062.0,1186938197.0,92.2,73.9,429,717681052.0,332646882.0,136610263.0,5797.0,1,7,6,3,69.2,92.7,95,Delayed,705,610,1186938197.0,174307135.0,-18.3,17.21
P1312,Metro Project 0312,Metro,Central,Indore,MegaBuild,2023-10-07,2025-06-24,2025-06-24,2828539955.0,3071042126.0,87.9,82.2,911,1492421410.0,829351302.0,749269414.0,4091.0,2,2,11,1,86.0,88.4,0,On Track,626,626,3071042126.0,242502171.0,-5.7,8.57
P1313,Metro Project 0313,Metro,Central,Indore,ABC Infra,2025-04-16,2026-08-13,2026-10-31,2259350485.0,2606444676.0,91.1,76.8,561,1305404999.0,554741652.0,746298025.0,3593.0,3,8,9,2,65.0,80.9,79,Delayed,563,484,2606444676.0,347094191.0,-14.3,15.36
P1314,Bridge Project 0314,Bridge,South,Chennai,BuildTech,2025-06-02,2027-01-24,2027-04-16,669613656.0,752165615.0,90.1,73.4,167,505484826.0,148564274.0,98116516.0,3146.0,3,7,8,1,73.9,76.4,82,Delayed,683,601,752165616.0,82551959.0,-16.7,12.33
P1315,Power Transmission Project 0315,Power Transmission,West,Ahmedabad,Apex Contractors,2024-09-01,2025-07-18,2025-08-28,1240635100.0,1311558284.0,95.9,84.4,650,719134839.0,358931793.0,233491652.0,8142.0,0,4,8,4,77.4,100.0,41,Delayed,361,320,1311558284.0,70923184.0,-11.5,5.72
P1316,Bridge Project 0316,Bridge,North,Delhi,Apex Contractors,2023-07-17,2024-04-15,2024-06-04,466995629.0,509887425.0,86.0,79.8,208,265732940.0,106030092.0,138124394.0,6808.0,2,5,11,4,72.5,80.2,50,Delayed,323,273,509887426.0,42891796.0,-6.2,9.18
P1317,Bridge Project 0317,Bridge,South,Chennai,Apex Contractors,2025-09-08,2027-03-31,2027-05-16,1214868794.0,1294205038.0,96.0,84.9,318,617985643.0,378650784.0,297568611.0,3611.0,3,1,11,2,96.1,83.0,46,Delayed,615,569,1294205038.0,79336244.0,-11.1,6.53
P1318,Bridge Project 0318,Bridge,South,Hyderabad,MegaBuild,2025-06-25,2027-03-07,2027-04-09,709549419.0,796437453.0,95.3,88.9,239,490993377.0,213008716.0,92435360.0,11043.0,2,3,10,1,81.8,88.0,33,Delayed,653,620,796437453.0,86888034.0,-6.4,12.25
P1319,Highway Project 0319,Highway,West,Ahmedabad,Apex Contractors,2024-05-25,2024-12-03,2025-01-05,1021871386.0,1063971437.0,87.4,83.6,424,594049222.0,302125797.0,167796419.0,9929.0,1,3,9,2,87.2,96.7,33,Delayed,225,192,1063971438.0,42100051.0,-3.8,4.12
P1320,Bridge Project 0320,Bridge,North,Jaipur,Apex Contractors,2025-01-21,2027-05-03,2027-06-12,705609279.0,715544341.0,91.7,83.7,349,367849297.0,207024767.0,140670276.0,426.0,1,2,9,1,86.3,97.9,40,Delayed,872,832,715544340.0,9935062.0,-8.0,1.41
P1321,Highway Project 0321,Highway,Central,Indore,Shakti Engineering,2023-05-24,2024-07-12,2024-08-04,1235724758.0,1357900839.0,92.2,87.3,289,797470911.0,345415948.0,215013980.0,5906.0,0,5,9,2,73.4,100.0,23,On Track,438,415,1357900839.0,122176081.0,-4.9,9.89
P1322,Highway Project 0322,Highway,Central,Indore,UrbanWorks,2024-08-31,2025-01-14,2025-04-12,1214532605.0,1393081479.0,100.0,81.6,362,811620125.0,344267787.0,237193566.0,10112.0,2,5,13,0,83.2,88.0,88,Delayed,224,136,1393081478.0,178548874.0,-18.4,14.7
P1323,Highway Project 0323,Highway,South,Bengaluru,Unknown,2023-07-20,2025-08-18,2025-10-03,1270011815.0,1361876832.0,86.9,81.1,652,784271618.0,337561949.0,240043266.0,7994.0,0,2,15,5,85.0,100.0,46,Delayed,806,760,1361876833.0,91865017.0,-5.8,7.23
P1324,Metro Project 0324,Metro,South,Chennai,MegaBuild,2023-05-04,2024-04-04,2024-05-23,1520923595.0,1723725651.0,82.3,81.1,339,1074091463.0,464182782.0,185451406.0,3619.0,1,6,15,0,75.8,100.0,49,Delayed,385,336,1723725651.0,202802056.0,-1.2,13.33
P1325,Water Infrastructure Project 0325,Water Infrastructure,West,Mumbai,ABC Infra,2023-07-06,2024-01-02,2024-02-16,493479431.0,558991103.0,82.0,73.0,141,274703109.0,151427778.0,132860217.0,8973.0,1,1,8,5,94.1,97.8,45,Delayed,225,180,558991104.0,65511672.0,-9.0,13.28
P1326,Metro Project 0326,Metro,West,Mumbai,BuildTech,2023-11-22,2025-11-26,2026-01-09,1237997438.0,1322351908.0,90.8,79.3,664,830551159.0,279450576.0,212350174.0,5731.0,2,4,15,1,78.4,85.3,44,Delayed,779,735,1322351909.0,84354470.0,-11.5,6.81
P1327,Metro Project 0327,Metro,South,Chennai,Shakti Engineering,2024-04-08,2024-09-16,2024-10-20,2287909744.0,2281947673.0,94.1,87.2,966,1422451674.0,592199589.0,267296410.0,4678.0,0,1,6,1,97.3,100.0,34,Delayed,195,161,2281947673.0,-5962071.0,-6.9,-0.26
P1328,Building Project 0328,Building,North,Jaipur,Vertex Infra,2023-12-15,2024-05-07,2024-07-17,385954946.0,413746970.0,86.4,71.1,118,220458185.0,95382125.0,97906660.0,7469.0,3,1,10,2,91.0,74.8,71,Delayed,215,144,413746970.0,27792024.0,-15.3,7.2
P1329,Highway Project 0329,Highway,Central,Nagpur,UrbanWorks,2025-02-09,2025-07-17,2025-09-05,1147078041.0,1221934052.0,89.2,84.3,277,800046724.0,251201844.0,170685485.0,2421.0,1,3,3,4,87.2,94.0,50,Delayed,208,158,1221934053.0,74856011.0,-4.9,6.53
P1330,Power Transmission Project 0330,Power Transmission,South,Chennai,Shakti Engineering,2024-10-21,2025-06-28,2025-07-06,1657332021.0,1815628416.0,88.2,84.8,380,1039143421.0,412917506.0,363567489.0,3435.0,0,3,5,0,90.3,97.6,8,On Track,258,250,1815628416.0,158296395.0,-3.4,9.55
P1331,Building Project 0331,Building,North,Jaipur,ABC Infra,2025-02-02,2026-10-12,2026-10-18,994444986.0,1049499352.0,85.4,87.6,299,642337233.0,220198729.0,186963390.0,11312.0,0,1,14,1,92.8,100.0,6,On Track,623,617,1049499352.0,55054366.0,2.2,5.54
P1332,Bridge Project 0332,Bridge,South,Hyderabad,MegaBuild,2025-08-12,2026-07-26,2026-10-11,782956152.0,858238149.0,92.4,78.7,400,499438008.0,246112495.0,112687645.0,6790.0,1,5,8,1,73.7,89.3,77,Delayed,425,348,858238148.0,75281997.0,-13.7,9.62
P1333,Building Project 0333,Building,Central,Indore,BuildTech,2025-07-20,2026-03-04,2026-04-06,685902137.0,779808211.0,83.0,79.6,245,403845898.0,160353603.0,215608710.0,6440.0,4,6,13,2,75.5,81.3,33,Delayed,260,227,779808211.0,93906074.0,-3.4,13.69
P1334,Highway Project 0334,Highway,North,Delhi,BuildTech,2024-02-07,2024-11-24,2025-01-10,602932796.0,628861831.0,92.6,85.5,275,356157737.0,143286518.0,129417576.0,10863.0,1,0,12,2,100.0,92.6,47,Delayed,338,291,628861831.0,25929035.0,-7.1,4.3
P1335,Building Project 0335,Building,Central,Nagpur,Shakti Engineering,2023-12-12,2025-06-18,2025-07-06,837096993.0,915021821.0,88.3,84.5,437,466472483.0,249065239.0,199484099.0,538.0,0,2,9,4,93.6,93.9,18,On Track,572,554,915021821.0,77924828.0,-3.8,9.31
P1336,Bridge Project 0336,Bridge,West,Ahmedabad,Vertex Infra,2025-08-20,2027-04-09,2027-05-01,1090039022.0,1210758807.0,93.9,87.1,386,624977739.0,366823283.0,218957784.0,1720.0,1,5,14,0,83.5,98.8,22,On Track,619,597,1210758806.0,120719785.0,-6.8,11.07
P1337,Power Transmission Project 0337,Power Transmission,Central,Nagpur,MegaBuild,2024-05-25,2025-01-01,2025-01-16,901032616.0,970646999.0,90.7,93.1,255,581221251.0,225477896.0,163947852.0,640.0,3,3,6,1,76.6,76.0,15,Completed,236,221,970646999.0,69614383.0,2.4,7.73
P1338,Highway Project 0338,Highway,North,Delhi,Vertex Infra,2023-05-27,2025-02-28,2025-04-16,962759421.0,1050053238.0,83.8,76.7,376,665240322.0,268430012.0,116382904.0,11842.0,1,5,11,3,84.4,91.4,47,Delayed,690,643,1050053238.0,87293817.0,-7.1,9.07
P1339,Building Project 0339,Building,South,Bengaluru,Vertex Infra,2023-05-28,2024-06-25,2024-08-14,957270126.0,1053583774.0,91.3,84.0,497,595357651.0,240112940.0,218113183.0,7820.0,1,2,20,1,100.0,98.7,50,Delayed,444,394,1053583774.0,96313648.0,-7.3,10.06
P1340,Building Project 0340,Building,Central,Indore,Apex Contractors,2025-05-13,2027-05-15,2027-06-20,984641134.0,1024413270.0,88.5,81.8,477,617379479.0,214643506.0,192390285.0,11485.0,1,6,8,2,77.9,91.6,36,Delayed,768,732,1024413270.0,39772136.0,-6.7,4.04
P1341,Highway Project 0341,Highway,West,Mumbai,MegaBuild,2024-12-11,2025-05-23,2025-06-27,776623079.0,767508210.0,94.4,83.8,187,387124120.0,175461406.0,204922684.0,5287.0,0,4,8,2,83.1,98.6,35,Delayed,198,163,767508210.0,-9114869.0,-10.6,-1.17
P1342,Bridge Project 0342,Bridge,North,Jaipur,ABC Infra,2025-03-30,2025-08-13,2025-09-03,866720773.0,933736524.0,92.9,91.3,388,551957151.0,245737113.0,136042261.0,9978.0,1,2,11,1,91.8,93.4,21,Completed,157,136,933736525.0,67015751.0,-1.6,7.73
P1343,Water Infrastructure Project 0343,Water Infrastructure,South,Chennai,Shakti Engineering,2024-05-03,2025-07-26,2025-09-20,418958356.0,477685790.0,94.6,80.5,171,290513666.0,130655209.0,56516915.0,4375.0,1,4,14,3,83.1,88.4,56,Delayed,505,449,477685790.0,58727434.0,-14.1,14.02
P1344,Power Transmission Project 0344,Power Transmission,South,Chennai,Shakti Engineering,2025-07-17,2027-06-05,2027-06-24,728273305.0,841790651.0,88.6,89.7,378,406080540.0,197074005.0,238636106.0,5712.0,1,6,11,1,82.4,89.0,19,On Track,707,688,841790651.0,113517346.0,1.1,15.59
P1345,Metro Project 0345,Metro,West,Mumbai,Apex Contractors,2025-07-24,2027-04-01,2027-04-30,2794018593.0,3038079810.0,86.3,81.9,727,1476630868.0,628063209.0,933385733.0,9224.0,0,5,20,1,79.7,96.7,29,On Track,645,616,3038079810.0,244061217.0,-4.4,8.74
P1346,Power Transmission Project 0346,Power Transmission,Central,Nagpur,Prime Projects,2024-10-01,2025-02-09,2025-04-27,1597814080.0,1788383574.0,89.9,72.9,633,1118759810.0,377582223.0,292041541.0,3778.0,2,5,11,1,85.0,80.4,77,Delayed,208,131,1788383574.0,190569494.0,-17.0,11.93
P1347,Power Transmission Project 0347,Power Transmission,Central,Indore,Shakti Engineering,2024-07-04,2025-09-14,2025-11-05,1524642231.0,1728219126.0,92.9,82.9,777,936319188.0,479740448.0,312159489.0,8653.0,0,6,16,1,71.5,100.0,52,Delayed,489,437,1728219125.0,203576895.0,-10.0,13.35
P1348,Power Transmission Project 0348,Power Transmission,West,Pune,BuildTech,2023-12-04,2025-11-14,2025-12-09,664007246.0,733765344.0,86.2,85.6,235,413556150.0,200706304.0,119502890.0,7970.0,1,4,6,4,89.7,95.1,25,On Track,736,711,733765344.0,69758098.0,-0.6,10.51
P1349,Highway Project 0349,Highway,North,Jaipur,ABC Infra,2025-05-21,2026-04-21,2026-06-23,1404196588.0,1502981624.0,91.2,80.2,532,936837110.0,400992989.0,165151525.0,2795.0,1,8,15,1,68.4,95.6,63,Delayed,398,335,1502981624.0,98785036.0,-11.0,7.03
P1350,Water Infrastructure Project 0350,Water Infrastructure,South,Hyderabad,MegaBuild,2024-10-02,2026-01-03,2026-03-11,567516666.0,592166359.0,91.5,77.4,138,381816181.0,144373577.0,65976602.0,8162.0,1,0,4,3,100.0,95.0,67,Delayed,525,458,592166360.0,24649693.0,-14.1,4.34
P1351,Metro Project 0351,Metro,North,Delhi,Shakti Engineering,2025-02-17,2027-08-01,2027-09-22,1667942344.0,1788057030.0,95.5,85.1,520,1071160721.0,426116487.0,290779823.0,8352.0,1,2,6,3,87.2,95.0,52,Delayed,947,895,1788057031.0,120114686.0,-10.4,7.2
P1352,Power Transmission Project 0352,Power Transmission,Central,Nagpur,Unknown,2025-09-14,2027-11-03,2027-11-28,1266236397.0,1445884449.0,85.8,88.2,414,901817979.0,315190610.0,228875859.0,8623.0,4,1,13,1,98.4,72.5,25,On Track,805,780,1445884448.0,179648052.0,2.4,14.19
P1353,Bridge Project 0353,Bridge,West,Ahmedabad,Apex Contractors,2025-08-10,2026-02-26,2026-03-29,487866425.0,541722023.0,92.0,93.7,259,277001102.0,114162002.0,150558919.0,2157.0,0,1,7,3,100.0,100.0,31,Delayed,231,200,541722023.0,53855598.0,1.7,11.04
P1354,Highway Project 0354,Highway,South,Bengaluru,Shakti Engineering,2024-04-17,2026-08-11,2026-09-02,1313195644.0,1400465410.0,88.0,84.7,411,706276218.0,290484142.0,403705051.0,9734.0,0,6,9,1,70.7,100.0,22,On Track,868,846,1400465411.0,87269766.0,-3.3,6.65
P1355,Water Infrastructure Project 0355,Water Infrastructure,South,Chennai,MegaBuild,2025-08-03,2027-03-30,2027-06-18,654873222.0,771979877.0,87.0,69.5,243,470740859.0,219641980.0,81597038.0,11980.0,1,8,15,4,78.0,89.8,80,Delayed,684,604,771979877.0,117106655.0,-17.5,17.88
P1356,Metro Project 0356,Metro,Central,Nagpur,Unknown,2023-05-31,2024-10-05,2024-11-21,1359448392.0,1467947413.0,97.8,82.8,600,875669485.0,415551014.0,176726913.0,9163.0,0,3,9,1,84.5,100.0,47,Delayed,540,493,1467947412.0,108499021.0,-15.0,7.98
P1357,Power Transmission Project 0357,Power Transmission,South,Bengaluru,MegaBuild,2024-02-19,2026-05-28,2026-08-13,832760962.0,884071922.0,91.8,77.7,227,543134679.0,238434550.0,102502693.0,804.0,1,3,11,1,86.3,86.7,77,Delayed,906,829,884071922.0,51310960.0,-14.1,6.16
P1358,Power Transmission Project 0358,Power Transmission,North,Delhi,MegaBuild,2025-09-16,2026-08-01,2026-10-10,827940868.0,905503661.0,96.1,76.9,315,462826726.0,190222451.0,252454483.0,7767.0,0,8,12,1,55.4,96.8,70,Delayed,389,319,905503660.0,77562793.0,-19.2,9.37
P1359,Building Project 0359,Building,South,Chennai,MegaBuild,2023-10-25,2025-08-11,2025-08-28,398256707.0,430397224.0,87.0,84.9,184,279357942.0,101317015.0,49722267.0,2456.0,0,4,7,1,80.7,100.0,17,On Track,673,656,430397224.0,32140517.0,-2.1,8.07
P1360,Highway Project 0360,Highway,South,Chennai,Shakti Engineering,2024-09-02,2026-04-10,2026-05-15,1136749380.0,1256755529.0,96.7,93.6,575,614068070.0,294846915.0,347840543.0,9753.0,1,3,7,4,85.5,93.1,35,Delayed,620,585,1256755528.0,120006149.0,-3.1,10.56
P1361,Water Infrastructure Project 0361,Water Infrastructure,West,Pune,Prime Projects,2023-09-20,2024-04-15,2024-08-15,810910647.0,978721265.0,88.4,66.0,345,506982592.0,237973811.0,233764862.0,8784.0,2,9,11,4,68.3,91.7,122,Delayed,330,208,978721265.0,167810618.0,-22.4,20.69
P1362,Highway Project 0362,Highway,Central,Nagpur,MegaBuild,2025-02-02,2026-02-24,2026-03-10,540785634.0,575725422.0,93.2,90.7,238,301986449.0,142776736.0,130962236.0,5223.0,0,2,12,2,93.1,94.9,14,Completed,401,387,575725421.0,34939788.0,-2.5,6.46
P1363,Highway Project 0363,Highway,Central,Indore,Apex Contractors,2023-05-24,2025-07-06,2025-09-27,573709854.0,596889927.0,86.2,69.6,150,,173234419.0,72619483.0,9551.0,1,5,4,3,78.7,93.0,83,Delayed,857,774,245853902.0,23180073.0,-16.6,4.04
P1364,Power Transmission Project 0364,Power Transmission,West,Mumbai,BuildTech,2023-12-12,2025-11-01,2025-11-08,1298052035.0,1399822167.0,85.7,87.8,690,832862252.0,377243589.0,189716326.0,10795.0,1,5,8,0,72.9,93.1,7,On Track,697,690,1399822167.0,101770132.0,2.1,7.84
P1365,Metro Project 0365,Metro,West,Mumbai,BuildTech,2024-09-15,2026-05-16,2026-06-13,2612601457.0,2781745644.0,89.9,86.8,689,1573497715.0,554445269.0,653802660.0,5854.0,0,4,8,2,87.8,99.1,28,On Track,636,608,2781745644.0,169144187.0,-3.1,6.47
P1366,Bridge Project 0366,Bridge,South,Hyderabad,Apex Contractors,2024-07-25,2026-05-13,2026-06-27,682059585.0,696515399.0,96.2,85.7,324,335129683.0,164041004.0,197344712.0,6038.0,2,3,8,1,97.2,86.7,45,Delayed,702,657,696515399.0,14455814.0,-10.5,2.12
P1367,Power Transmission Project 0367,Power Transmission,West,Ahmedabad,ABC Infra,2025-05-30,2025-11-12,2026-02-16,1028033423.0,1202773809.0,95.1,73.5,316,788653413.0,258229731.0,155890665.0,3095.0,2,6,8,6,75.6,88.6,96,Delayed,262,166,1202773809.0,174740386.0,-21.6,17.0
P1368,Metro Project 0368,Metro,South,Bengaluru,Prime Projects,2023-01-02,2024-02-13,2024-03-10,2170766065.0,2045715573.0,90.6,86.6,1146,1334130022.0,460943317.0,250642234.0,9693.0,3,3,14,1,96.0,79.4,26,On Track,433,407,2045715573.0,-125050492.0,-4.0,-5.76
P1369,Metro Project 0369,Metro,Central,Nagpur,ABC Infra,2025-06-15,2027-11-29,2027-12-16,1532941520.0,1660082995.0,88.7,87.5,701,873163474.0,513218889.0,273700631.0,11805.0,0,2,13,2,88.0,95.0,17,On Track,914,897,1660082994.0,127141475.0,-1.2,8.29
P1370,Power Transmission Project 0370,Power Transmission,North,Jaipur,Apex Contractors,2023-10-31,2024-03-14,2024-04-23,637196123.0,619819485.0,91.3,77.7,298,384067515.0,166520332.0,69231637.0,10580.0,3,1,15,0,88.4,81.2,40,Delayed,175,135,619819484.0,-17376638.0,-13.6,-2.73
P1371,Highway Project 0371,Highway,West,Ahmedabad,BuildTech,2023-09-11,2025-12-19,2026-01-01,1290813801.0,1366721752.0,85.8,80.4,377,886751788.0,263048990.0,216920973.0,11920.0,1,2,2,1,86.8,87.4,13,On Track,843,830,1366721751.0,75907951.0,-5.4,5.88
P1372,Water Infrastructure Project 0372,Water Infrastructure,West,Pune,Vertex Infra,2024-10-13,2026-03-17,2026-04-05,681018197.0,735662799.0,90.6,91.7,249,391761875.0,168283679.0,175617245.0,7200.0,1,1,7,1,98.5,94.9,19,Completed,539,520,735662799.0,54644602.0,1.1,8.02
P1373,Power Transmission Project 0373,Power Transmission,South,Chennai,BuildTech,2024-03-28,2024-10-19,2024-12-01,1307714759.0,1454158904.0,90.2,79.8,554,724435403.0,344599627.0,385123874.0,2460.0,3,3,9,1,79.9,78.3,43,Delayed,248,205,1454158904.0,146444145.0,-10.4,11.2
P1374,Power Transmission Project 0374,Power Transmission,Central,Indore,UrbanWorks,2023-02-06,2024-02-10,2024-04-13,1502437796.0,1709381974.0,90.2,81.2,712,1086738658.0,434106436.0,188536880.0,7633.0,0,8,8,3,71.8,92.2,63,Delayed,432,369,1709381974.0,206944178.0,-9.0,13.77
P1375,Building Project 0375,Building,Central,Nagpur,MegaBuild,2023-06-09,2024-10-31,2024-12-03,840290049.0,859544162.0,91.9,84.0,213,405030338.0,207411864.0,247101959.0,7971.0,1,1,2,2,100.0,90.7,33,Delayed,543,510,859544161.0,19254113.0,-7.9,2.29
P1376,Metro Project 0376,Metro,West,Ahmedabad,Vertex Infra,2023-01-09,2024-04-07,2024-05-25,1397646337.0,1541310662.0,93.2,84.7,751,817048323.0,311532548.0,412729792.0,6521.0,1,4,9,3,76.9,91.6,48,Delayed,502,454,1541310663.0,143664325.0,-8.5,10.28
P1377,Metro Project 0377,Metro,West,Ahmedabad,BuildTech,2023-08-21,2025-09-07,2025-10-20,1687912473.0,1810383246.0,80.4,73.9,867,1133699245.0,466242698.0,210441304.0,9210.0,2,8,12,1,69.8,83.4,43,Delayed,791,748,1810383247.0,122470773.0,-6.5,7.26
P1378,Power Transmission Project 0378,Power Transmission,Central,Indore,Shakti Engineering,2023-04-09,2025-01-06,2025-01-25,757593271.0,781798508.0,86.7,85.8,234,467933172.0,165088229.0,148777107.0,10338.0,2,3,6,0,87.2,82.0,19,On Track,657,638,781798508.0,24205237.0,-0.9,3.2
P1379,Power Transmission Project 0379,Power Transmission,South,Hyderabad,Shakti Engineering,2024-10-20,2025-07-03,2025-07-13,762126986.0,813412232.0,87.4,85.3,374,492500239.0,206404456.0,114507537.0,9369.0,3,3,9,0,82.9,82.3,10,On Track,266,256,813412232.0,51285246.0,-2.1,6.73
P1380,Building Project 0380,Building,South,Bengaluru,ABC Infra,2025-03-26,2027-06-11,2027-07-22,840979959.0,898388729.0,89.4,81.5,328,556251458.0,202984130.0,139153142.0,3567.0,1,7,7,1,77.5,91.0,41,Delayed,848,807,898388730.0,57408770.0,-7.9,6.83
P1381,Metro Project 0381,Metro,South,Bengaluru,Vertex Infra,2023-07-27,2025-04-04,2025-06-02,2690028212.0,2731320924.0,89.7,77.7,1001,1665307922.0,579699161.0,486313841.0,4797.0,0,4,11,0,86.7,99.0,59,Delayed,676,617,2731320924.0,41292712.0,-12.0,1.54
P1382,Highway Project 0382,Highway,West,Ahmedabad,ABC Infra,2023-05-11,2025-09-03,2025-10-06,1528555550.0,1625889291.0,92.5,87.6,494,874260093.0,366072716.0,385556483.0,7276.0,1,2,6,0,94.9,100.0,33,Delayed,879,846,1625889292.0,97333741.0,-4.9,6.37
P1383,Highway Project 0383,Highway,North,Delhi,MegaBuild,2024-02-08,2025-09-26,2025-11-19,1179122738.0,1290951873.0,91.3,82.0,485,686500705.0,262949457.0,341501710.0,8555.0,3,1,8,1,97.2,78.0,54,Delayed,650,596,1290951872.0,111829135.0,-9.3,9.48
P1384,Water Infrastructure Project 0384,Water Infrastructure,West,Ahmedabad,MegaBuild,2023-06-01,2025-05-14,2025-08-12,413881301.0,453387583.0,94.8,73.4,190,242742177.0,98575775.0,112069631.0,2999.0,2,7,13,4,75.6,90.0,90,Delayed,803,713,453387583.0,39506282.0,-21.4,9.55
P1385,Bridge Project 0385,Bridge,West,Ahmedabad,UrbanWorks,2023-02-23,2024-01-31,2024-03-11,499661535.0,541095861.0,88.8,81.2,177,328047590.0,153319566.0,59728705.0,11425.0,0,5,6,3,78.1,99.5,40,Delayed,382,342,541095861.0,41434326.0,-7.6,8.29
P1386,Power Transmission Project 0386,Power Transmission,Central,Indore,Apex Contractors,2023-04-30,2024-09-02,2024-11-05,1588549676.0,1742179526.0,87.3,73.5,679,1124320997.0,395827341.0,222031187.0,5844.0,2,2,8,4,90.2,82.1,64,Delayed,555,491,1742179525.0,153629850.0,-13.8,9.67
P1387,Water Infrastructure Project 0387,Water Infrastructure,South,Chennai,Apex Contractors,2024-11-03,2026-04-08,2026-06-07,652647668.0,719189765.0,89.4,73.1,294,399552153.0,175943102.0,143694510.0,672.0,3,6,10,2,76.0,82.7,60,Delayed,581,521,719189765.0,66542097.0,-16.3,10.2
P1388,Highway Project 0388,Highway,Central,Indore,Prime Projects,2025-07-08,2027-01-21,2027-03-06,1168607847.0,1274754160.0,90.1,86.8,531,638677440.0,326877497.0,309199223.0,4327.0,1,3,12,3,86.9,93.5,44,Delayed,606,562,1274754160.0,106146313.0,-3.3,9.08
P1389,Building Project 0389,Building,Central,Nagpur,ABC Infra,2024-09-19,2026-05-21,2026-07-07,916245393.0,990501116.0,90.4,80.8,217,621428296.0,204730079.0,164342740.0,8797.0,1,3,10,1,91.3,94.7,47,Delayed,656,609,990501115.0,74255723.0,-9.6,8.1
P1390,Bridge Project 0390,Bridge,West,Ahmedabad,MegaBuild,2024-08-09,2026-08-13,2026-10-04,992703713.0,1106878155.0,89.0,75.5,500,554322646.0,274272577.0,278282932.0,2814.0,2,1,11,1,95.9,81.4,52,Delayed,786,734,1106878155.0,114174442.0,-13.5,11.5
P1391,Building Project 0391,Building,South,Bengaluru,Apex Contractors,2024-09-16,2025-10-13,2026-01-04,954137651.0,1060148581.0,94.3,78.2,354,544015775.0,311783254.0,204349552.0,1231.0,3,5,13,2,88.4,81.2,83,Delayed,475,392,1060148581.0,106010930.0,-16.1,11.11
P1392,Water Infrastructure Project 0392,Water Infrastructure,North,Jaipur,ABC Infra,2025-08-25,2027-06-01,2027-07-28,336509413.0,358011730.0,93.9,78.0,103,233466267.0,74386511.0,50158952.0,7771.0,2,3,6,2,83.0,85.1,57,Delayed,702,645,358011730.0,21502317.0,-15.9,6.39
P1393,Power Transmission Project 0393,Power Transmission,South,Bengaluru,MegaBuild,2024-02-24,2024-11-28,2025-01-02,1509499970.0,1648854828.0,94.4,93.6,452,937518236.0,483818243.0,227518349.0,2290.0,2,4,11,2,86.8,83.5,35,Delayed,313,278,1648854828.0,139354858.0,-0.8,9.23
P1394,Power Transmission Project 0394,Power Transmission,West,Mumbai,BuildTech,2024-02-26,2024-11-23,2025-01-20,1634531836.0,1742538494.0,86.1,82.6,620,914674823.0,493615825.0,334247845.0,3956.0,1,4,12,4,86.6,90.0,58,Delayed,329,271,1742538493.0,108006658.0,-3.5,6.61
P1395,Metro Project 0395,Metro,South,Hyderabad,ABC Infra,2023-04-14,2025-04-22,2025-08-11,1556547384.0,1671129827.0,92.9,67.1,797,1028396503.0,461978504.0,180754820.0,9907.0,0,7,5,4,76.7,100.0,111,Delayed,850,739,1671129827.0,114582443.0,-25.8,7.36
P1396,Highway Project 0396,Highway,West,Pune,BuildTech,2025-05-01,2026-03-04,2026-06-03,1191767401.0,1331557846.0,96.4,75.9,410,869231808.0,287663999.0,174662039.0,7090.0,0,4,10,4,83.3,100.0,91,Delayed,398,307,1331557846.0,139790445.0,-20.5,11.73
P1397,Water Infrastructure Project 0397,Water Infrastructure,Central,Nagpur,ABC Infra,2023-09-11,2024-04-15,2024-05-21,492568049.0,457747934.0,94.5,85.6,230,248790633.0,114910435.0,94046866.0,8853.0,1,3,5,0,90.7,86.6,36,Delayed,253,217,457747934.0,-34820115.0,-8.9,-7.07
P1398,Highway Project 0398,Highway,Central,Nagpur,Prime Projects,2023-08-15,2024-04-21,2024-06-07,1523579764.0,1634389181.0,87.9,73.2,383,1025798197.0,425067929.0,183523056.0,5683.0,2,2,8,2,88.9,86.1,47,Delayed,297,250,1634389182.0,110809417.0,-14.7,7.27
P1399,Metro Project 0399,Metro,South,Hyderabad,UrbanWorks,2023-04-22,2024-02-06,2024-03-04,1056178673.0,1180725423.0,88.7,86.4,398,688550225.0,234475765.0,257699433.0,11260.0,1,2,16,2,97.2,88.9,27,On Track,317,290,1180725423.0,124546750.0,-2.3,11.79
P1400,Highway Project 0400,Highway,North,Jaipur,Shakti Engineering,2024-05-24,2025-03-22,2025-05-24,1128383522.0,1235985804.0,83.7,76.7,617,643379545.0,312987705.0,279618554.0,1015.0,0,2,9,3,91.3,91.8,63,Delayed,365,302,1235985804.0,107602282.0,-7.0,9.54
P1401,Water Infrastructure Project 0401,Water Infrastructure,West,Pune,Apex Contractors,2024-04-17,2025-08-13,2025-11-13,403234646.0,459615772.0,95.1,80.4,191,283647715.0,126260173.0,49707884.0,10137.0,3,4,18,2,81.9,79.3,92,Delayed,575,483,459615772.0,56381126.0,-14.7,13.98
P1402,Highway Project 0402,Highway,South,Chennai,Shakti Engineering,2023-04-09,2023-09-14,2023-11-08,1266770114.0,1424149265.0,86.1,76.7,366,712427242.0,436733760.0,274988263.0,9034.0,3,4,11,3,80.0,75.7,55,Delayed,213,158,1424149265.0,157379151.0,-9.4,12.42
P1403,Building Project 0403,Building,West,Ahmedabad,Shakti Engineering,2023-06-02,2025-03-09,2025-04-15,483261553.0,580630401.0,88.1,83.9,186,297560418.0,125017797.0,158052186.0,1847.0,3,4,11,4,80.7,75.2,37,Delayed,683,646,580630401.0,97368848.0,-4.2,20.15
P1404,Power Transmission Project 0404,Power Transmission,West,Pune,BuildTech,2025-05-10,2027-01-16,2027-03-08,889813747.0,918789022.0,92.2,84.6,264,487784239.0,200676866.0,230327918.0,8292.0,1,4,6,2,88.5,98.4,51,Delayed,667,616,918789023.0,28975275.0,-7.6,3.26
P1405,Highway Project 0405,Highway,North,Jaipur,Vertex Infra,2025-07-02,2027-03-29,2027-05-29,1039117498.0,1123829837.0,90.6,76.0,369,660496770.0,245362890.0,217970177.0,10733.0,1,5,8,1,79.7,91.4,61,Delayed,696,635,1123829837.0,84712339.0,-14.6,8.15
P1406,Highway Project 0406,Highway,North,Delhi,MegaBuild,2025-06-14,2026-09-25,2026-10-22,1478502523.0,1606833397.0,91.5,89.4,705,790698695.0,343898396.0,472236306.0,951.0,0,3,4,1,88.5,94.0,27,On Track,495,468,1606833397.0,128330874.0,-2.1,8.68
P1407,Metro Project 0407,Metro,West,Mumbai,Shakti Engineering,2025-05-27,2026-10-25,2026-11-22,1409194457.0,1483351161.0,87.7,81.0,668,952255628.0,360795333.0,170300201.0,1350.0,1,3,10,1,93.2,99.3,28,On Track,544,516,1483351162.0,74156704.0,-6.7,5.26
P1408,Power Transmission Project 0408,Power Transmission,West,Pune,Prime Projects,2023-12-04,2026-03-24,2026-03-31,779530426.0,864692605.0,85.0,88.4,230,508915527.0,240625978.0,115151101.0,5042.0,0,1,7,2,96.1,100.0,7,On Track,848,841,864692606.0,85162179.0,3.4,10.92
P1409,Metro Project 0409,Metro,West,Pune,Shakti Engineering,2024-12-06,2025-09-12,2025-12-03,2492774127.0,2848200833.0,90.9,73.7,1307,1454052930.0,755878652.0,638269251.0,10344.0,1,6,13,4,83.0,92.5,82,Delayed,362,280,2848200833.0,355426706.0,-17.2,14.26
P1410,Bridge Project 0410,Bridge,West,Mumbai,ABC Infra,2025-04-01,2025-08-14,2025-10-20,825511114.0,873166171.0,86.5,72.9,343,511098566.0,252985269.0,109082336.0,11493.0,3,6,8,3,74.8,79.4,67,Delayed,202,135,873166171.0,47655057.0,-13.6,5.77
P1411,Highway Project 0411,Highway,West,Ahmedabad,BuildTech,2023-06-12,2025-02-13,2025-04-07,1475315442.0,1655281882.0,92.1,81.3,509,964813469.0,392049098.0,298419315.0,11576.0,2,5,10,3,74.0,86.8,53,Delayed,665,612,1655281882.0,179966440.0,-10.8,12.2
P1412,Water Infrastructure Project 0412,Water Infrastructure,West,Pune,Vertex Infra,2024-12-20,2026-06-18,2026-07-29,391201807.0,442263745.0,86.4,81.6,150,234585218.0,112499876.0,95178651.0,5344.0,2,4,14,3,79.0,90.4,41,Delayed,586,545,442263745.0,51061938.0,-4.8,13.05
P1413,Bridge Project 0413,Bridge,West,Mumbai,ABC Infra,2025-08-14,2026-03-29,2026-05-29,945390512.0,1108570150.0,89.4,80.8,396,530263560.0,308052182.0,270254408.0,5356.0,0,3,11,5,86.0,98.5,61,Delayed,288,227,1108570150.0,163179638.0,-8.6,17.26
P1414,Water Infrastructure Project 0414,Water Infrastructure,West,Mumbai,Vertex Infra,2024-11-11,2026-06-03,2026-07-22,443391883.0,465926568.0,96.9,87.6,179,269858424.0,137971648.0,58096496.0,10588.0,0,2,10,1,90.7,100.0,49,Delayed,618,569,465926568.0,22534685.0,-9.3,5.08
P1415,Power Transmission Project 0415,Power Transmission,West,Mumbai,ABC Infra,2025-09-22,2026-11-26,2026-12-02,794680119.0,867677897.0,90.9,93.6,302,439008042.0,260654120.0,168015736.0,9294.0,1,3,10,1,88.6,95.9,6,Completed,436,430,867677898.0,72997778.0,2.7,9.19
P1416,Metro Project 0416,Metro,Central,Indore,ABC Infra,2023-06-10,2025-10-15,2025-12-17,2343190242.0,2577757727.0,86.8,79.1,905,1569883603.0,618529118.0,389345007.0,7561.0,0,4,11,3,73.2,100.0,63,Delayed,921,858,2577757728.0,234567485.0,-7.7,10.01
P1417,Power Transmission Project 0417,Power Transmission,North,Jaipur,Apex Contractors,2024-08-02,2025-05-18,2025-07-12,1323358390.0,1430962612.0,92.0,78.0,368,699127242.0,419777985.0,312057384.0,11146.0,1,4,6,4,85.1,98.7,55,Delayed,344,289,1430962611.0,107604222.0,-14.0,8.13
P1418,Highway Project 0418,Highway,Central,Indore,UrbanWorks,2025-03-11,2027-01-05,2027-01-10,1311294694.0,1405488331.0,89.4,89.9,640,764484452.0,335469310.0,305534569.0,1980.0,1,4,11,2,90.6,87.1,5,On Track,670,665,1405488331.0,94193637.0,0.5,7.18
P1419,Power Transmission Project 0419,Power Transmission,North,Delhi,UrbanWorks,2024-02-02,2025-07-19,2025-09-12,979449717.0,985215389.0,86.8,74.6,390,543507757.0,288984220.0,152723413.0,10099.0,1,8,12,1,64.2,92.7,55,Delayed,588,533,985215390.0,5765672.0,-12.2,0.59
P1420,Building Project 0420,Building,South,Chennai,MegaBuild,2023-10-04,2024-10-08,2024-12-17,677799734.0,749368847.0,90.1,78.5,178,437789335.0,213046735.0,98532777.0,3822.0,1,3,10,6,85.7,90.0,70,Delayed,440,370,749368847.0,71569113.0,-11.6,10.56
P1421,Power Transmission Project 0421,Power Transmission,Central,Indore,BuildTech,2025-03-26,2027-08-21,2027-11-04,1095620728.0,1251467684.0,95.0,80.6,518,602001652.0,271352927.0,378113105.0,2357.0,2,4,8,1,89.5,89.5,75,Delayed,953,878,1251467684.0,155846956.0,-14.4,14.22
P1422,Highway Project 0422,Highway,Central,Indore,Prime Projects,2025-07-04,2026-03-21,2026-05-20,1550873490.0,1703789767.0,92.4,79.5,818,895048082.0,520019975.0,288721710.0,3021.0,3,3,10,3,90.0,86.8,60,Delayed,320,260,1703789767.0,152916277.0,-12.9,9.86
P1423,Highway Project 0423,Highway,North,Jaipur,Prime Projects,2024-05-18,2025-06-15,2025-08-03,827900160.0,931952412.0,89.3,77.8,440,477909366.0,205417249.0,248625797.0,5121.0,1,5,13,2,79.2,95.6,49,Delayed,442,393,931952412.0,104052252.0,-11.5,12.57
P1424,Bridge Project 0424,Bridge,South,Chennai,Prime Projects,2025-06-14,2026-12-01,2026-12-30,655724222.0,713108476.0,85.1,80.7,224,411923842.0,208297178.0,92887456.0,2863.0,0,6,13,1,78.8,100.0,29,On Track,564,535,713108476.0,57384254.0,-4.4,8.75
P1425,Bridge Project 0425,Bridge,South,Hyderabad,Apex Contractors,2024-01-27,2026-01-23,2026-04-29,705002272.0,798540225.0,92.9,70.7,186,426554161.0,213664764.0,158321300.0,502.0,3,7,14,2,67.4,81.8,96,Delayed,823,727,798540225.0,93537953.0,-22.2,13.27
P1426,Metro Project 0426,Metro,West,Mumbai,ABC Infra,2023-05-15,2025-09-19,2025-11-08,2107896281.0,2480305593.0,91.9,79.6,824,1235044863.0,659897488.0,585363242.0,1241.0,1,7,8,2,75.9,88.4,50,Delayed,908,858,2480305593.0,372409312.0,-12.3,17.67
P1427,Bridge Project 0427,Bridge,Central,Nagpur,UrbanWorks,2023-07-14,2023-12-19,2024-02-01,620666264.0,654157177.0,83.5,80.9,159,313003054.0,133903533.0,207250590.0,888.0,0,3,6,2,89.3,100.0,44,Delayed,202,158,654157177.0,33490913.0,-2.6,5.4
P1428,Highway Project 0428,Highway,South,Chennai,BuildTech,2024-02-05,2024-07-02,2024-07-07,1478977988.0,1531751854.0,84.1,78.6,781,998781337.0,318057706.0,214912811.0,9062.0,0,3,11,0,90.1,94.2,5,On Track,153,148,1531751854.0,52773866.0,-5.5,3.57
P1429,Bridge Project 0429,Bridge,North,Delhi,ABC Infra,2024-10-01,2026-05-20,2026-07-09,631690591.0,709004509.0,96.3,83.2,177,432986200.0,200774948.0,75243361.0,11496.0,1,3,8,2,85.7,90.7,50,Delayed,646,596,709004509.0,77313918.0,-13.1,12.24
P1430,Power Transmission Project 0430,Power Transmission,West,Ahmedabad,Vertex Infra,2023-02-02,2024-04-14,2024-05-20,1688937035.0,1815403953.0,91.3,82.9,512,1123936038.0,429912159.0,261555756.0,8687.0,2,3,12,1,84.8,81.7,36,Delayed,473,437,1815403953.0,126466918.0,-8.4,7.49
P1431,Bridge Project 0431,Bridge,North,Delhi,UrbanWorks,2024-11-18,2025-11-17,2025-12-21,497866928.0,537196474.0,84.4,78.0,176,297206167.0,155586400.0,84403907.0,9837.0,0,7,8,2,69.8,100.0,34,Delayed,398,364,537196474.0,39329546.0,-6.4,7.9
P1432,Highway Project 0432,Highway,West,Mumbai,UrbanWorks,2024-04-04,2026-08-19,2026-09-25,1208608024.0,1370501364.0,94.5,90.6,418,672564144.0,367937189.0,330000031.0,8909.0,3,4,6,2,93.2,84.6,37,Delayed,904,867,1370501364.0,161893340.0,-3.9,13.4
P1433,Bridge Project 0433,Bridge,South,Chennai,Shakti Engineering,2025-08-12,2027-11-06,2027-11-23,1160763053.0,1244619255.0,94.9,90.1,559,725774694.0,337142897.0,181701664.0,1942.0,1,5,3,0,79.2,97.1,17,Completed,833,816,1244619255.0,83856202.0,-4.8,7.22
P1434,Highway Project 0434,Highway,North,Delhi,Shakti Engineering,2025-06-01,2026-06-27,2026-07-28,698843163.0,752618730.0,87.2,84.7,258,411078133.0,198816781.0,142723816.0,1665.0,3,2,15,1,89.6,74.1,31,Delayed,422,391,752618730.0,53775567.0,-2.5,7.69
P1435,Power Transmission Project 0435,Power Transmission,North,Delhi,Apex Contractors,2024-04-14,2025-10-25,2025-12-25,1776675622.0,1896125691.0,86.3,78.1,490,1075505746.0,395027578.0,425592367.0,7856.0,1,5,13,1,77.0,92.3,61,Delayed,620,559,1896125691.0,119450069.0,-8.2,6.72
P1436,Highway Project 0436,Highway,South,Hyderabad,BuildTech,2024-01-10,2026-05-26,2026-07-18,995763112.0,1035471341.0,90.3,82.6,306,581135704.0,255466244.0,198869392.0,308.0,0,6,7,1,76.9,100.0,53,Delayed,920,867,1035471340.0,39708229.0,-7.7,3.99
P1437,Water Infrastructure Project 0437,Water Infrastructure,South,Hyderabad,Vertex Infra,2023-01-22,2024-01-15,2024-04-26,874657641.0,920558375.0,90.6,67.6,339,532935065.0,246160115.0,141463195.0,831.0,2,10,18,1,59.9,83.4,102,Delayed,460,358,920558375.0,45900734.0,-23.0,5.25
P1438,Power Transmission Project 0438,Power Transmission,South,Chennai,BuildTech,2025-01-19,2026-05-30,2026-07-13,1423952253.0,1569849832.0,89.4,79.5,382,743100520.0,441954591.0,384794720.0,10044.0,0,2,10,1,94.8,100.0,44,Delayed,540,496,1569849831.0,145897579.0,-9.9,10.25
P1439,Power Transmission Project 0439,Power Transmission,West,Mumbai,BuildTech,2024-10-31,2025-11-20,2025-12-25,969920113.0,1057631466.0,85.7,87.1,409,523923661.0,296886007.0,236821799.0,1335.0,1,6,13,3,69.6,91.2,35,Delayed,420,385,1057631467.0,87711353.0,1.4,9.04
P1440,Water Infrastructure Project 0440,Water Infrastructure,Central,Indore,Apex Contractors,2023-02-07,2024-05-30,2024-07-04,416423028.0,428480450.0,88.6,86.1,169,211035152.0,95787715.0,121657584.0,1917.0,0,7,17,2,78.7,100.0,35,Delayed,513,478,428480451.0,12057422.0,-2.5,2.9
P1441,Power Transmission Project 0441,Power Transmission,South,Bengaluru,Apex Contractors,2023-08-18,2024-11-19,2024-12-14,972519406.0,1111036166.0,88.3,84.2,443,575677764.0,341958671.0,193399731.0,7022.0,0,3,7,2,85.7,97.2,25,On Track,484,459,1111036166.0,138516760.0,-4.1,14.24
P1442,Power Transmission Project 0442,Power Transmission,West,Pune,ABC Infra,2023-12-31,2025-05-22,2025-06-03,717551065.0,792152605.0,84.0,85.3,379,425401484.0,214585584.0,152165536.0,4016.0,2,5,15,2,85.0,87.1,12,On Track,520,508,792152604.0,74601540.0,1.3,10.4
P1443,Building Project 0443,Building,Central,Nagpur,MegaBuild,2024-07-16,2026-06-12,2026-06-29,460365596.0,490700973.0,94.0,94.2,239,247722942.0,121963880.0,121014152.0,6375.0,1,2,10,1,94.4,90.1,17,Completed,713,696,490700974.0,30335377.0,0.2,6.59
P1444,Building Project 0444,Building,West,Pune,Apex Contractors,2024-03-13,2026-05-30,2026-05-31,432332215.0,436182289.0,85.8,87.1,230,222764720.0,120085953.0,93331615.0,1376.0,1,4,8,1,84.2,99.1,1,On Track,809,808,436182288.0,3850074.0,1.3,0.89
P1445,Building Project 0445,Building,North,Jaipur,BuildTech,2025-02-14,2025-06-16,2025-06-22,659904634.0,721502106.0,95.2,94.0,198,368834629.0,188848448.0,163819028.0,7903.0,3,3,7,0,97.9,77.7,6,Completed,128,122,721502105.0,61597472.0,-1.2,9.33
P1446,Building Project 0446,Building,South,Hyderabad,Shakti Engineering,2023-10-10,2025-04-10,2025-06-13,926338539.0,1000126644.0,90.6,85.1,244,486824541.0,264172840.0,249129263.0,4315.0,1,3,8,4,95.0,94.8,64,Delayed,612,548,1000126644.0,73788105.0,-5.5,7.97
P1447,Building Project 0447,Building,South,Chennai,MegaBuild,2023-01-27,2023-10-15,2023-12-14,458589241.0,491399598.0,87.4,77.7,146,262869888.0,130463540.0,98066170.0,7429.0,1,1,9,4,100.0,91.5,60,Delayed,321,261,491399598.0,32810357.0,-9.7,7.15
P1448,Bridge Project 0448,Bridge,West,Pune,ABC Infra,2023-08-14,2024-12-21,2025-02-07,520014357.0,568974947.0,91.6,84.0,268,310493405.0,120629524.0,137852018.0,3262.0,0,6,12,1,73.9,100.0,48,Delayed,543,495,568974947.0,48960590.0,-7.6,9.42
P1449,Metro Project 0449,Metro,West,Mumbai,MegaBuild,2023-10-04,2025-12-01,2026-01-31,2263989320.0,2457175007.0,89.5,73.1,1224,1497022329.0,622975699.0,337176979.0,5140.0,2,3,15,1,82.9,89.6,61,Delayed,850,789,2457175007.0,193185687.0,-16.4,8.53
P1450,Highway Project 0450,Highway,Central,Nagpur,Prime Projects,2025-03-08,2026-05-25,2026-08-09,728556216.0,780440181.0,95.3,80.4,366,492953172.0,170639989.0,116847020.0,1212.0,3,7,7,2,80.0,79.4,76,Delayed,519,443,780440181.0,51883965.0,-14.9,7.12
P1451,Highway Project 0451,Highway,West,Pune,Vertex Infra,2024-08-31,2025-05-23,2025-08-03,624502490.0,641256640.0,98.5,78.0,160,396478641.0,158741833.0,86036167.0,4449.0,1,6,11,1,76.9,88.0,72,Delayed,337,265,641256641.0,16754150.0,-20.5,2.68
P1452,Metro Project 0452,Metro,Central,Nagpur,MegaBuild,2023-10-11,2024-11-26,2024-12-16,1320360185.0,1444360858.0,91.6,83.9,703,816928523.0,300575975.0,326856360.0,4370.0,4,3,6,1,86.6,74.4,20,On Track,432,412,1444360858.0,124000673.0,-7.7,9.39
P1453,Highway Project 0453,Highway,West,Ahmedabad,BuildTech,2025-05-28,2027-07-21,2027-08-15,1487799309.0,1599449406.0,89.3,85.1,535,903820655.0,353604042.0,342024710.0,5999.0,0,3,8,2,86.6,99.2,25,On Track,809,784,1599449407.0,111650097.0,-4.2,7.5
P1454,Building Project 0454,Building,West,Mumbai,ABC Infra,2025-08-17,2027-02-19,2027-04-15,944851946.0,1116097817.0,96.4,82.6,210,554961936.0,316339162.0,244796719.0,6222.0,0,2,20,2,82.0,100.0,55,Delayed,606,551,1116097817.0,171245871.0,-13.8,18.12
P1455,Metro Project 0455,Metro,South,Bengaluru,Vertex Infra,2024-04-25,2026-07-28,2026-09-17,1691047833.0,1665485847.0,89.2,79.6,618,1081766639.0,395742283.0,187976925.0,8835.0,1,4,11,1,83.2,100.0,51,Delayed,875,824,1665485847.0,-25561986.0,-9.6,-1.51
P1456,Power Transmission Project 0456,Power Transmission,North,Delhi,BuildTech,2024-03-28,2026-03-02,2026-04-27,1398543128.0,1529711408.0,87.9,77.6,328,940917803.0,412384035.0,176409570.0,9684.0,1,5,8,2,84.6,92.7,56,Delayed,760,704,1529711408.0,131168280.0,-10.3,9.38
P1457,Highway Project 0457,Highway,Central,Nagpur,Vertex Infra,2025-04-08,2026-09-08,2026-12-28,1083953079.0,1139102612.0,94.9,67.0,433,,285993495.0,130124299.0,10424.0,3,6,6,3,72.3,63.4,111,Delayed,629,518,416117794.0,55149533.0,-27.9,5.09
P1458,Metro Project 0458,Metro,West,Mumbai,Shakti Engineering,2025-03-26,2026-07-02,2026-09-05,2330706042.0,2502501818.0,93.4,81.6,773,1272248983.0,567533747.0,662719088.0,5580.0,0,5,6,3,72.0,100.0,65,Delayed,528,463,2502501818.0,171795776.0,-11.8,7.37
P1459,Water Infrastructure Project 0459,Water Infrastructure,Central,Nagpur,Prime Projects,2024-10-20,2025-07-06,2025-09-30,715516047.0,798225424.0,87.9,73.1,269,428003686.0,194050810.0,176170928.0,9194.0,2,1,9,7,100.0,82.2,86,Delayed,345,259,798225424.0,82709377.0,-14.8,11.56
P1460,Building Project 0460,Building,Central,Nagpur,Unknown,2024-05-30,2025-04-01,2025-04-30,807044821.0,891849199.0,91.3,86.5,340,431645933.0,248618406.0,211584859.0,2198.0,0,8,8,1,65.3,100.0,29,On Track,335,306,891849198.0,84804378.0,-4.8,10.51
P1461,Highway Project 0461,Highway,Central,Indore,BuildTech,2024-06-30,2024-12-27,2025-03-23,800575930.0,913296029.0,88.6,73.1,405,567690898.0,197173938.0,148431193.0,6855.0,0,8,10,4,67.9,100.0,86,Delayed,266,180,913296029.0,112720099.0,-15.5,14.08
P1462,Power Transmission Project 0462,Power Transmission,Central,Indore,BuildTech,2023-07-11,2024-11-21,2025-01-18,652197769.0,748391667.0,92.4,80.3,285,406730713.0,185268571.0,156392383.0,8690.0,3,3,8,2,92.8,84.6,58,Delayed,557,499,748391667.0,96193898.0,-12.1,14.75
P1463,Power Transmission Project 0463,Power Transmission,West,Mumbai,BuildTech,2023-02-18,2025-05-27,2025-06-21,1156235806.0,1288118901.0,92.0,90.4,419,780944120.0,288304627.0,218870155.0,3532.0,2,6,14,2,79.2,84.3,25,Completed,854,829,1288118902.0,131883095.0,-1.6,11.41
P1464,Metro Project 0464,Metro,Central,Indore,UrbanWorks,2024-05-26,2025-12-06,2025-12-21,2754128292.0,3100623200.0,84.9,83.8,1350,1596788041.0,737093653.0,766741506.0,3122.0,4,4,13,0,76.0,74.2,15,On Track,574,559,3100623200.0,346494908.0,-1.1,12.58
P1465,Metro Project 0465,Metro,North,Jaipur,Prime Projects,2023-01-17,2024-03-30,2024-04-20,2117604572.0,2416033383.0,90.2,92.0,1098,1461001223.0,688643615.0,266388545.0,4784.0,2,3,8,2,84.1,88.4,21,Completed,459,438,2416033383.0,298428811.0,1.8,14.09
P1466,Power Transmission Project 0466,Power Transmission,South,Bengaluru,Vertex Infra,2023-06-21,2024-08-15,2024-08-31,1612193160.0,1798920236.0,84.1,82.9,418,903886605.0,499496582.0,395537050.0,8965.0,1,7,5,3,69.9,97.5,16,On Track,437,421,1798920237.0,186727076.0,-1.2,11.58
P1467,Building Project 0467,Building,South,Chennai,Apex Contractors,2023-08-08,2024-11-13,2024-12-09,1066511405.0,1196498167.0,84.3,81.5,421,759411685.0,286573863.0,150512619.0,5800.0,2,3,8,1,95.5,94.6,26,On Track,489,463,1196498167.0,129986762.0,-2.8,12.19
P1468,Building Project 0468,Building,West,Mumbai,BuildTech,2023-06-07,2023-10-15,2023-11-16,474485586.0,513640324.0,88.0,82.6,148,281291063.0,106433072.0,125916189.0,1954.0,2,4,15,0,80.6,87.2,32,Delayed,162,130,513640324.0,39154738.0,-5.4,8.25
P1469,Power Transmission Project 0469,Power Transmission,West,Mumbai,BuildTech,2024-04-21,2024-10-19,2024-12-10,1442050943.0,1575617527.0,87.6,76.7,339,945183030.0,391022422.0,239412075.0,891.0,2,7,8,1,66.4,88.8,52,Delayed,233,181,1575617527.0,133566584.0,-10.9,9.26
P1470,Metro Project 0470,Metro,North,Jaipur,Vertex Infra,2023-02-15,2024-01-26,2024-01-16,2325101276.0,2413521490.0,83.2,95.5,1024,1241441767.0,662523345.0,509556378.0,2148.0,1,4,11,0,90.8,94.7,-10,Completed,335,345,2413521490.0,88420214.0,12.3,3.8
P1471,Bridge Project 0471,Bridge,South,Hyderabad,Apex Contractors,2024-01-08,2024-10-06,2024-11-16,1220963244.0,1326554289.0,85.3,78.1,616,829704423.0,257791406.0,239058459.0,5491.0,1,6,9,0,75.9,94.4,41,Delayed,313,272,1326554288.0,105591045.0,-7.2,8.65
P1472,Metro Project 0472,Metro,South,Hyderabad,Shakti Engineering,2024-06-01,2026-09-09,2026-09-11,2941489453.0,3193918836.0,83.8,81.9,805,1952075159.0,881402202.0,360441475.0,3341.0,2,5,7,0,75.0,89.4,2,On Track,832,830,3193918836.0,252429383.0,-1.9,8.58
P1473,Power Transmission Project 0473,Power Transmission,Central,Indore,Shakti Engineering,2023-04-09,2025-02-20,2025-04-03,1435881120.0,1619028479.0,87.0,83.4,700,906329463.0,452497512.0,260201504.0,467.0,1,11,6,2,51.6,92.5,42,Delayed,725,683,1619028479.0,183147359.0,-3.6,12.76
P1474,Building Project 0474,Building,South,Chennai,BuildTech,2025-06-10,2027-11-18,2028-01-05,531684576.0,609473437.0,92.1,79.0,266,364857473.0,125345082.0,119270881.0,4679.0,4,3,9,2,84.8,72.9,48,Delayed,939,891,609473436.0,77788861.0,-13.1,14.63
P1475,Building Project 0475,Building,Central,Indore,ABC Infra,2025-01-14,2026-12-05,2027-03-05,928467424.0,1024921158.0,95.9,73.0,484,506483712.0,268466032.0,249971414.0,7961.0,2,4,7,0,83.8,82.7,90,Delayed,780,690,1024921158.0,96453734.0,-22.9,10.39
P1476,Metro Project 0476,Metro,West,Ahmedabad,UrbanWorks,2023-02-06,2025-01-09,2025-03-10,1201917686.0,1211075685.0,94.2,74.7,369,626616499.0,281009511.0,303449675.0,7267.0,2,2,17,0,86.6,76.5,60,Delayed,763,703,1211075685.0,9157999.0,-19.5,0.76
P1477,Metro Project 0477,Metro,West,Ahmedabad,Shakti Engineering,2023-10-07,2025-11-24,2026-01-28,2535784622.0,2628292406.0,91.7,70.9,1314,1475631989.0,548129353.0,604531064.0,11762.0,1,3,14,3,87.2,92.1,65,Delayed,844,779,2628292406.0,92507784.0,-20.8,3.65
P1478,Bridge Project 0478,Bridge,North,Delhi,ABC Infra,2023-12-15,2025-11-08,2025-12-09,1163411802.0,1263623917.0,91.5,82.8,379,731835753.0,292019791.0,239768372.0,7583.0,1,0,14,3,97.2,88.6,31,Delayed,725,694,1263623916.0,100212115.0,-8.7,8.61
P1479,Water Infrastructure Project 0479,Water Infrastructure,West,Ahmedabad,UrbanWorks,2024-05-11,2025-07-14,2025-09-20,534114204.0,561488215.0,89.6,74.5,214,324245955.0,121332979.0,115909281.0,4310.0,1,5,11,2,78.3,92.5,68,Delayed,497,429,561488215.0,27374011.0,-15.1,5.13
P1480,Building Project 0480,Building,South,Hyderabad,BuildTech,2023-10-29,2024-10-25,2024-12-08,808404236.0,868118196.0,89.6,75.7,191,513144878.0,254258978.0,100714340.0,5286.0,1,5,9,1,85.3,91.1,44,Delayed,406,362,868118196.0,59713960.0,-13.9,7.39
P1481,Highway Project 0481,Highway,South,Bengaluru,Prime Projects,2023-06-30,2025-03-03,2025-04-20,971999155.0,1037072764.0,95.5,83.3,227,611863920.0,277332057.0,147876786.0,4148.0,3,2,13,3,96.6,80.3,48,Delayed,660,612,1037072763.0,65073609.0,-12.2,6.69
P1482,Power Transmission Project 0482,Power Transmission,West,Ahmedabad,MegaBuild,2024-08-29,2025-12-27,2026-02-27,1134695717.0,1232236446.0,92.5,76.5,519,745828928.0,354258600.0,132148917.0,2481.0,0,3,7,3,95.3,100.0,62,Delayed,547,485,1232236445.0,97540729.0,-16.0,8.6
P1483,Highway Project 0483,Highway,Central,Indore,MegaBuild,2023-04-09,2024-07-01,2024-09-05,846837579.0,879230513.0,90.8,76.0,310,483066206.0,223894422.0,172269885.0,10146.0,2,6,10,0,77.9,89.2,66,Delayed,515,449,879230513.0,32392934.0,-14.8,3.83
P1484,Power Transmission Project 0484,Power Transmission,Central,Nagpur,BuildTech,2024-11-30,2025-07-14,2025-07-21,1527176841.0,1679546562.0,83.0,85.6,465,966209453.0,341710952.0,371626157.0,1132.0,0,3,9,3,83.9,94.3,7,On Track,233,226,1679546562.0,152369721.0,2.6,9.98
P1485,Highway Project 0485,Highway,West,Mumbai,Shakti Engineering,2025-09-19,2026-08-30,2026-10-15,1500804510.0,1550042151.0,92.9,83.1,424,964395566.0,354273254.0,231373331.0,1321.0,0,4,7,2,82.3,96.1,46,Delayed,391,345,1550042151.0,49237641.0,-9.8,3.28
P1486,Water Infrastructure Project 0486,Water Infrastructure,South,Bengaluru,ABC Infra,2023-04-26,2024-03-28,2024-06-12,871654270.0,955100197.0,93.0,74.9,384,515658824.0,264841477.0,174599897.0,10485.0,0,5,6,3,80.2,99.0,76,Delayed,413,337,955100198.0,83445927.0,-18.1,9.57
P1487,Highway Project 0487,Highway,South,Bengaluru,Prime Projects,2023-07-10,2025-11-28,2025-12-01,705146443.0,697901802.0,87.5,86.1,155,399866765.0,170689175.0,127345862.0,3792.0,0,2,9,1,85.2,100.0,3,On Track,875,872,697901802.0,-7244641.0,-1.4,-1.03
P1488,Power Transmission Project 0488,Power Transmission,Central,Indore,Vertex Infra,2023-09-10,2025-05-27,2025-08-01,1663439816.0,1734609833.0,90.9,75.9,808,1069890509.0,425019631.0,239699693.0,9386.0,3,4,10,1,85.5,79.7,66,Delayed,691,625,1734609833.0,71170017.0,-15.0,4.28
P1489,Bridge Project 0489,Bridge,West,Mumbai,UrbanWorks,2025-09-07,2026-09-20,2026-12-08,1020880939.0,1155670353.0,89.5,79.2,251,743032011.0,280041232.0,132597110.0,10007.0,3,4,16,2,81.2,75.1,79,Delayed,457,378,1155670353.0,134789414.0,-10.3,13.2
P1490,Highway Project 0490,Highway,South,Hyderabad,BuildTech,2025-07-16,2027-12-26,2028-02-06,786715084.0,926343136.0,87.8,79.8,222,557187298.0,200429960.0,168725878.0,588.0,2,6,14,4,77.7,76.2,42,Delayed,935,893,926343136.0,139628052.0,-8.0,17.75
P1491,Metro Project 0491,Metro,South,Bengaluru,Prime Projects,2025-09-09,2027-06-07,2027-07-04,1123223534.0,1261554786.0,91.6,,390,602254738.0,244923502.0,414376546.0,8116.0,3,3,14,1,95.5,78.7,27,On Track,663,636,1261554786.0,138331252.0,-91.6,12.32
P1492,Highway Project 0492,Highway,North,Delhi,Apex Contractors,2023-06-10,2025-11-18,2025-11-10,802557144.0,871908801.0,85.7,87.4,304,477960989.0,181816564.0,212131248.0,1376.0,1,3,7,0,91.8,88.1,-8,On Track,884,892,871908801.0,69351657.0,1.7,8.64
P1493,Highway Project 0493,Highway,Central,Indore,Prime Projects,2023-09-13,2024-03-04,2024-05-20,1475757607.0,1692935384.0,98.2,79.0,497,839959450.0,381927885.0,471048049.0,1671.0,1,5,8,2,83.9,92.3,77,Delayed,250,173,1692935384.0,217177777.0,-19.2,14.72
P1494,Power Transmission Project 0494,Power Transmission,South,Bengaluru,Shakti Engineering,2023-11-19,2024-05-03,2024-05-17,1371146197.0,1549153570.0,92.1,89.2,446,797468966.0,329546810.0,422137795.0,1374.0,2,4,9,2,91.1,80.9,14,On Track,180,166,1549153571.0,178007373.0,-2.9,12.98
P1495,Bridge Project 0495,Bridge,South,Chennai,Apex Contractors,2023-05-08,2025-08-31,2025-12-01,1007370095.0,1043703094.0,89.6,70.9,542,570873707.0,262109681.0,210719705.0,5234.0,1,5,6,3,80.8,100.0,92,Delayed,938,846,1043703093.0,36332999.0,-18.7,3.61
P1496,Power Transmission Project 0496,Power Transmission,West,Mumbai,UrbanWorks,2023-01-18,2025-04-05,2025-07-30,916154345.0,1053882051.0,93.8,71.4,395,548147242.0,278488546.0,227246263.0,11451.0,0,6,14,4,79.7,100.0,116,Delayed,924,808,1053882051.0,137727706.0,-22.4,15.03
P1497,Building Project 0497,Building,West,Ahmedabad,Apex Contractors,2025-03-03,2026-12-03,2027-02-20,871862531.0,983984255.0,93.1,77.2,198,573163982.0,258903929.0,151916344.0,339.0,1,5,12,2,72.5,91.7,79,Delayed,719,640,983984255.0,112121724.0,-15.9,12.86
P1498,Water Infrastructure Project 0498,Water Infrastructure,South,Bengaluru,Prime Projects,2025-01-04,2025-08-10,2025-09-24,319513511.0,315672459.0,87.0,80.0,115,191387584.0,65327132.0,58957744.0,4574.0,1,1,13,1,97.2,97.9,45,Delayed,263,218,315672460.0,-3841052.0,-7.0,-1.2
P1499,Highway Project 0499,Highway,Central,Indore,Shakti Engineering,2024-07-19,2024-12-05,2025-01-18,914710806.0,977065631.0,88.0,82.8,465,610192159.0,257907422.0,108966051.0,482.0,0,5,12,3,84.2,98.3,44,Delayed,183,139,977065632.0,62354825.0,-5.2,6.82
P1500,Metro Project 0500,Metro,West,Ahmedabad,Apex Contractors,2024-07-23,2026-12-12,2026-12-22,2230971630.0,2575346476.0,80.9,87.8,712,1337194234.0,614209054.0,623943189.0,10251.0,2,4,9,2,89.4,85.8,10,On Track,882,872,2575346477.0,344374846.0,6.9,15.44
P1501,Power Transmission Project 0501,Power Transmission,North,Delhi,ABC Infra,2023-11-19,2025-10-11,2025-10-28,781776844.0,831198933.0,85.7,82.2,196,424996763.0,233283270.0,172918900.0,10261.0,3,0,8,1,100.0,85.4,17,On Track,709,692,831198933.0,49422089.0,-3.5,6.32
P1502,Power Transmission Project 0502,Power Transmission,West,Ahmedabad,Shakti Engineering,2025-05-21,2027-01-20,2027-04-02,1600834325.0,1693473466.0,92.7,74.4,752,919012455.0,421787771.0,352673240.0,5796.0,2,5,5,3,75.6,93.2,72,Delayed,681,609,1693473466.0,92639141.0,-18.3,5.79
P1504,Metro Project 0504,Metro,South,Hyderabad,ABC Infra,2025-03-02,2027-05-20,2027-07-03,2281516603.0,2512812595.0,88.0,81.2,931,1373508495.0,496194148.0,643109951.0,9088.0,3,4,13,3,94.0,83.6,44,Delayed,853,809,2512812594.0,231295992.0,-6.8,10.14
P1505,Bridge Project 0505,Bridge,South,Bengaluru,Apex Contractors,2024-09-17,2025-03-17,2025-06-15,746787643.0,822173790.0,91.4,79.0,177,506258005.0,216677872.0,99237913.0,2808.0,2,4,13,4,73.2,87.8,90,Delayed,271,181,822173790.0,75386147.0,-12.4,10.09
P1506,Power Transmission Project 0506,Power Transmission,West,Pune,Apex Contractors,2023-10-15,2024-07-05,2024-10-07,1326212751.0,1561412979.0,87.9,70.4,353,756568111.0,359392625.0,445452243.0,9176.0,5,6,8,4,75.6,62.5,94,Delayed,358,264,1561412979.0,235200228.0,-17.5,17.73
P1507,Metro Project 0507,Metro,West,Pune,Vertex Infra,2025-07-31,2026-07-01,2026-07-29,1202752094.0,1325013640.0,84.2,79.2,511,708674499.0,286933418.0,329405723.0,8372.0,1,5,5,2,74.9,93.3,28,On Track,363,335,1325013640.0,122261546.0,-5.0,10.17
P1508,Bridge Project 0508,Bridge,West,Ahmedabad,Vertex Infra,2025-05-03,2025-09-02,2025-11-30,426453060.0,472969411.0,86.2,67.5,123,260433426.0,119040251.0,93495734.0,618.0,1,2,16,5,96.0,94.7,89,Delayed,211,122,472969411.0,46516351.0,-18.7,10.91
P1509,Power Transmission Project 0509,Power Transmission,North,Jaipur,Prime Projects,2024-10-24,2025-07-30,2025-09-13,1705572957.0,1802855219.0,99.2,86.1,658,901107071.0,369406553.0,532341594.0,9927.0,0,2,6,0,96.9,100.0,45,Delayed,324,279,1802855218.0,97282262.0,-13.1,5.7
P1510,Highway Project 0510,Highway,West,Mumbai,Shakti Engineering,2025-08-19,2027-12-25,2028-02-05,804263359.0,884693938.0,89.4,82.7,321,429565892.0,206404752.0,248723295.0,2703.0,1,4,10,4,85.2,87.0,42,Delayed,900,858,884693939.0,80430579.0,-6.7,10.0
P1511,Highway Project 0511,Highway,West,Pune,Vertex Infra,2024-09-30,2025-05-27,2025-07-21,1379062468.0,1554694630.0,89.6,81.0,432,949154852.0,350500256.0,255039522.0,11156.0,2,6,11,1,74.1,82.8,55,Delayed,294,239,1554694630.0,175632162.0,-8.6,12.74
P1512,Building Project 0512,Building,North,Jaipur,ABC Infra,2023-06-04,2023-12-29,2024-01-19,1072035465.0,1087912032.0,92.1,88.3,571,660907126.0,296993560.0,130011346.0,1028.0,0,5,10,1,78.9,100.0,21,On Track,229,208,1087912032.0,15876567.0,-3.8,1.48
P1513,Power Transmission Project 0513,Power Transmission,West,Pune,Vertex Infra,2024-05-04,2025-07-26,2025-10-05,860831822.0,925049316.0,93.9,75.0,428,548167866.0,190807019.0,186074431.0,1587.0,3,5,11,0,74.2,82.6,71,Delayed,519,448,925049316.0,64217494.0,-18.9,7.46
P1514,Metro Project 0514,Metro,North,Jaipur,UrbanWorks,2024-01-21,2025-12-20,2026-01-10,1515038068.0,1625119956.0,89.1,85.8,694,916011743.0,444424038.0,264684175.0,4301.0,2,6,9,1,84.8,88.2,21,On Track,720,699,1625119956.0,110081888.0,-3.3,7.27
P1515,Bridge Project 0515,Bridge,West,Mumbai,Prime Projects,2025-09-12,2027-01-01,2027-02-06,959359325.0,1036131936.0,94.4,86.4,235,630865471.0,255351882.0,149914583.0,5906.0,0,4,11,1,79.5,100.0,36,Delayed,512,476,1036131936.0,76772611.0,-8.0,8.0
P1516,Bridge Project 0516,Bridge,Central,Nagpur,Shakti Engineering,2025-02-23,2027-02-22,2027-04-28,1208995124.0,1266099011.0,89.1,77.9,308,641746800.0,257362802.0,366989409.0,9052.0,1,3,11,3,85.4,94.2,65,Delayed,794,729,1266099011.0,57103887.0,-11.2,4.72
P1517,Bridge Project 0517,Bridge,West,Pune,Shakti Engineering,2023-04-14,2024-05-04,2024-07-30,1168046837.0,1341494561.0,90.0,72.2,446,801589624.0,392778988.0,147125948.0,1675.0,0,3,15,3,86.4,95.5,87,Delayed,473,386,1341494560.0,173447724.0,-17.8,14.85
P1518,Building Project 0518,Building,South,Chennai,MegaBuild,2025-07-17,2027-07-23,2027-10-31,717055997.0,777882481.0,88.1,62.4,195,444710120.0,221938344.0,111234018.0,9957.0,3,5,10,3,86.7,75.0,100,Delayed,836,736,777882482.0,60826484.0,-25.7,8.48
P1519,Bridge Project 0519,Bridge,South,Bengaluru,Shakti Engineering,2024-01-28,2025-04-14,2025-05-12,1068465983.0,1179320514.0,93.1,91.5,579,710814157.0,257987502.0,210518855.0,10998.0,1,4,8,0,88.0,89.0,28,Completed,470,442,1179320514.0,110854531.0,-1.6,10.38
P1520,Bridge Project 0520,Bridge,North,Jaipur,Prime Projects,2025-03-21,2027-04-14,2027-05-25,524490329.0,583341913.0,84.5,78.7,142,311748233.0,155843639.0,115750041.0,324.0,2,4,5,2,80.8,91.2,41,Delayed,795,754,583341913.0,58851584.0,-5.8,11.22
P1521,Bridge Project 0521,Bridge,South,Bengaluru,UrbanWorks,2023-09-03,2025-06-24,2025-07-16,1218886502.0,1289203386.0,90.9,87.3,464,780985413.0,367043786.0,141174187.0,1454.0,0,3,7,0,100.0,100.0,22,On Track,682,660,1289203386.0,70316884.0,-3.6,5.77
P1522,Building Project 0522,Building,Central,Indore,Shakti Engineering,2023-06-25,2025-08-01,2025-10-11,1047012562.0,1154809903.0,92.4,79.7,356,675062656.0,347614845.0,132132402.0,1759.0,2,3,17,2,97.5,82.2,71,Delayed,839,768,1154809903.0,107797341.0,-12.7,10.3
P1523,Building Project 0523,Building,Central,Indore,MegaBuild,2023-02-08,2023-12-19,2024-02-17,474566205.0,475436471.0,94.1,83.4,204,229956719.0,132738755.0,112740997.0,5407.0,3,1,12,1,93.7,77.2,60,Delayed,374,314,475436471.0,870266.0,-10.7,0.18
P1524,Power Transmission Project 0524,Power Transmission,West,Mumbai,Prime Projects,2024-04-21,2026-08-26,2026-09-13,967301981.0,1013571263.0,92.2,91.0,253,579312345.0,279552280.0,154706637.0,5006.0,2,2,5,1,89.2,87.7,18,Completed,875,857,1013571262.0,46269282.0,-1.2,4.78
P1525,Highway Project 0525,Highway,North,Jaipur,ABC Infra,2024-11-12,2026-02-06,2026-04-21,627161972.0,766602865.0,86.3,71.4,227,407107144.0,171405716.0,188090006.0,9712.0,0,7,11,2,75.7,97.2,74,Delayed,525,451,766602866.0,139440893.0,-14.9,22.23
P1526,Power Transmission Project 0526,Power Transmission,North,Delhi,BuildTech,2025-01-28,2025-11-13,2025-11-10,933778295.0,1014945201.0,92.3,93.8,290,484228233.0,303461736.0,227255231.0,2456.0,0,2,8,3,95.7,98.0,-3,Completed,286,289,1014945200.0,81166906.0,1.5,8.69
P1527,Power Transmission Project 0527,Power Transmission,Central,Indore,BuildTech,2024-06-21,2026-03-23,2026-05-18,1592306505.0,1764960457.0,93.0,82.4,816,964935985.0,381499426.0,418525046.0,6279.0,1,4,5,3,79.2,99.1,56,Delayed,696,640,1764960457.0,172653952.0,-10.6,10.84
P1528,Metro Project 0528,Metro,West,Mumbai,ABC Infra,2025-05-16,2026-12-19,2027-03-29,1739064902.0,1785277987.0,92.6,69.9,405,927475811.0,353236857.0,504565320.0,11783.0,2,3,16,3,83.6,95.0,100,Delayed,682,582,1785277988.0,46213085.0,-22.7,2.66
P1529,Bridge Project 0529,Bridge,Central,Indore,Vertex Infra,2025-03-28,2025-09-03,2025-10-15,485427498.0,515992967.0,89.0,82.5,253,261576811.0,154702190.0,99713966.0,8243.0,0,3,9,2,89.7,100.0,42,Delayed,201,159,515992967.0,30565469.0,-6.5,6.3
P1530,Bridge Project 0530,Bridge,Central,Indore,Shakti Engineering,2025-07-09,2027-04-26,2027-06-26,694836058.0,770873844.0,89.4,78.1,343,402615378.0,156765609.0,211492857.0,6342.0,1,7,14,4,78.1,100.0,61,Delayed,717,656,770873844.0,76037786.0,-11.3,10.94
P1531,Metro Project 0531,Metro,North,Delhi,Apex Contractors,2024-02-12,2025-02-26,2025-04-28,2933139002.0,3165086822.0,94.0,80.0,933,1590708390.0,787529885.0,786848547.0,9211.0,3,3,14,3,80.6,74.6,61,Delayed,441,380,3165086822.0,231947820.0,-14.0,7.91
P1532,Bridge Project 0532,Bridge,West,Pune,BuildTech,2024-06-08,2025-11-04,2026-01-21,931988966.0,1040453350.0,90.0,75.9,447,565087562.0,261821818.0,213543971.0,7786.0,0,2,13,4,98.4,98.0,78,Delayed,592,514,1040453351.0,108464384.0,-14.1,11.64
P1533,Highway Project 0533,Highway,West,Ahmedabad,Vertex Infra,2025-04-07,2026-03-18,2026-04-16,957388189.0,1022320453.0,86.2,82.8,220,521767730.0,303241204.0,197311520.0,1405.0,1,1,13,3,92.6,94.5,29,On Track,374,345,1022320454.0,64932264.0,-3.4,6.78
P1534,Metro Project 0534,Metro,Central,Nagpur,BuildTech,2024-05-20,2025-01-18,2025-03-24,1319746257.0,1432996884.0,88.4,77.1,711,709929725.0,343371395.0,379695764.0,4069.0,2,4,11,4,78.0,90.9,65,Delayed,308,243,1432996884.0,113250627.0,-11.3,8.58
P1535,Power Transmission Project 0535,Power Transmission,Central,Indore,ABC Infra,2025-06-21,2025-11-25,2026-01-14,1798273925.0,1846087171.0,96.0,79.1,708,1157567245.0,450699985.0,237819941.0,2779.0,1,2,8,3,92.0,96.7,50,Delayed,207,157,1846087171.0,47813246.0,-16.9,2.66
P1536,Metro Project 0536,Metro,Central,Indore,Shakti Engineering,2025-04-04,2026-06-25,2026-08-12,2615281038.0,2740205163.0,84.6,75.4,837,1712500248.0,529044339.0,498660576.0,10412.0,2,4,10,2,86.9,98.1,48,Delayed,495,447,2740205163.0,124924125.0,-9.2,4.78
P1537,Power Transmission Project 0537,Power Transmission,South,Chennai,Shakti Engineering,2023-02-05,2024-02-10,2024-04-24,945587536.0,1001536137.0,95.2,81.7,321,614438515.0,212179076.0,174918546.0,11571.0,1,7,10,2,80.1,87.4,74,Delayed,444,370,1001536137.0,55948601.0,-13.5,5.92
P1538,Building Project 0538,Building,Central,Nagpur,Vertex Infra,2024-11-15,2025-09-06,2025-10-06,407599117.0,434461247.0,90.1,88.6,98,224276997.0,124349363.0,85834886.0,5031.0,0,4,12,2,83.7,99.2,30,On Track,325,295,434461246.0,26862130.0,-1.5,6.59
P1539,Power Transmission Project 0539,Power Transmission,North,Delhi,ABC Infra,2023-01-20,2025-01-10,2025-02-09,673516924.0,730029338.0,84.7,84.3,368,458325003.0,186218666.0,85485669.0,11661.0,0,5,9,4,87.3,100.0,30,On Track,751,721,730029338.0,56512414.0,-0.4,8.39
P1541,Highway Project 0541,Highway,North,Jaipur,Shakti Engineering,2025-02-14,2025-07-20,2025-08-15,1129403170.0,1153853365.0,87.2,80.8,492,558301652.0,269752813.0,325798900.0,8485.0,0,4,10,3,94.1,100.0,26,On Track,182,156,1153853365.0,24450195.0,-6.4,2.16
P1542,Water Infrastructure Project 0542,Water Infrastructure,Central,Indore,Apex Contractors,2024-05-26,2025-08-04,2025-08-23,864401870.0,901290225.0,90.4,88.8,316,582713774.0,205120304.0,113456146.0,7368.0,0,3,8,3,96.4,100.0,19,On Track,454,435,901290224.0,36888355.0,-1.6,4.27
P1543,Highway Project 0543,Highway,West,Ahmedabad,Shakti Engineering,2024-02-04,2026-04-21,2026-05-21,1041596882.0,1134936479.0,82.7,84.4,555,726717438.0,282853145.0,125365897.0,6857.0,0,7,15,1,71.3,100.0,30,On Track,837,807,1134936480.0,93339597.0,1.7,8.96
P1544,Bridge Project 0544,Bridge,North,Jaipur,Prime Projects,2024-10-15,2026-09-27,2027-01-18,1107930023.0,1315515419.0,95.4,69.9,333,823423008.0,270377447.0,221714964.0,3630.0,1,4,10,6,79.8,84.7,113,Delayed,825,712,1315515419.0,207585396.0,-25.5,18.74
P1545,Power Transmission Project 0545,Power Transmission,Central,Nagpur,Apex Contractors,2025-08-29,2026-04-19,2026-05-29,1144522810.0,1297803928.0,88.8,83.4,452,662316667.0,278955043.0,356532218.0,6322.0,0,5,8,1,81.4,100.0,40,Delayed,273,233,1297803928.0,153281118.0,-5.4,13.39
P1546,Highway Project 0546,Highway,North,Jaipur,Vertex Infra,2025-06-01,2025-11-07,2025-12-26,1262969805.0,1500900457.0,87.5,84.4,478,893278355.0,360848393.0,246773709.0,2358.0,3,8,13,1,62.7,78.3,49,Delayed,208,159,1500900457.0,237930652.0,-3.1,18.84
P1547,Bridge Project 0547,Bridge,West,Pune,Prime Projects,2024-04-15,2025-06-09,2025-07-20,1016295008.0,1123750338.0,90.8,85.8,459,559838409.0,336313656.0,227598272.0,5990.0,1,4,9,3,86.8,86.5,41,Delayed,461,420,1123750337.0,107455330.0,-5.0,10.57
P1548,Water Infrastructure Project 0548,Water Infrastructure,Central,Indore,ABC Infra,2023-05-23,2024-04-30,2024-07-25,407748042.0,441624199.0,93.5,75.8,98,224628271.0,111558092.0,105437836.0,11813.0,0,3,11,3,77.1,95.7,86,Delayed,429,343,441624199.0,33876157.0,-17.7,8.31
P1549,Power Transmission Project 0549,Power Transmission,North,Jaipur,UrbanWorks,2023-04-02,2024-06-12,2024-09-01,1042071431.0,1189072214.0,89.2,79.0,295,707919975.0,291800505.0,189351733.0,6071.0,0,1,19,6,100.0,100.0,81,Delayed,518,437,1189072213.0,147000783.0,-10.2,14.11
P1550,Water Infrastructure Project 0550,Water Infrastructure,South,Bengaluru,BuildTech,2023-12-20,2025-04-01,2025-06-08,688067805.0,732774396.0,93.4,71.7,200,373508442.0,150850266.0,208415688.0,2170.0,2,1,11,2,99.6,87.3,68,Delayed,536,468,732774396.0,44706591.0,-21.7,6.5
P1551,Metro Project 0551,Metro,South,Bengaluru,Prime Projects,2025-04-13,2025-12-03,2026-03-03,1129979284.0,1300278783.0,89.9,67.0,523,645633734.0,328652102.0,325992947.0,3921.0,2,8,7,3,61.2,86.3,90,Delayed,324,234,1300278783.0,170299499.0,-22.9,15.07
P1552,Water Infrastructure Project 0552,Water Infrastructure,Central,Indore,BuildTech,2025-03-10,2027-06-05,2027-08-18,521231814.0,573911838.0,90.4,68.9,147,282815752.0,176527410.0,114568675.0,9637.0,3,5,15,2,81.3,78.4,74,Delayed,891,817,573911837.0,52680024.0,-21.5,10.11
P1553,Metro Project 0553,Metro,South,Hyderabad,MegaBuild,2024-12-27,2026-03-14,2026-04-24,2048902943.0,2257837831.0,86.8,76.6,838,1334669749.0,591235505.0,331932576.0,4291.0,0,3,18,3,83.3,98.7,41,Delayed,483,442,2257837830.0,208934888.0,-10.2,10.2
P1554,Water Infrastructure Project 0554,Water Infrastructure,South,Bengaluru,ABC Infra,2025-08-16,2027-07-04,2027-09-19,905215818.0,962726479.0,94.2,75.5,263,631486794.0,204801084.0,126438601.0,11865.0,0,5,9,3,86.6,100.0,77,Delayed,764,687,962726479.0,57510661.0,-18.7,6.35
P1555,Power Transmission Project 0555,Power Transmission,North,Jaipur,UrbanWorks,2025-05-03,2025-10-09,2025-12-29,1179185611.0,1376559760.0,92.7,74.8,594,776135248.0,420802422.0,179622089.0,8616.0,4,4,11,4,88.8,65.9,81,Delayed,240,159,1376559759.0,197374149.0,-17.9,16.74
P1556,Water Infrastructure Project 0556,Water Infrastructure,West,Mumbai,MegaBuild,2023-02-20,2023-07-29,2023-09-03,796214338.0,839446786.0,92.2,80.2,422,426351563.0,206486649.0,206608575.0,8803.0,3,3,9,2,85.0,77.2,36,Delayed,195,159,839446787.0,43232448.0,-12.0,5.43
P1557,Power Transmission Project 0557,Power Transmission,South,Bengaluru,MegaBuild,2024-10-26,2027-03-13,2027-04-15,1127801415.0,1172749775.0,94.3,90.6,441,640178670.0,261649728.0,270921377.0,1074.0,0,1,11,2,100.0,97.4,33,Delayed,901,868,1172749775.0,44948360.0,-3.7,3.99
P1558,Highway Project 0558,Highway,Central,Nagpur,Shakti Engineering,2024-11-28,2026-01-10,2026-03-10,1354728305.0,1510867524.0,85.8,75.7,455,852000376.0,363578516.0,295288632.0,11412.0,2,5,9,5,86.1,80.5,59,Delayed,467,408,1510867524.0,156139219.0,-10.1,11.53
P1559,Water Infrastructure Project 0559,Water Infrastructure,South,Hyderabad,MegaBuild,2024-07-28,2025-08-13,2025-10-10,662725955.0,711529486.0,90.3,83.9,196,430217659.0,154101657.0,127210171.0,10323.0,3,3,12,3,88.6,77.9,58,Delayed,439,381,711529487.0,48803531.0,-6.4,7.36
P1560,Power Transmission Project 0560,Power Transmission,North,Jaipur,ABC Infra,2023-07-09,2024-06-08,2024-07-29,1677780484.0,1837267053.0,94.4,83.4,396,1010419114.0,355056997.0,471790942.0,9185.0,1,4,8,1,77.4,93.8,51,Delayed,386,335,1837267053.0,159486569.0,-11.0,9.51
P1561,Highway Project 0561,Highway,North,Delhi,Prime Projects,2023-05-05,2024-01-26,2024-03-14,951934967.0,1058452781.0,89.9,83.7,293,536260400.0,310195120.0,211997261.0,5578.0,1,9,9,2,62.2,94.5,48,Delayed,314,266,1058452781.0,106517814.0,-6.2,11.19
P1562,Power Transmission Project 0562,Power Transmission,South,Chennai,ABC Infra,2023-05-30,2024-08-27,2024-10-02,1336208348.0,1407101518.0,90.6,84.5,582,699256129.0,330746362.0,377099027.0,1676.0,2,7,7,1,73.0,86.9,36,Delayed,491,455,1407101518.0,70893170.0,-6.1,5.31
P1563,Metro Project 0563,Metro,North,Delhi,Prime Projects,2023-11-10,2024-08-23,2024-09-09,2237436988.0,2406689932.0,90.5,92.1,886,1492740651.0,649258380.0,264690901.0,6239.0,2,5,10,2,79.2,86.6,17,Completed,304,287,2406689932.0,169252944.0,1.6,7.56
P1564,Water Infrastructure Project 0564,Water Infrastructure,West,Pune,MegaBuild,2024-07-23,2025-02-19,2025-04-04,555016680.0,606191005.0,91.9,86.1,295,303419242.0,177045124.0,125726639.0,9481.0,0,4,7,3,92.7,100.0,44,Delayed,255,211,606191005.0,51174325.0,-5.8,9.22
P1565,Power Transmission Project 0565,Power Transmission,South,Chennai,MegaBuild,2023-12-08,2025-03-24,2025-04-01,779617573.0,830938979.0,82.3,88.1,273,488068510.0,212208574.0,130661895.0,3146.0,0,1,15,1,98.9,100.0,8,On Track,480,472,830938979.0,51321406.0,5.8,6.58
P1566,Water Infrastructure Project 0566,Water Infrastructure,West,Pune,Apex Contractors,2023-11-01,2025-09-21,2025-10-08,359103441.0,369483086.0,90.5,85.5,161,196146436.0,101312052.0,72024598.0,7117.0,0,7,7,0,69.8,100.0,17,On Track,707,690,369483086.0,10379645.0,-5.0,2.89
P1567,Highway Project 0567,Highway,South,Chennai,UrbanWorks,2024-11-22,2026-10-13,2026-12-14,539921770.0,590163988.0,91.6,75.0,205,351160421.0,173401656.0,65601911.0,7730.0,2,2,8,3,90.8,94.1,62,Delayed,752,690,590163988.0,50242218.0,-16.6,9.31
P1568,Building Project 0568,Building,South,Chennai,Prime Projects,2024-11-12,2027-01-21,2027-04-04,982076999.0,1106436033.0,91.6,77.8,382,561755951.0,287873455.0,256806628.0,10244.0,1,7,14,2,68.9,92.4,73,Delayed,873,800,1106436034.0,124359034.0,-13.8,12.66
P1569,Building Project 0569,Building,West,Mumbai,MegaBuild,2025-04-17,2026-08-12,2026-11-06,526579562.0,567477578.0,96.4,76.1,162,291290277.0,129832174.0,146355127.0,11451.0,0,4,11,3,80.5,98.2,86,Delayed,568,482,567477578.0,40898016.0,-20.3,7.77
P1570,Power Transmission Project 0570,Power Transmission,West,Ahmedabad,Shakti Engineering,2025-02-21,2026-12-29,2027-02-17,860923167.0,886209372.0,87.7,78.4,318,473542936.0,255739170.0,156927266.0,10945.0,1,6,8,0,74.9,96.4,50,Delayed,726,676,886209372.0,25286205.0,-9.3,2.94
P1571,Bridge Project 0571,Bridge,Central,Nagpur,Apex Contractors,2023-02-23,2024-06-01,2024-08-22,1019729205.0,1169210193.0,96.6,73.6,382,687626712.0,242094939.0,239488542.0,11535.0,2,5,6,2,92.6,87.1,82,Delayed,546,464,1169210193.0,149480988.0,-23.0,14.66
P1572,Metro Project 0572,Metro,North,Delhi,BuildTech,2024-03-19,2026-06-09,2026-07-14,1623631904.0,1773896895.0,88.5,87.2,735,992751693.0,398917378.0,382227824.0,2016.0,0,6,13,0,74.3,97.7,35,Delayed,847,812,1773896895.0,150264991.0,-1.3,9.25
P1573,Water Infrastructure Project 0573,Water Infrastructure,South,Bengaluru,Apex Contractors,2024-09-04,2025-06-20,2025-07-03,608657039.0,657097363.0,84.6,85.0,322,393144654.0,156813387.0,107139322.0,10118.0,3,6,9,1,78.4,80.2,13,On Track,302,289,657097363.0,48440324.0,0.4,7.96
P1574,Bridge Project 0574,Bridge,North,Jaipur,UrbanWorks,2025-09-19,2027-01-07,2027-03-13,546571629.0,599160167.0,96.0,80.0,179,329271595.0,173132712.0,96755861.0,11580.0,3,2,13,2,93.9,79.5,65,Delayed,540,475,599160168.0,52588538.0,-16.0,9.62
P1575,Building Project 0575,Building,South,Hyderabad,ABC Infra,2023-09-21,2024-07-27,2024-10-10,1043718191.0,1146711907.0,94.2,81.1,244,662710310.0,326484075.0,157517522.0,7080.0,4,5,13,2,81.9,73.0,75,Delayed,385,310,1146711907.0,102993716.0,-13.1,9.87
P1576,Building Project 0576,Building,Central,Nagpur,UrbanWorks,2023-02-22,2025-04-18,2025-06-01,966380701.0,1004756876.0,90.5,84.2,370,586147635.0,251351509.0,167257732.0,3631.0,0,5,6,2,78.5,97.6,44,Delayed,830,786,1004756876.0,38376175.0,-6.3,3.97
P1577,Power Transmission Project 0577,Power Transmission,West,Pune,BuildTech,2024-07-25,2026-01-17,2026-02-15,1650185444.0,1803350882.0,87.7,89.4,659,1126082299.0,419757854.0,257510729.0,9381.0,0,7,5,0,79.3,100.0,29,On Track,570,541,1803350882.0,153165438.0,1.7,9.28
P1578,Building Project 0578,Building,West,Mumbai,Apex Contractors,2024-09-11,2026-12-09,2027-01-27,648343230.0,756965782.0,89.2,84.5,178,419956301.0,176346678.0,160662803.0,1678.0,2,3,13,3,96.6,87.3,49,Delayed,868,819,756965782.0,108622552.0,-4.7,16.75
P1579,Building Project 0579,Building,West,Pune,Prime Projects,2023-01-05,2023-05-11,2023-08-16,902588268.0,1049918383.0,91.0,74.3,425,656557365.0,276168862.0,117192157.0,4884.0,2,2,10,6,98.2,87.9,97,Delayed,223,126,1049918384.0,147330115.0,-16.7,16.32
P1580,Highway Project 0580,Highway,West,Ahmedabad,ABC Infra,2023-04-13,2023-12-21,2024-03-14,672850582.0,728655377.0,95.6,73.1,366,401248925.0,154948961.0,172457491.0,7681.0,0,5,12,1,75.4,100.0,84,Delayed,336,252,728655377.0,55804795.0,-22.5,8.29
P1581,Highway Project 0581,Highway,South,Hyderabad,ABC Infra,2023-07-15,2025-11-27,2026-01-25,531506858.0,578827057.0,84.7,78.8,282,301882078.0,144567882.0,132377097.0,4575.0,1,7,14,2,74.2,90.6,59,Delayed,925,866,578827057.0,47320199.0,-5.9,8.9
P1582,Highway Project 0582,Highway,West,Mumbai,Prime Projects,2025-02-12,2026-12-20,2027-02-16,543371715.0,537677254.0,89.2,78.5,154,311477730.0,140002372.0,86197152.0,5838.0,1,4,10,3,81.5,90.7,58,Delayed,734,676,537677254.0,-5694461.0,-10.7,-1.05
P1583,Highway Project 0583,Highway,West,Pune,Vertex Infra,2025-05-26,2027-10-23,2027-12-01,1135498816.0,1334991535.0,88.9,77.1,577,780483573.0,374758386.0,179749575.0,10199.0,3,5,8,3,77.6,79.0,39,Delayed,919,880,1334991534.0,199492719.0,-11.8,17.57
P1584,Building Project 0584,Building,West,Ahmedabad,Vertex Infra,2025-09-18,2026-02-15,2026-03-27,683107357.0,721321690.0,88.1,82.5,309,409769363.0,187726161.0,123826166.0,7610.0,1,4,7,2,82.0,89.2,40,Delayed,190,150,721321690.0,38214333.0,-5.6,5.59
P1585,Water Infrastructure Project 0585,Water Infrastructure,North,Jaipur,UrbanWorks,2025-06-02,2027-03-18,2027-05-19,615899286.0,686568061.0,87.4,74.7,227,427698345.0,140405898.0,118463818.0,10856.0,1,6,8,1,73.4,93.0,62,Delayed,716,654,686568061.0,70668775.0,-12.7,11.47
P1586,Building Project 0586,Building,North,Jaipur,MegaBuild,2023-12-16,2025-06-13,2025-07-26,362836145.0,408573539.0,96.4,84.1,144,237969056.0,110557628.0,60046856.0,531.0,2,2,3,3,94.6,84.7,43,Delayed,588,545,408573540.0,45737394.0,-12.3,12.61
P1587,Power Transmission Project 0587,Power Transmission,West,Pune,Vertex Infra,2023-02-16,2024-07-13,2024-07-03,1116450810.0,1238841659.0,86.8,98.6,558,772896717.0,236935951.0,229008991.0,10304.0,0,5,12,1,76.7,100.0,-10,Completed,503,513,1238841659.0,122390849.0,11.8,10.96
P1588,Power Transmission Project 0588,Power Transmission,Central,Nagpur,UrbanWorks,2025-05-16,2027-07-16,2027-09-07,1473862475.0,1552778516.0,90.5,82.5,557,921177402.0,370970959.0,260630155.0,10104.0,2,3,10,4,86.1,81.2,53,Delayed,844,791,1552778516.0,78916041.0,-8.0,5.35
P1589,Power Transmission Project 0589,Power Transmission,South,Hyderabad,Vertex Infra,2025-04-02,2026-07-28,2026-09-02,1140659379.0,1266724856.0,85.3,82.3,391,606581745.0,303248190.0,356894920.0,5722.0,1,6,9,0,83.9,92.4,36,Delayed,518,482,1266724855.0,126065477.0,-3.0,11.05
P1590,Water Infrastructure Project 0590,Water Infrastructure,Central,Indore,BuildTech,2025-07-24,2027-01-31,2027-03-22,745492620.0,785900023.0,93.5,83.6,285,486349658.0,157978923.0,141571442.0,4726.0,1,4,9,1,83.7,91.5,50,Delayed,606,556,785900023.0,40407403.0,-9.9,5.42
P1591,Building Project 0591,Building,Central,Nagpur,Shakti Engineering,2025-03-30,2027-05-28,2027-06-29,524108560.0,560597877.0,88.0,82.6,215,362495747.0,111806366.0,86295764.0,11488.0,2,4,14,0,84.7,85.7,32,Delayed,821,789,560597877.0,36489317.0,-5.4,6.96
P1592,Bridge Project 0592,Bridge,North,Jaipur,MegaBuild,2024-10-17,2026-08-18,2026-09-02,1083342154.0,1186597186.0,81.2,80.8,305,594782827.0,246240603.0,345573755.0,547.0,1,7,12,2,69.7,92.7,15,On Track,685,670,1186597185.0,103255032.0,-0.4,9.53
P1593,Highway Project 0593,Highway,South,Hyderabad,UrbanWorks,2023-09-26,2024-04-14,2024-05-14,1137410646.0,1191618832.0,93.9,,588,572375104.0,279173092.0,340070636.0,4678.0,1,1,11,2,95.9,92.0,30,On Track,231,201,1191618832.0,54208186.0,-93.9,4.77
P1594,Bridge Project 0594,Bridge,West,Ahmedabad,Shakti Engineering,2024-01-05,2025-04-24,2025-08-09,586379557.0,646107584.0,87.8,67.9,259,375246879.0,143042753.0,127817951.0,10571.0,0,2,11,6,93.2,100.0,107,Delayed,582,475,646107583.0,59728027.0,-19.9,10.19
P1595,Power Transmission Project 0595,Power Transmission,West,Mumbai,Shakti Engineering,2024-09-27,2025-10-09,2025-12-05,891431776.0,967857613.0,95.2,84.4,382,463704709.0,192168729.0,311984176.0,4041.0,0,5,7,2,72.2,98.3,57,Delayed,434,377,967857614.0,76425837.0,-10.8,8.57
P1596,Power Transmission Project 0596,Power Transmission,South,Chennai,Apex Contractors,2023-04-16,2025-07-31,2025-11-07,1364916862.0,1447343503.0,94.4,69.3,345,796098115.0,320611926.0,330633462.0,362.0,1,2,10,4,89.0,95.8,99,Delayed,936,837,1447343503.0,82426641.0,-25.1,6.04
P1597,Metro Project 0597,Metro,West,Pune,Vertex Infra,2024-10-31,2026-10-09,2026-12-31,2633280395.0,2769091451.0,89.6,73.3,1104,1774486140.0,686565660.0,308039651.0,4523.0,3,5,13,3,79.8,79.9,83,Delayed,791,708,2769091451.0,135811056.0,-16.3,5.16
P1598,Bridge Project 0598,Bridge,North,Delhi,Apex Contractors,2024-10-20,2026-07-25,2026-08-17,755392920.0,825906473.0,91.6,88.0,196,416908382.0,227445857.0,181552234.0,1851.0,0,4,12,0,89.6,100.0,23,On Track,666,643,825906473.0,70513553.0,-3.6,9.33
P1599,Power Transmission Project 0599,Power Transmission,South,Hyderabad,Prime Projects,2024-10-18,2025-12-06,2026-01-12,917543519.0,1006137335.0,90.4,77.6,225,507884889.0,236801762.0,261450684.0,6606.0,2,0,10,3,99.4,82.7,37,Delayed,451,414,1006137335.0,88593816.0,-12.8,9.66
P1600,Highway Project 0600,Highway,South,Bengaluru,BuildTech,2023-04-30,2024-04-07,2024-04-04,1428527129.0,1432489308.0,84.4,94.1,562,829886103.0,363421615.0,239181591.0,3305.0,2,3,11,1,92.3,89.2,-3,Completed,340,343,1432489309.0,3962179.0,9.7,0.28
P1601,Bridge Project 0601,Bridge,West,Ahmedabad,BuildTech,2025-04-10,2027-01-14,2027-03-19,964646341.0,1051034321.0,95.7,82.2,340,499333793.0,268560692.0,283139837.0,3622.0,3,3,11,0,96.3,80.2,64,Delayed,708,644,1051034322.0,86387980.0,-13.5,8.96
P1602,Power Transmission Project 0602,Power Transmission,Central,Indore,BuildTech,2025-02-25,2025-08-09,2025-09-20,1147183440.0,1229810236.0,89.0,79.6,475,744292157.0,350513735.0,135004343.0,8297.0,2,1,11,2,98.0,88.6,42,Delayed,207,165,1229810235.0,82626796.0,-9.4,7.2
P1603,Bridge Project 0603,Bridge,South,Chennai,MegaBuild,2024-08-26,2026-10-21,2026-12-08,815017661.0,836869935.0,90.1,80.1,203,412598474.0,171615319.0,252656142.0,8786.0,1,3,8,2,89.7,96.0,48,Delayed,834,786,836869935.0,21852274.0,-10.0,2.68
P1604,Highway Project 0604,Highway,South,Bengaluru,ABC Infra,2023-02-27,2023-10-17,2024-01-14,735948009.0,814753823.0,90.2,71.9,266,460687762.0,198526387.0,155539675.0,1182.0,0,5,13,6,74.9,100.0,89,Delayed,321,232,814753824.0,78805814.0,-18.3,10.71
P1605,Building Project 0605,Building,Central,Indore,MegaBuild,2025-08-08,2026-07-26,2026-10-07,805663880.0,884434132.0,89.1,77.5,223,443454041.0,224892254.0,216087837.0,693.0,1,6,10,1,71.1,98.0,73,Delayed,425,352,884434132.0,78770252.0,-11.6,9.78
P1606,Power Transmission Project 0606,Power Transmission,North,Delhi,UrbanWorks,2023-12-12,2024-04-26,2024-06-22,1039078438.0,1071805457.0,92.6,82.0,567,629173862.0,265804179.0,176827417.0,3039.0,2,2,9,1,88.7,88.3,57,Delayed,193,136,1071805458.0,32727019.0,-10.6,3.15
P1607,Building Project 0607,Building,North,Jaipur,Shakti Engineering,2025-01-10,2026-05-04,2026-07-04,1069386301.0,1129704406.0,89.6,76.2,433,635340408.0,265820943.0,228543055.0,11959.0,0,3,12,4,88.4,99.2,61,Delayed,540,479,1129704406.0,60318105.0,-13.4,5.64
P1608,Metro Project 0608,Metro,Central,Nagpur,Shakti Engineering,2024-04-18,2025-03-26,2025-06-09,1940763360.0,2152952715.0,87.9,75.9,867,1310496012.0,613120618.0,229336085.0,4467.0,4,4,15,4,84.4,75.6,75,Delayed,417,342,2152952715.0,212189355.0,-12.0,10.93
P1609,Bridge Project 0609,Bridge,West,Pune,Apex Contractors,2023-04-27,2025-07-24,2025-09-15,813355625.0,851108377.0,88.3,74.2,266,485463608.0,261064868.0,104579901.0,4713.0,2,0,14,1,81.2,85.5,53,Delayed,872,819,851108377.0,37752752.0,-14.1,4.64
P1610,Bridge Project 0610,Bridge,West,Mumbai,ABC Infra,2025-04-09,2026-10-28,2026-12-20,879327725.0,913893757.0,96.7,82.8,220,574287702.0,237051133.0,102554922.0,4990.0,2,4,13,1,80.8,83.9,53,Delayed,620,567,913893757.0,34566032.0,-13.9,3.93
P1611,Building Project 0611,Building,Central,Indore,UrbanWorks,2025-03-01,2026-06-28,2026-09-05,1012980542.0,1063757898.0,90.2,72.7,549,624580737.0,260936457.0,178240704.0,4774.0,3,5,13,1,78.2,79.6,69,Delayed,553,484,1063757898.0,50777356.0,-17.5,5.01
P1612,Water Infrastructure Project 0612,Water Infrastructure,South,Chennai,ABC Infra,2023-05-07,2025-07-09,2025-08-14,786994950.0,844696127.0,96.5,86.0,247,524606119.0,227454810.0,92635198.0,4531.0,1,0,10,1,97.5,97.8,36,Delayed,830,794,844696127.0,57701177.0,-10.5,7.33
P1613,Highway Project 0613,Highway,South,Hyderabad,Shakti Engineering,2024-01-28,2025-04-17,2025-05-15,993930923.0,1052595009.0,86.2,78.3,357,574255394.0,272297574.0,206042042.0,3077.0,3,3,11,2,88.3,86.0,28,On Track,473,445,1052595010.0,58664086.0,-7.9,5.9
P1614,Power Transmission Project 0614,Power Transmission,North,Jaipur,Vertex Infra,2025-06-26,2027-02-02,2027-04-12,1474626112.0,1672793098.0,87.4,76.9,640,963265773.0,511170352.0,198356974.0,1701.0,0,5,7,3,81.4,96.8,69,Delayed,655,586,1672793099.0,198166986.0,-10.5,13.44
P1615,Highway Project 0615,Highway,South,Hyderabad,MegaBuild,2024-10-02,2026-03-19,2026-06-28,1135116096.0,1394677174.0,88.1,65.3,258,737152751.0,364590164.0,292934260.0,8386.0,5,6,8,4,87.1,58.8,101,Delayed,634,533,1394677175.0,259561078.0,-22.8,22.87
P1616,Bridge Project 0616,Bridge,South,Chennai,BuildTech,2023-02-27,2024-09-23,2024-12-06,818702815.0,896387047.0,89.7,78.6,399,451551952.0,185443746.0,259391349.0,1205.0,1,8,8,2,69.7,87.4,74,Delayed,648,574,896387047.0,77684232.0,-11.1,9.49
P1617,Highway Project 0617,Highway,South,Hyderabad,Shakti Engineering,2024-09-25,2026-08-31,2026-09-22,723469983.0,828650004.0,87.1,83.0,287,465771586.0,191256822.0,171621596.0,829.0,2,3,9,0,91.6,84.8,22,On Track,727,705,828650004.0,105180021.0,-4.1,14.54
P1618,Bridge Project 0618,Bridge,Central,Indore,Prime Projects,2024-05-27,2025-05-14,2025-05-04,795247417.0,857669047.0,89.5,97.9,247,527141927.0,234170964.0,96356156.0,8311.0,0,4,11,0,83.5,98.8,-10,Completed,342,352,857669047.0,62421630.0,8.4,7.85
P1619,Building Project 0619,Building,West,Ahmedabad,BuildTech,2025-01-20,2025-12-29,2026-01-29,533260290.0,570048677.0,90.8,89.0,128,326186635.0,162927103.0,80934939.0,7378.0,0,3,10,1,91.4,100.0,31,Delayed,374,343,570048677.0,36788387.0,-1.8,6.9
P1620,Building Project 0620,Building,South,Hyderabad,Shakti Engineering,2025-03-12,2026-08-25,2026-10-03,1011612137.0,1095086907.0,94.0,88.9,276,556241772.0,300851498.0,237993637.0,4918.0,1,4,10,2,83.3,93.9,39,Delayed,570,531,1095086907.0,83474770.0,-5.1,8.25
P1621,Highway Project 0621,Highway,Central,Nagpur,MegaBuild,2023-04-06,2025-02-25,2025-03-04,873000120.0,861811418.0,84.6,86.6,449,463448725.0,268439737.0,129922956.0,4021.0,0,4,8,1,93.3,100.0,7,On Track,698,691,861811418.0,-11188702.0,2.0,-1.28
P1622,Building Project 0622,Building,North,Delhi,ABC Infra,2024-09-29,2025-12-27,2026-02-24,1038368770.0,1110105588.0,93.7,84.9,463,556638745.0,266027333.0,287439509.0,8878.0,1,5,7,2,84.8,96.4,59,Delayed,513,454,1110105587.0,71736818.0,-8.8,6.91
P1623,Highway Project 0623,Highway,West,Mumbai,Vertex Infra,2023-04-28,2024-04-03,2024-04-29,1079542778.0,1131264513.0,93.0,85.9,326,718720060.0,229304481.0,183239972.0,2921.0,2,3,3,3,91.6,93.5,26,On Track,367,341,1131264513.0,51721735.0,-7.1,4.79
P1624,Water Infrastructure Project 0624,Water Infrastructure,Central,Indore,Vertex Infra,2024-07-13,2024-12-16,2024-12-28,684584349.0,748805011.0,86.1,90.3,165,406751160.0,197732347.0,144321504.0,7026.0,0,2,11,1,97.2,97.2,12,Completed,168,156,748805011.0,64220662.0,4.2,9.38
P1625,Power Transmission Project 0625,Power Transmission,South,Bengaluru,Unknown,2024-08-23,2025-09-24,2025-11-20,1261957938.0,1461380664.0,86.8,77.9,565,788239597.0,296532163.0,376608904.0,872.0,1,5,10,2,64.4,90.8,57,Delayed,454,397,1461380664.0,199422726.0,-8.9,15.8
P1626,Metro Project 0626,Metro,South,Chennai,MegaBuild,2024-05-02,2025-03-13,2025-04-23,1246173622.0,1393449532.0,91.4,87.1,509,744412540.0,408704031.0,240332961.0,943.0,2,6,7,3,86.1,87.5,41,Delayed,356,315,1393449532.0,147275910.0,-4.3,11.82
P1627,Building Project 0627,Building,North,Jaipur,Vertex Infra,2023-08-25,2025-04-19,2025-04-09,626212172.0,661013884.0,87.5,93.7,221,330747954.0,185428387.0,144837543.0,4371.0,1,1,5,0,92.6,88.0,-10,Completed,593,603,661013884.0,34801712.0,6.2,5.56
P1628,Bridge Project 0628,Bridge,Central,Indore,Vertex Infra,2025-06-03,2026-05-30,2026-08-30,494295543.0,570170341.0,95.5,75.9,168,297390698.0,176719348.0,96060295.0,8371.0,4,6,10,2,71.0,63.1,92,Delayed,453,361,570170341.0,75874798.0,-19.6,15.35
P1629,Highway Project 0629,Highway,West,Ahmedabad,UrbanWorks,2025-06-15,2026-09-01,2026-11-21,1173486976.0,1303908349.0,90.0,73.2,342,717405612.0,297199961.0,289302776.0,7313.0,3,6,8,2,78.2,85.0,81,Delayed,524,443,1303908349.0,130421373.0,-16.8,11.11
P1630,Bridge Project 0630,Bridge,North,Jaipur,Prime Projects,2023-09-29,2026-01-26,2026-02-26,781171211.0,898988735.0,85.2,83.1,344,563046603.0,176350143.0,159591988.0,9784.0,3,5,9,2,78.3,76.7,31,Delayed,881,850,898988734.0,117817524.0,-2.1,15.08
P1631,Power Transmission Project 0631,Power Transmission,Central,Nagpur,BuildTech,2023-07-08,2024-05-14,2024-06-13,1546361816.0,1786816676.0,85.5,80.1,835,1134489717.0,449822056.0,202504903.0,5905.0,0,3,8,1,84.9,100.0,30,On Track,341,311,1786816676.0,240454860.0,-5.4,15.55
P1632,Building Project 0632,Building,South,Chennai,ABC Infra,2025-09-25,2026-02-08,2026-01-29,515136394.0,585539950.0,84.0,96.5,143,383743449.0,125119987.0,76676514.0,10977.0,1,3,8,2,87.3,86.6,-10,Completed,126,136,585539950.0,70403556.0,12.5,13.67
P1633,Highway Project 0633,Highway,North,Jaipur,Vertex Infra,2024-12-04,2026-09-08,2026-10-19,694471531.0,743287981.0,89.6,80.2,289,466973676.0,194555505.0,81758800.0,5982.0,1,4,9,3,92.8,95.1,41,Delayed,684,643,743287981.0,48816450.0,-9.4,7.03
P1634,Power Transmission Project 0634,Power Transmission,South,Hyderabad,UrbanWorks,2024-03-22,2025-08-24,2025-10-21,1096661999.0,1258615490.0,89.8,76.4,394,639055083.0,319082391.0,300478015.0,854.0,3,3,7,4,86.0,74.8,58,Delayed,578,520,1258615489.0,161953491.0,-13.4,14.77
P1635,Building Project 0635,Building,Central,Indore,MegaBuild,2024-08-03,2026-11-05,2026-12-22,1020008549.0,1121181141.0,92.1,81.1,374,555624311.0,319582235.0,245974595.0,10650.0,3,3,8,5,83.1,76.2,47,Delayed,871,824,1121181141.0,101172592.0,-11.0,9.92
P1002,Highway Project 0002,Highway,Central,Nagpur,ABC Infra,2024-03-11,2025-02-21,2025-05-23,1504720970.0,1497509928.0,90.1,71.1,822,783344199.0,402425555.0,311740174.0,3000.0,1,7,9,1,72.0,94.9,91,Delayed,438,347,1497509928.0,-7211042.0,-19.0,-0.48
P1636,Power Transmission Project 0636,Power Transmission,North,Delhi,Vertex Infra,2025-02-28,2025-07-19,2025-08-11,1464610396.0,1568982659.0,95.1,88.3,445,799180587.0,364193553.0,405608520.0,3693.0,2,1,12,2,85.7,81.4,23,On Track,164,141,1568982660.0,104372263.0,-6.8,7.13
P1637,Building Project 0637,Building,South,Chennai,Apex Contractors,2025-05-10,2026-12-24,2027-03-13,657030392.0,792213695.0,90.0,71.7,323,455652598.0,223285985.0,113275112.0,11066.0,6,6,10,3,82.9,60.9,79,Delayed,672,593,792213695.0,135183303.0,-18.3,20.57
P1638,Building Project 0638,Building,West,Pune,Prime Projects,2023-09-04,2024-04-30,2024-06-03,727349601.0,746855265.0,95.1,83.8,276,421859030.0,194843953.0,130152282.0,10716.0,1,5,9,0,80.9,94.5,34,Delayed,273,239,746855265.0,19505664.0,-11.3,2.68
P1639,Highway Project 0639,Highway,Central,Nagpur,ABC Infra,2025-08-20,2026-07-15,2026-08-12,610502597.0,653937685.0,87.1,85.0,243,376242470.0,191741144.0,85954071.0,10480.0,0,6,10,2,76.1,97.9,28,On Track,357,329,653937685.0,43435088.0,-2.1,7.11
P1640,Highway Project 0640,Highway,West,Mumbai,MegaBuild,2023-03-17,2024-05-15,2024-06-23,1551381812.0,1777412408.0,84.1,81.1,497,955169138.0,374308540.0,447934730.0,9435.0,0,4,10,4,84.5,95.5,39,Delayed,464,425,1777412408.0,226030596.0,-3.0,14.57
P1641,Power Transmission Project 0641,Power Transmission,South,Chennai,MegaBuild,2023-06-03,2024-06-26,2024-07-23,1411352839.0,1469104254.0,93.2,85.7,395,778065860.0,282298944.0,408739450.0,4868.0,0,6,9,1,84.4,99.1,27,On Track,416,389,1469104254.0,57751415.0,-7.5,4.09
P1642,Metro Project 0642,Metro,West,Ahmedabad,BuildTech,2024-10-17,2027-01-18,2027-04-22,1555100056.0,1577500869.0,92.9,72.0,386,925189320.0,465255532.0,187056017.0,9485.0,2,5,17,1,74.5,93.6,94,Delayed,917,823,1577500869.0,22400813.0,-20.9,1.44
P1643,Power Transmission Project 0643,Power Transmission,Central,Indore,Vertex Infra,2024-03-10,2026-05-25,2026-08-09,1313828157.0,1358545865.0,91.0,,598,645910360.0,304324492.0,408311012.0,3759.0,4,3,14,1,83.0,67.3,76,Delayed,882,806,1358545864.0,44717708.0,-91.0,3.4
P1644,Building Project 0644,Building,South,Hyderabad,BuildTech,2025-09-23,2026-11-01,2026-11-29,435779892.0,457416634.0,92.7,81.7,124,290554945.0,113004979.0,53856710.0,1421.0,1,4,10,1,82.1,87.8,28,On Track,432,404,457416634.0,21636742.0,-11.0,4.97
P1645,Highway Project 0645,Highway,West,Mumbai,ABC Infra,2023-03-27,2025-07-09,2025-09-24,1531799319.0,1698832703.0,80.8,70.1,685,1036690497.0,479515953.0,182626252.0,5830.0,0,2,7,6,94.1,100.0,77,Delayed,912,835,1698832702.0,167033384.0,-10.7,10.9
P1646,Highway Project 0646,Highway,West,Mumbai,Apex Contractors,2024-11-27,2027-01-31,2027-03-13,705150312.0,742495560.0,88.1,79.8,245,403747591.0,179324812.0,159423156.0,11938.0,2,1,7,1,97.1,82.6,41,Delayed,836,795,742495559.0,37345248.0,-8.3,5.3
P1647,Metro Project 0647,Metro,Central,Nagpur,Vertex Infra,2023-10-12,2026-03-12,2026-06-11,2273100030.0,2424999471.0,94.5,73.4,811,1461750623.0,542529120.0,420719729.0,5409.0,0,5,16,2,81.4,98.0,91,Delayed,973,882,2424999472.0,151899441.0,-21.1,6.68
P1648,Power Transmission Project 0648,Power Transmission,North,Jaipur,Shakti Engineering,2025-08-31,2026-08-12,2026-10-12,901999900.0,958985309.0,89.0,77.8,338,554721737.0,192202510.0,212061062.0,355.0,0,3,7,1,95.0,100.0,61,Delayed,407,346,958985309.0,56985409.0,-11.2,6.32
P1649,Bridge Project 0649,Bridge,West,Ahmedabad,Vertex Infra,2023-08-08,2024-12-20,2025-02-22,1004488141.0,1082662533.0,92.6,80.0,342,560833946.0,262545280.0,259283307.0,10248.0,1,7,9,2,68.5,89.4,64,Delayed,564,500,1082662533.0,78174392.0,-12.6,7.78
P1650,Bridge Project 0650,Bridge,North,Jaipur,Apex Contractors,2023-03-10,2024-10-09,2024-12-31,1053377628.0,1155709773.0,100.0,81.4,266,567061864.0,309947893.0,278700016.0,9149.0,1,8,10,4,67.9,93.2,83,Delayed,662,579,1155709773.0,102332145.0,-18.6,9.71
P1651,Metro Project 0651,Metro,South,Hyderabad,Shakti Engineering,2023-02-16,2023-06-22,2023-07-20,2323371063.0,2555462501.0,94.1,87.8,748,1276002172.0,547013263.0,732447066.0,8751.0,1,7,14,1,68.6,98.4,28,On Track,154,126,2555462501.0,232091438.0,-6.3,9.99
P1652,Highway Project 0652,Highway,West,Mumbai,MegaBuild,2023-04-04,2023-08-30,2023-11-01,1164651936.0,1272271085.0,88.6,75.3,511,721664820.0,337631004.0,212975261.0,5036.0,1,6,16,1,74.7,89.4,63,Delayed,211,148,1272271085.0,107619149.0,-13.3,9.24
P1653,Bridge Project 0653,Bridge,West,Ahmedabad,BuildTech,2025-01-19,2025-06-20,2025-06-27,1148787003.0,1291278935.0,82.9,85.9,505,623045737.0,318255409.0,349977790.0,2909.0,3,0,13,2,100.0,70.5,7,On Track,159,152,1291278936.0,142491932.0,3.0,12.4
P1654,Highway Project 0654,Highway,West,Ahmedabad,Prime Projects,2025-08-15,2027-09-19,2027-11-29,604664913.0,694072258.0,92.9,67.9,190,422570479.0,195196666.0,76305113.0,4209.0,1,3,7,1,92.6,100.0,71,Delayed,836,765,694072258.0,89407345.0,-25.0,14.79
P1655,Power Transmission Project 0655,Power Transmission,South,Bengaluru,Vertex Infra,2024-03-28,2024-10-12,2024-11-03,1005406867.0,1029380563.0,81.9,83.3,373,647400733.0,209524958.0,172454872.0,703.0,1,2,9,5,85.4,91.8,22,On Track,220,198,1029380563.0,23973696.0,1.4,2.38
P1656,Bridge Project 0656,Bridge,Central,Indore,Prime Projects,2023-07-23,2025-02-20,2025-03-29,617337171.0,684731617.0,86.8,85.7,175,327971174.0,185954111.0,170806332.0,1094.0,2,6,8,1,73.2,84.9,37,Delayed,615,578,684731617.0,67394446.0,-1.1,10.92
P1657,Bridge Project 0657,Bridge,West,Mumbai,Vertex Infra,2025-06-30,2027-05-20,2027-07-05,1227611519.0,1323807678.0,87.0,78.6,355,702848641.0,402698605.0,218260433.0,1861.0,1,6,10,0,77.9,97.6,46,Delayed,735,689,1323807679.0,96196159.0,-8.4,7.84
P1658,Bridge Project 0658,Bridge,West,Mumbai,MegaBuild,2023-08-06,2025-05-24,2025-08-19,733746568.0,875234256.0,89.5,69.7,167,524001991.0,242244658.0,108987607.0,9675.0,1,7,9,6,69.2,88.9,87,Delayed,744,657,875234256.0,141487688.0,-19.8,19.28
P1659,Bridge Project 0659,Bridge,West,Ahmedabad,BuildTech,2024-04-18,2025-12-10,2026-03-20,1016905477.0,1115858778.0,91.1,69.4,524,675614659.0,259175317.0,181068801.0,11133.0,1,2,7,6,96.4,97.4,100,Delayed,701,601,1115858777.0,98953301.0,-21.7,9.73
P1660,Power Transmission Project 0660,Power Transmission,North,Jaipur,ABC Infra,2024-03-07,2025-09-07,2025-10-20,1433517448.0,1529591428.0,86.5,82.0,415,791293681.0,321348133.0,416949614.0,7723.0,0,7,12,1,66.6,99.7,43,Delayed,592,549,1529591428.0,96073980.0,-4.5,6.7
P1661,Building Project 0661,Building,West,Mumbai,ABC Infra,2023-12-07,2026-04-12,2026-06-12,509138085.0,514761418.0,94.2,80.2,150,288988752.0,103437200.0,122335466.0,11156.0,2,1,4,1,100.0,89.0,61,Delayed,918,857,514761418.0,5623333.0,-14.0,1.1
P1662,Highway Project 0662,Highway,West,Ahmedabad,ABC Infra,2024-07-04,2025-08-12,2025-10-09,772252576.0,860061914.0,95.7,84.5,241,539559554.0,224611603.0,95890757.0,7095.0,0,3,9,2,87.0,100.0,58,Delayed,462,404,860061914.0,87809338.0,-11.2,11.37
P1663,Building Project 0663,Building,West,Mumbai,Vertex Infra,2024-09-03,2026-05-31,2026-08-17,558618463.0,622379218.0,89.0,75.7,146,345035913.0,132055242.0,145288063.0,5792.0,2,3,9,4,88.7,84.5,78,Delayed,713,635,622379218.0,63760755.0,-13.3,11.41
P1664,Highway Project 0664,Highway,West,Ahmedabad,Vertex Infra,2023-10-16,2024-05-21,2024-07-15,952128006.0,1066625449.0,94.3,84.3,410,539827852.0,316420614.0,210376982.0,10449.0,1,2,9,2,91.9,95.8,55,Delayed,273,218,1066625448.0,114497443.0,-10.0,12.03
P1665,Highway Project 0665,Highway,South,Bengaluru,Prime Projects,2023-09-11,2025-02-08,2025-03-26,767369694.0,801569931.0,87.2,74.6,187,491142437.0,225628323.0,84799172.0,10585.0,2,2,11,0,88.7,80.9,46,Delayed,562,516,801569932.0,34200237.0,-12.6,4.46
P1666,Power Transmission Project 0666,Power Transmission,Central,Indore,BuildTech,2025-01-03,2026-09-03,2026-11-10,628778294.0,660359888.0,85.9,71.5,166,339973253.0,139050107.0,181336528.0,10244.0,0,1,12,3,91.0,99.9,68,Delayed,676,608,660359888.0,31581594.0,-14.4,5.02
P1667,Water Infrastructure Project 0667,Water Infrastructure,West,Ahmedabad,Apex Contractors,2023-12-23,2024-05-29,2024-06-22,834532799.0,919979469.0,94.3,89.6,361,449510511.0,218138504.0,252330454.0,5299.0,2,3,6,1,90.1,82.6,24,On Track,182,158,919979469.0,85446670.0,-4.7,10.24
P1668,Power Transmission Project 0668,Power Transmission,West,Mumbai,Vertex Infra,2023-01-23,2024-02-17,2024-05-11,1773387896.0,1929369132.0,91.1,71.5,588,1052387900.0,571424152.0,305557079.0,6498.0,3,7,10,1,82.0,75.8,84,Delayed,474,390,1929369131.0,155981236.0,-19.6,8.8
P1669,Bridge Project 0669,Bridge,South,Hyderabad,BuildTech,2025-01-31,2025-11-03,2026-02-02,694295569.0,804792887.0,91.6,76.8,314,386342848.0,190844559.0,227605480.0,5497.0,2,7,18,4,80.6,81.2,91,Delayed,367,276,804792887.0,110497318.0,-14.8,15.92
P1670,Building Project 0670,Building,Central,Indore,Prime Projects,2024-06-05,2024-12-16,2025-03-14,599532419.0,661185511.0,97.4,75.8,242,423532177.0,164199617.0,73453717.0,3862.0,0,2,13,3,93.9,100.0,88,Delayed,282,194,661185511.0,61653092.0,-21.6,10.28
P1671,Highway Project 0671,Highway,South,Bengaluru,Vertex Infra,2025-01-27,2025-10-03,2025-12-03,529910944.0,562275744.0,92.7,77.3,161,302067119.0,153726882.0,106481744.0,1994.0,1,0,11,1,99.8,93.5,61,Delayed,310,249,562275745.0,32364800.0,-15.4,6.11
P1672,Metro Project 0672,Metro,West,Ahmedabad,ABC Infra,2025-04-16,2027-07-01,2027-08-27,2336896363.0,2493932019.0,99.6,87.1,1016,1562104817.0,540534770.0,391292433.0,1155.0,0,3,5,4,86.1,100.0,57,Delayed,863,806,2493932020.0,157035656.0,-12.5,6.72
P1673,Power Transmission Project 0673,Power Transmission,South,Hyderabad,ABC Infra,2023-04-10,2023-10-30,2023-12-02,1603782274.0,1784865122.0,90.4,85.7,414,878027374.0,524780861.0,382056887.0,9787.0,2,6,7,2,75.0,85.4,33,Delayed,236,203,1784865122.0,181082848.0,-4.7,11.29
P1674,Metro Project 0674,Metro,West,Ahmedabad,MegaBuild,2025-03-12,2025-07-31,2025-10-25,1280284435.0,1398003063.0,96.0,77.0,508,711157430.0,398972731.0,287872902.0,5055.0,3,9,11,2,59.5,82.2,86,Delayed,227,141,1398003063.0,117718628.0,-19.0,9.19
P1675,Power Transmission Project 0675,Power Transmission,North,Jaipur,Shakti Engineering,2023-06-29,2025-01-27,2025-03-23,798196283.0,869482774.0,89.8,76.4,290,526688676.0,187132810.0,155661288.0,3921.0,1,2,8,3,83.0,88.5,55,Delayed,633,578,869482774.0,71286491.0,-13.4,8.93
P1676,Water Infrastructure Project 0676,Water Infrastructure,West,Mumbai,UrbanWorks,2023-08-11,2025-05-30,2025-06-28,780500366.0,875184544.0,85.4,83.3,240,554327416.0,177532085.0,143325043.0,4506.0,1,2,10,0,91.5,96.7,29,On Track,687,658,875184544.0,94684178.0,-2.1,12.13
P1677,Highway Project 0677,Highway,South,Chennai,Apex Contractors,2025-06-24,2027-09-28,2027-11-21,1166523832.0,1320741987.0,93.3,83.6,489,637761109.0,383384050.0,299596828.0,1338.0,1,4,7,2,82.2,94.7,54,Delayed,880,826,1320741987.0,154218155.0,-9.7,13.22
P1678,Building Project 0678,Building,Central,Nagpur,Shakti Engineering,2025-01-31,2026-06-16,2026-08-26,389575299.0,419287451.0,89.9,74.8,197,246056404.0,114111115.0,59119932.0,4896.0,4,4,12,1,87.8,69.8,71,Delayed,572,501,419287451.0,29712152.0,-15.1,7.63
P1679,Water Infrastructure Project 0679,Water Infrastructure,North,Delhi,Vertex Infra,2024-10-20,2027-03-06,2027-04-29,679140929.0,729604727.0,98.3,86.5,373,370826494.0,148690317.0,210087917.0,4813.0,1,2,8,1,91.7,91.0,54,Delayed,921,867,729604728.0,50463798.0,-11.8,7.43
P1680,Metro Project 0680,Metro,North,Jaipur,BuildTech,2024-03-17,2025-09-27,2025-11-20,1601657091.0,1686450884.0,92.3,80.8,673,1064861704.0,356664363.0,264924817.0,4670.0,1,6,13,0,75.0,97.6,54,Delayed,613,559,1686450884.0,84793793.0,-11.5,5.29
P1681,Power Transmission Project 0681,Power Transmission,South,Hyderabad,Vertex Infra,2024-08-30,2026-08-23,2026-09-21,1051157438.0,1119345686.0,93.8,83.6,371,694544660.0,214671830.0,210129196.0,7961.0,0,4,7,0,83.2,100.0,29,On Track,752,723,1119345686.0,68188248.0,-10.2,6.49
P1682,Building Project 0682,Building,North,Jaipur,BuildTech,2025-02-07,2025-06-27,2025-08-28,907857964.0,972800566.0,83.7,76.7,267,567641716.0,291567357.0,113591492.0,5616.0,1,2,9,5,95.8,94.2,62,Delayed,202,140,972800565.0,64942602.0,-7.0,7.15
P1683,Highway Project 0683,Highway,West,Pune,BuildTech,2023-11-21,2025-01-16,2025-05-04,1369927276.0,1461671578.0,92.9,71.6,417,905317467.0,375329529.0,181024583.0,3747.0,1,6,9,2,75.2,93.7,108,Delayed,530,422,1461671579.0,91744302.0,-21.3,6.7
P1684,Building Project 0684,Building,West,Ahmedabad,Shakti Engineering,2024-05-30,2024-12-19,2025-01-22,643754988.0,752840046.0,89.7,87.3,243,368745911.0,185903351.0,198190784.0,6150.0,2,3,5,3,87.5,85.2,34,Delayed,237,203,752840046.0,109085058.0,-2.4,16.95
P1685,Power Transmission Project 0685,Power Transmission,West,Ahmedabad,UrbanWorks,2023-01-16,2025-06-27,2025-08-09,1751055053.0,1906911150.0,86.9,77.5,597,904879671.0,556704164.0,445327315.0,7530.0,0,3,9,3,86.4,97.0,43,Delayed,936,893,1906911150.0,155856097.0,-9.4,8.9
P1686,Highway Project 0686,Highway,North,Delhi,MegaBuild,2025-03-02,2027-04-19,2027-07-10,947253540.0,1033387728.0,95.6,81.2,494,533465301.0,262084437.0,237837990.0,3732.0,1,3,18,4,90.0,93.6,82,Delayed,860,778,1033387728.0,86134188.0,-14.4,9.09
P1687,Power Transmission Project 0687,Power Transmission,North,Delhi,Shakti Engineering,2023-12-02,2025-06-26,2025-07-26,1538921603.0,1562615874.0,84.8,81.1,525,809559204.0,387096863.0,365959807.0,7416.0,1,5,10,3,79.9,92.6,30,On Track,602,572,1562615874.0,23694271.0,-3.7,1.54
P1688,Metro Project 0688,Metro,West,Pune,UrbanWorks,2025-01-28,2026-06-18,2026-07-31,1948076984.0,2118542672.0,91.4,83.1,668,1260846940.0,624885441.0,232810291.0,5529.0,0,2,11,3,81.1,100.0,43,Delayed,549,506,2118542672.0,170465688.0,-8.3,8.75
P1689,Power Transmission Project 0689,Power Transmission,West,Mumbai,ABC Infra,2023-09-15,2025-06-02,2025-06-11,1691014115.0,1979221374.0,87.5,83.2,586,1087789732.0,402406249.0,489025392.0,2541.0,1,6,10,1,75.7,87.0,9,On Track,635,626,1979221373.0,288207259.0,-4.3,17.04
P1690,Water Infrastructure Project 0690,Water Infrastructure,Central,Nagpur,ABC Infra,2024-05-11,2025-05-22,2025-07-27,851695552.0,921607325.0,91.1,83.4,422,458597545.0,284768496.0,178241283.0,8118.0,2,3,18,3,82.6,84.4,66,Delayed,442,376,921607324.0,69911773.0,-7.7,8.21
P1691,Metro Project 0691,Metro,South,Chennai,BuildTech,2025-09-14,2027-08-04,2027-09-10,1163085280.0,1236970600.0,88.9,83.5,505,760742482.0,255075707.0,221152411.0,7298.0,2,3,13,1,80.9,87.1,37,Delayed,726,689,1236970600.0,73885320.0,-5.4,6.35
P1692,Metro Project 0692,Metro,South,Chennai,Prime Projects,2025-06-14,2027-03-22,2027-04-25,2844256796.0,3014950689.0,89.3,83.2,1202,1947659033.0,730915533.0,336376123.0,5194.0,2,1,12,0,100.0,81.1,34,Delayed,680,646,3014950689.0,170693893.0,-6.1,6.0
P1693,Power Transmission Project 0693,Power Transmission,South,Bengaluru,Vertex Infra,2023-06-09,2024-03-16,2024-04-27,1603897158.0,1679404284.0,90.2,84.1,529,953606236.0,394290691.0,331507358.0,10455.0,1,4,8,1,85.0,91.5,42,Delayed,323,281,1679404285.0,75507126.0,-6.1,4.71
P1694,Bridge Project 0694,Bridge,South,Bengaluru,Vertex Infra,2024-04-19,2025-01-26,2025-04-07,1065331339.0,1266721615.0,86.2,70.9,521,730183174.0,386334434.0,150204006.0,6744.0,3,7,9,1,72.8,78.1,71,Delayed,353,282,1266721614.0,201390276.0,-15.3,18.9
P1695,Water Infrastructure Project 0695,Water Infrastructure,West,Mumbai,BuildTech,2025-05-01,2027-02-03,2027-04-18,424051361.0,479355817.0,94.1,79.4,98,228894949.0,115648447.0,134812421.0,3315.0,3,4,14,1,73.9,79.0,74,Delayed,717,643,479355817.0,55304456.0,-14.7,13.04
P1696,Highway Project 0696,Highway,South,Bengaluru,Prime Projects,2024-10-25,2025-11-19,2026-01-22,1363849573.0,1503701766.0,92.7,82.2,691,808200270.0,289339413.0,406162083.0,7115.0,1,1,14,2,86.6,88.9,64,Delayed,454,390,1503701766.0,139852193.0,-10.5,10.25
P1697,Power Transmission Project 0697,Power Transmission,South,Bengaluru,Apex Contractors,2025-06-26,2027-02-27,2027-04-03,1633660609.0,1886343799.0,86.0,81.5,635,984206667.0,394449595.0,507687538.0,5164.0,0,1,17,2,100.0,93.5,35,Delayed,646,611,1886343800.0,252683190.0,-4.5,15.47
P1698,Water Infrastructure Project 0698,Water Infrastructure,West,Pune,UrbanWorks,2024-11-20,2025-10-13,2025-12-05,477435952.0,553072584.0,95.6,80.8,167,357990227.0,132771891.0,62310466.0,9976.0,1,0,14,3,97.0,89.0,53,Delayed,380,327,553072584.0,75636632.0,-14.8,15.84
P1699,Power Transmission Project 0699,Power Transmission,West,Pune,Apex Contractors,2024-11-05,2026-08-25,2026-09-27,1757234695.0,1872057719.0,93.0,83.6,674,1093019563.0,494121015.0,284917140.0,4534.0,0,4,4,1,77.9,99.9,33,Delayed,691,658,1872057718.0,114823024.0,-9.4,6.53
P1700,Highway Project 0700,Highway,South,Bengaluru,Apex Contractors,2024-01-15,2025-12-18,2026-02-03,574603853.0,619213020.0,90.4,83.5,252,367248467.0,152376679.0,99587874.0,5256.0,1,8,6,1,70.6,87.6,47,Delayed,750,703,619213020.0,44609167.0,-6.9,7.76
P1701,Building Project 0701,Building,North,Jaipur,ABC Infra,2024-06-28,2024-12-24,2024-12-24,464685116.0,494579604.0,84.3,88.1,104,244733105.0,141657273.0,108189226.0,2639.0,0,3,13,2,84.8,100.0,0,On Track,179,179,494579604.0,29894488.0,3.8,6.43
P1702,Building Project 0702,Building,Central,Indore,Unknown,2025-07-17,2027-01-17,2027-02-21,741870514.0,786470636.0,87.4,81.5,376,447635631.0,232545236.0,106289769.0,8826.0,2,4,11,1,85.1,89.5,35,Delayed,584,549,786470636.0,44600122.0,-5.9,6.01
P1703,Metro Project 0703,Metro,Central,Indore,Vertex Infra,2025-08-14,2027-09-29,2027-11-22,2130069093.0,2301195855.0,82.5,79.8,782,1212387785.0,616219918.0,472588153.0,7142.0,1,3,7,3,93.4,89.8,54,Delayed,830,776,2301195856.0,171126762.0,-2.7,8.03
P1704,Bridge Project 0704,Bridge,West,Mumbai,Shakti Engineering,2024-11-21,2026-11-15,2027-01-24,944748819.0,1021211820.0,90.7,78.6,314,637011919.0,259464891.0,124735010.0,2158.0,2,4,8,3,77.5,80.2,70,Delayed,794,724,1021211820.0,76463001.0,-12.1,8.09
P1705,Highway Project 0705,Highway,South,Chennai,Prime Projects,2024-03-02,2025-05-04,2025-05-18,540232740.0,559440388.0,93.4,87.2,143,279783662.0,124546265.0,155110461.0,1507.0,2,2,7,2,95.6,86.0,14,On Track,442,428,559440388.0,19207648.0,-6.2,3.56
P1706,Water Infrastructure Project 0706,Water Infrastructure,North,Delhi,UrbanWorks,2024-09-04,2026-06-05,2026-08-21,883521899.0,886344780.0,87.1,78.9,322,481171080.0,260884707.0,144288993.0,1224.0,0,4,10,4,84.6,93.4,77,Delayed,716,639,886344780.0,2822881.0,-8.2,0.32
P1707,Building Project 0707,Building,West,Mumbai,ABC Infra,2023-09-25,2025-09-04,2025-11-04,389380486.0,433040357.0,90.0,79.8,149,204789253.0,84902847.0,143348257.0,3245.0,1,3,11,1,93.7,98.8,61,Delayed,771,710,433040357.0,43659871.0,-10.2,11.21
P1708,Highway Project 0708,Highway,South,Bengaluru,Apex Contractors,2025-04-14,2025-09-07,2025-12-01,671999741.0,666663451.0,94.0,76.3,237,398951520.0,160428404.0,107283527.0,5681.0,2,7,15,1,77.6,86.4,85,Delayed,231,146,666663451.0,-5336290.0,-17.7,-0.79
P1709,Water Infrastructure Project 0709,Water Infrastructure,West,Pune,Shakti Engineering,2024-07-30,2026-10-13,2026-10-26,310978783.0,334580756.0,87.5,88.6,138,192504013.0,91422874.0,50653869.0,5729.0,0,3,9,1,87.7,100.0,13,On Track,818,805,334580756.0,23601973.0,1.1,7.59
P1710,Bridge Project 0710,Bridge,West,Ahmedabad,Prime Projects,2024-02-21,2026-01-02,2026-03-13,880158207.0,1022085933.0,92.2,75.9,315,590935247.0,312886690.0,118263996.0,4739.0,1,5,10,5,84.8,96.5,70,Delayed,751,681,1022085933.0,141927726.0,-16.3,16.13
P1711,Highway Project 0711,Highway,North,Jaipur,BuildTech,2023-06-17,2024-04-30,2024-07-25,1496718894.0,1627086313.0,98.4,73.4,804,830668533.0,419187088.0,377230693.0,7891.0,2,3,15,0,80.5,86.1,86,Delayed,404,318,1627086314.0,130367419.0,-25.0,8.71
P1712,Power Transmission Project 0712,Power Transmission,South,Hyderabad,BuildTech,2025-04-21,2026-09-09,2026-10-12,1410796071.0,1545779570.0,92.9,84.8,589,900814138.0,465605059.0,179360373.0,6192.0,1,0,12,5,96.6,86.1,33,Delayed,539,506,1545779570.0,134983499.0,-8.1,9.57
P1713,Power Transmission Project 0713,Power Transmission,West,Pune,BuildTech,2023-02-12,2024-05-25,2024-07-31,1600415537.0,1763439652.0,85.9,74.6,778,979994405.0,346663094.0,436782153.0,6245.0,1,6,9,2,72.0,87.7,67,Delayed,535,468,1763439652.0,163024115.0,-11.3,10.19
P1714,Building Project 0714,Building,Central,Indore,Vertex Infra,2024-07-09,2026-09-29,2026-11-15,366996060.0,403440021.0,89.9,87.1,93,258128859.0,100345240.0,44965922.0,7991.0,0,7,14,4,73.5,94.4,47,Delayed,859,812,403440021.0,36443961.0,-2.8,9.93
P1715,Highway Project 0715,Highway,West,Pune,UrbanWorks,2023-10-12,2025-07-28,2025-10-05,1088905987.0,1204758210.0,92.9,79.2,382,573519705.0,271855686.0,359382819.0,4327.0,0,5,17,4,81.3,98.2,69,Delayed,724,655,1204758210.0,115852223.0,-13.7,10.64
P1716,Water Infrastructure Project 0716,Water Infrastructure,North,Jaipur,BuildTech,2024-02-01,2025-06-12,2025-08-11,580535601.0,624429644.0,92.0,83.6,192,386443653.0,169906290.0,68079701.0,4595.0,0,4,9,3,81.8,100.0,60,Delayed,557,497,624429644.0,43894043.0,-8.4,7.56
P1717,Building Project 0717,Building,North,Delhi,Vertex Infra,2023-01-12,2024-11-19,2024-12-27,714262080.0,746701387.0,85.7,,291,417151835.0,180135679.0,149413872.0,7779.0,3,1,8,1,100.0,77.7,38,Delayed,715,677,746701386.0,32439307.0,-85.7,4.54
P1718,Metro Project 0718,Metro,South,Bengaluru,MegaBuild,2024-08-29,2026-06-06,2026-09-21,1132982107.0,1301764945.0,91.8,69.9,571,663155309.0,318005283.0,320604353.0,4961.0,1,8,8,2,70.3,98.7,107,Delayed,753,646,1301764945.0,168782838.0,-21.9,14.9
P1719,Building Project 0719,Building,West,Ahmedabad,Vertex Infra,2023-10-29,2024-07-27,2024-09-10,846871283.0,942271750.0,89.2,77.3,208,539692329.0,180904502.0,221674919.0,2698.0,2,4,6,1,93.1,79.8,45,Delayed,317,272,942271750.0,95400467.0,-11.9,11.27
P1720,Building Project 0720,Building,Central,Indore,ABC Infra,2025-06-16,2027-10-17,2027-11-27,717302597.0,754893009.0,88.2,83.8,174,414159194.0,176134191.0,164599624.0,327.0,0,0,8,2,98.9,100.0,41,Delayed,894,853,754893009.0,37590412.0,-4.4,5.24
P1721,Building Project 0721,Building,Central,Indore,Vertex Infra,2023-09-10,2024-07-31,2024-09-23,904581428.0,969715135.0,92.2,78.2,452,506823707.0,197809374.0,265082054.0,2198.0,3,3,7,0,93.8,79.5,54,Delayed,379,325,969715135.0,65133707.0,-14.0,7.2
P1722,Bridge Project 0722,Bridge,Central,Nagpur,UrbanWorks,2024-05-13,2025-12-08,2026-01-08,812864773.0,847684210.0,97.1,90.4,235,516223724.0,198392598.0,133067888.0,7600.0,0,3,9,2,88.6,100.0,31,Delayed,605,574,847684210.0,34819437.0,-6.7,4.28
P1723,Building Project 0723,Building,South,Chennai,Shakti Engineering,2025-01-23,2026-02-19,2026-04-07,464307870.0,506893194.0,87.0,79.0,204,,102404290.0,126616165.0,2727.0,1,3,6,2,92.4,89.6,47,Delayed,439,392,229020455.0,42585324.0,-8.0,9.17
P1724,Power Transmission Project 0724,Power Transmission,North,Delhi,Apex Contractors,2023-02-04,2024-01-25,2024-02-17,1389390914.0,1471562155.0,91.8,89.9,554,854239799.0,327762317.0,289560039.0,1925.0,0,3,11,1,80.9,98.2,23,On Track,378,355,1471562155.0,82171241.0,-1.9,5.91
P1725,Bridge Project 0725,Bridge,Central,Indore,Vertex Infra,2024-12-27,2027-05-05,2027-05-31,554718749.0,584615648.0,89.7,86.7,274,342523225.0,124502102.0,117590321.0,11067.0,2,3,12,0,76.7,84.0,26,On Track,885,859,584615648.0,29896899.0,-3.0,5.39
P1726,Water Infrastructure Project 0726,Water Infrastructure,South,Chennai,BuildTech,2025-04-28,2027-01-28,2027-03-20,830298711.0,901506240.0,92.4,79.4,216,493661924.0,197721550.0,210122766.0,2336.0,0,5,15,1,75.4,100.0,51,Delayed,691,640,901506240.0,71207529.0,-13.0,8.58
P1003,Highway Project 0003,Highway,Central,Indore,ABC Infra,2025-05-10,2026-04-10,2026-06-08,880962915.0,920260206.0,88.3,77.2,209,580944343.0,236589485.0,102726378.0,1305.0,0,4,9,3,95.2,98.2,59,Delayed,394,335,920260206.0,39297291.0,-11.1,4.46
P1727,Power Transmission Project 0727,Power Transmission,Central,Indore,ABC Infra,2023-03-31,2025-06-05,2025-06-08,1346870649.0,1462286330.0,90.4,87.7,353,784445250.0,300492264.0,377348815.0,9802.0,1,9,6,0,59.1,93.7,3,On Track,800,797,1462286329.0,115415681.0,-2.7,8.57
P1728,Bridge Project 0728,Bridge,South,Bengaluru,Prime Projects,2025-02-14,2027-06-09,2027-08-18,542193204.0,585538222.0,87.7,70.0,218,275738993.0,137165096.0,172634133.0,3655.0,5,4,11,2,84.2,67.5,70,Delayed,915,845,585538222.0,43345018.0,-17.7,7.99
P1729,Bridge Project 0729,Bridge,South,Chennai,BuildTech,2024-08-27,2026-05-09,2026-06-16,1206428897.0,1340923344.0,87.5,83.5,642,740599612.0,326147069.0,274176663.0,7346.0,0,1,10,3,99.1,99.4,38,Delayed,658,620,1340923344.0,134494447.0,-4.0,11.15
P1730,Building Project 0730,Building,North,Jaipur,ABC Infra,2025-07-10,2026-03-03,2026-03-23,728131306.0,806557595.0,91.8,91.6,259,432639787.0,239149822.0,134767986.0,4020.0,1,1,6,2,100.0,93.5,20,Completed,256,236,806557595.0,78426289.0,-0.2,10.77
P1731,Building Project 0731,Building,Central,Nagpur,MegaBuild,2025-08-27,2027-01-14,2027-02-28,409622393.0,422101658.0,90.5,77.7,134,210891999.0,110181745.0,101027914.0,5202.0,1,3,9,0,87.1,92.1,45,Delayed,550,505,422101658.0,12479265.0,-12.8,3.05
P1732,Power Transmission Project 0732,Power Transmission,South,Bengaluru,Apex Contractors,2024-08-24,2025-11-30,2026-01-02,1363467814.0,1624042032.0,92.5,86.3,572,855308166.0,348872636.0,419861231.0,10766.0,1,2,8,1,93.5,97.8,33,Delayed,496,463,1624042033.0,260574218.0,-6.2,19.11
P1733,Bridge Project 0733,Bridge,North,Jaipur,Prime Projects,2024-02-22,2026-01-25,2026-02-28,621389098.0,655755397.0,83.6,79.3,327,334731531.0,187875670.0,133148195.0,10566.0,2,3,17,2,86.9,85.6,34,Delayed,737,703,655755396.0,34366299.0,-4.3,5.53
P1734,Power Transmission Project 0734,Power Transmission,West,Ahmedabad,MegaBuild,2023-04-25,2024-09-20,2024-11-19,1577469077.0,1772336621.0,94.4,81.5,782,1010750262.0,393697407.0,367888953.0,5536.0,2,1,8,4,99.6,79.0,60,Delayed,574,514,1772336622.0,194867544.0,-12.9,12.35
P1735,Highway Project 0735,Highway,North,Delhi,Shakti Engineering,2024-09-08,2025-03-10,2025-05-09,1377124067.0,1566072565.0,95.7,90.9,755,901645740.0,442440427.0,221986399.0,8580.0,1,5,14,4,87.5,84.5,60,Delayed,243,183,1566072566.0,188948498.0,-4.8,13.72
P1736,Highway Project 0736,Highway,North,Delhi,ABC Infra,2025-06-21,2027-10-05,2027-11-17,1545499987.0,1710267600.0,90.6,76.6,351,1068846928.0,407992912.0,233427760.0,8613.0,2,4,6,1,89.8,80.6,43,Delayed,879,836,1710267600.0,164767613.0,-14.0,10.66
P1737,Building Project 0737,Building,South,Hyderabad,MegaBuild,2023-07-15,2025-11-01,2026-02-02,716336715.0,838808364.0,92.6,77.1,184,424059423.0,202827665.0,211921276.0,5261.0,1,10,12,1,52.3,100.0,93,Delayed,933,840,838808364.0,122471649.0,-15.5,17.1
P1738,Metro Project 0738,Metro,South,Hyderabad,Apex Contractors,2025-04-05,2025-10-13,2025-12-16,1890814622.0,2048211593.0,93.9,78.7,796,1095938737.0,503745550.0,448527307.0,332.0,4,4,9,1,74.3,73.2,64,Delayed,255,191,2048211594.0,157396971.0,-15.2,8.32
P1739,Metro Project 0739,Metro,South,Chennai,Apex Contractors,2024-05-15,2025-06-12,2025-08-16,2481881699.0,2673972038.0,89.3,79.2,1218,1582755748.0,792713830.0,298502460.0,4998.0,2,3,9,1,95.9,88.0,65,Delayed,458,393,2673972038.0,192090339.0,-10.1,7.74
P1740,Metro Project 0740,Metro,North,Delhi,Shakti Engineering,2024-09-17,2025-11-30,2026-02-22,1252291900.0,1406435527.0,90.9,79.7,393,888378423.0,284477184.0,233579920.0,9187.0,0,5,12,4,83.4,99.4,84,Delayed,523,439,1406435527.0,154143627.0,-11.2,12.31
P1741,Metro Project 0741,Metro,South,Chennai,Unknown,2024-05-07,2025-08-07,2025-08-28,2072892717.0,2142641593.0,91.9,84.7,619,1303015336.0,608868134.0,230758122.0,4141.0,3,2,10,3,100.0,73.7,21,On Track,478,457,2142641592.0,69748876.0,-7.2,3.36
P1742,Highway Project 0742,Highway,South,Hyderabad,ABC Infra,2023-03-16,2024-07-13,2024-08-08,1093328742.0,1191426319.0,87.9,85.4,524,703825336.0,316301155.0,171299828.0,9016.0,3,3,11,1,87.7,79.2,26,On Track,511,485,1191426319.0,98097577.0,-2.5,8.97
P1743,Power Transmission Project 0743,Power Transmission,West,Ahmedabad,ABC Infra,2024-02-17,2025-10-23,2025-12-23,713262479.0,788177797.0,90.5,75.2,170,454124474.0,231473174.0,102580149.0,5744.0,1,4,15,2,83.6,96.7,61,Delayed,675,614,788177797.0,74915318.0,-15.3,10.5
P1744,Metro Project 0744,Metro,Central,Indore,Apex Contractors,2024-01-11,2026-01-06,2026-02-05,1817608489.0,1944221513.0,81.9,80.2,621,1104984345.0,497276688.0,341960479.0,6477.0,1,2,10,4,92.6,88.4,30,On Track,756,726,1944221512.0,126613024.0,-1.7,6.97
P1745,Water Infrastructure Project 0745,Water Infrastructure,North,Jaipur,MegaBuild,2024-02-24,2024-12-05,2025-01-10,818737303.0,938459093.0,87.5,80.8,316,536907899.0,258422662.0,143128532.0,8738.0,1,1,8,1,98.5,91.5,36,Delayed,321,285,938459093.0,119721790.0,-6.7,14.62
P1746,Water Infrastructure Project 0746,Water Infrastructure,West,Pune,ABC Infra,2024-12-29,2026-10-23,2027-01-25,820472941.0,895440425.0,95.9,76.5,332,536819927.0,254659697.0,103960801.0,4226.0,0,5,8,2,78.8,96.9,94,Delayed,757,663,895440425.0,74967484.0,-19.4,9.14
P1747,Power Transmission Project 0747,Power Transmission,South,Chennai,BuildTech,2023-10-04,2024-02-11,2024-05-02,725077575.0,779398648.0,91.5,72.3,333,441066926.0,230839716.0,107492006.0,11593.0,0,6,18,3,72.7,96.0,81,Delayed,211,130,779398648.0,54321073.0,-19.2,7.49
P1748,Highway Project 0748,Highway,West,Ahmedabad,Apex Contractors,2025-01-30,2026-03-26,2026-06-08,617303322.0,652752940.0,86.8,75.6,208,342340818.0,160374478.0,150037644.0,10588.0,2,7,6,0,68.5,87.4,74,Delayed,494,420,652752940.0,35449618.0,-11.2,5.74
P1749,Power Transmission Project 0749,Power Transmission,North,Jaipur,ABC Infra,2024-11-06,2027-03-04,2027-03-26,922861527.0,986142392.0,85.1,83.0,389,575004176.0,256648778.0,154489439.0,10454.0,3,2,9,3,85.9,83.7,22,On Track,870,848,986142393.0,63280865.0,-2.1,6.86
P1750,Building Project 0750,Building,North,Delhi,UrbanWorks,2024-01-29,2024-09-06,2024-11-06,982957735.0,1021906797.0,100.0,80.8,406,641717562.0,265497635.0,114691600.0,3259.0,0,5,8,1,81.7,99.1,61,Delayed,282,221,1021906797.0,38949062.0,-19.2,3.96
P1751,Building Project 0751,Building,Central,Indore,Shakti Engineering,2025-05-18,2026-11-13,2027-01-11,449665348.0,500932192.0,87.2,79.9,180,268249266.0,121270989.0,111411937.0,2527.0,2,5,15,2,82.9,87.4,59,Delayed,603,544,500932192.0,51266844.0,-7.3,11.4
P1752,Building Project 0752,Building,North,Jaipur,Apex Contractors,2024-04-01,2025-08-25,2025-09-20,872297714.0,957468325.0,88.0,87.0,376,576636971.0,272665138.0,108166216.0,1693.0,0,7,10,1,67.2,99.7,26,On Track,537,511,957468325.0,85170611.0,-1.0,9.76
P1753,Power Transmission Project 0753,Power Transmission,Central,Nagpur,ABC Infra,2025-07-08,2027-12-23,2028-03-16,727410400.0,800538540.0,92.4,79.4,222,456758322.0,176607195.0,167173023.0,10399.0,0,5,10,2,82.8,94.3,84,Delayed,982,898,800538540.0,73128140.0,-13.0,10.05
P1754,Metro Project 0754,Metro,South,Hyderabad,UrbanWorks,2023-07-11,2024-06-08,2024-07-08,2223812950.0,2448598495.0,86.7,78.9,551,1339376584.0,533976448.0,575245464.0,2323.0,1,4,10,1,85.1,92.2,30,On Track,363,333,2448598496.0,224785545.0,-7.8,10.11
P1755,Water Infrastructure Project 0755,Water Infrastructure,North,Jaipur,ABC Infra,2025-01-08,2027-03-29,2027-06-06,517920716.0,581733009.0,91.5,77.5,134,346421202.0,162508664.0,72803142.0,6364.0,3,7,16,1,74.7,71.6,69,Delayed,879,810,581733008.0,63812293.0,-14.0,12.32
P1756,Building Project 0756,Building,West,Pune,ABC Infra,2024-11-19,2025-06-14,2025-08-18,921573484.0,1082827417.0,90.1,80.4,271,677017244.0,277485594.0,128324578.0,7862.0,0,9,8,1,55.5,98.8,65,Delayed,272,207,1082827416.0,161253933.0,-9.7,17.5
P1757,Power Transmission Project 0757,Power Transmission,West,Ahmedabad,MegaBuild,2023-04-09,2025-02-09,2025-03-02,887765443.0,980916139.0,85.3,,341,511523906.0,216700649.0,252691585.0,6939.0,1,3,9,1,85.1,94.1,21,On Track,693,672,980916140.0,93150696.0,-85.3,10.49
P1758,Power Transmission Project 0758,Power Transmission,Central,Indore,BuildTech,2024-07-01,2025-12-03,2026-01-09,1378434214.0,1422998595.0,90.2,87.1,685,864461539.0,372773367.0,185763689.0,2778.0,1,5,4,1,85.7,98.0,37,Delayed,557,520,1422998595.0,44564381.0,-3.1,3.23
P1759,Metro Project 0759,Metro,South,Bengaluru,Apex Contractors,2025-09-04,2027-08-12,2027-10-23,1456651418.0,1605337360.0,91.3,74.8,657,839426289.0,440930952.0,324980119.0,7674.0,4,3,9,2,88.0,71.1,72,Delayed,779,707,1605337360.0,148685942.0,-16.5,10.21
P1760,Power Transmission Project 0760,Power Transmission,North,Jaipur,Shakti Engineering,2025-09-25,2026-03-09,2026-02-27,1468528943.0,1477289177.0,85.8,91.9,705,889949133.0,310963086.0,276376958.0,8229.0,0,1,7,1,94.0,100.0,-10,Completed,155,165,1477289177.0,8760234.0,6.1,0.6
P1761,Highway Project 0761,Highway,West,Mumbai,Apex Contractors,2023-04-06,2025-06-05,2025-08-15,1435493546.0,1554035223.0,92.1,80.0,482,959468434.0,404160918.0,190405870.0,4759.0,0,5,9,2,85.6,97.9,71,Delayed,862,791,1554035222.0,118541677.0,-12.1,8.26
P1762,Highway Project 0762,Highway,West,Pune,BuildTech,2024-10-25,2026-05-30,2026-06-17,655007880.0,653971378.0,92.8,90.7,231,396416802.0,184482523.0,73072054.0,6753.0,0,3,14,0,86.2,100.0,18,Completed,600,582,653971379.0,-1036502.0,-2.1,-0.16
P1763,Highway Project 0763,Highway,West,Pune,Prime Projects,2024-10-24,2026-10-05,2026-12-24,1428092495.0,1555267167.0,85.9,72.1,499,1012043105.0,368623479.0,174600583.0,9473.0,1,4,13,3,84.8,93.6,80,Delayed,791,711,1555267167.0,127174672.0,-13.8,8.91
P1764,Metro Project 0764,Metro,West,Mumbai,MegaBuild,2023-07-09,2024-09-10,2024-12-01,2165279004.0,2420533926.0,91.9,72.6,613,1179914687.0,605776187.0,634843052.0,11715.0,2,6,9,4,82.1,85.7,82,Delayed,511,429,2420533926.0,255254922.0,-19.3,11.79
P1765,Building Project 0765,Building,Central,Nagpur,MegaBuild,2025-01-05,2025-07-29,2025-10-11,448384001.0,462876479.0,90.9,69.6,107,248395169.0,91614806.0,122866503.0,8718.0,1,3,17,2,94.7,92.1,74,Delayed,279,205,462876478.0,14492478.0,-21.3,3.23
P1766,Highway Project 0766,Highway,South,Bengaluru,BuildTech,2023-02-06,2023-09-05,2023-09-25,969281239.0,1043166556.0,88.6,86.7,402,599753793.0,291336336.0,152076427.0,1566.0,1,4,12,1,77.2,93.1,20,On Track,231,211,1043166556.0,73885317.0,-1.9,7.62
P1767,Highway Project 0767,Highway,South,Hyderabad,Vertex Infra,2025-02-18,2027-04-08,2027-06-24,690599007.0,757910334.0,89.0,72.5,377,444155144.0,215494446.0,98260744.0,2357.0,2,8,13,2,72.2,77.5,77,Delayed,856,779,757910334.0,67311327.0,-16.5,9.75
P1768,Power Transmission Project 0768,Power Transmission,West,Ahmedabad,MegaBuild,2024-01-04,2026-03-06,2026-05-29,1452420946.0,1572165144.0,91.6,75.9,399,973157602.0,385092757.0,213914786.0,8296.0,1,6,9,5,71.0,96.1,84,Delayed,876,792,1572165145.0,119744198.0,-15.7,8.24
P1769,Power Transmission Project 0769,Power Transmission,Central,Indore,Apex Contractors,2024-11-25,2027-03-08,2027-04-08,1523230443.0,1708618966.0,87.6,,358,825576889.0,351323977.0,531718100.0,10743.0,0,2,16,3,88.7,95.9,31,Delayed,864,833,1708618966.0,185388523.0,-87.6,12.17
P1770,Power Transmission Project 0770,Power Transmission,West,Ahmedabad,BuildTech,2024-06-08,2025-06-04,2025-08-09,733013790.0,780072532.0,92.3,82.6,349,462181813.0,204751619.0,113139099.0,3241.0,1,3,7,2,91.1,88.0,66,Delayed,427,361,780072531.0,47058742.0,-9.7,6.42
P1771,Power Transmission Project 0771,Power Transmission,South,Bengaluru,MegaBuild,2023-10-06,2024-02-04,2024-03-13,1217429222.0,1360879415.0,86.8,79.3,369,810490134.0,342398749.0,207990531.0,456.0,1,6,11,0,73.5,97.4,38,Delayed,159,121,1360879414.0,143450193.0,-7.5,11.78
P1772,Water Infrastructure Project 0772,Water Infrastructure,West,Ahmedabad,ABC Infra,2023-08-05,2024-07-14,2024-09-23,795348159.0,857471981.0,87.1,74.5,392,429676225.0,261887068.0,165908689.0,7298.0,1,1,8,2,94.4,92.8,71,Delayed,415,344,857471982.0,62123822.0,-12.6,7.81
P1773,Highway Project 0773,Highway,West,Mumbai,BuildTech,2025-05-16,2027-09-27,2027-10-17,1500790378.0,1584186518.0,84.9,86.0,678,874880398.0,342183467.0,367122654.0,10565.0,2,2,9,1,87.5,84.6,20,On Track,884,864,1584186519.0,83396140.0,1.1,5.56
P1774,Bridge Project 0774,Bridge,West,Pune,BuildTech,2025-05-22,2027-04-30,2027-05-23,836152240.0,865008161.0,83.1,80.7,444,454447431.0,171440181.0,239120548.0,1060.0,1,4,9,1,83.1,92.3,23,On Track,731,708,865008160.0,28855921.0,-2.4,3.45
P1775,Water Infrastructure Project 0775,Water Infrastructure,West,Ahmedabad,Apex Contractors,2025-03-08,2025-10-29,2025-12-17,877418930.0,904668371.0,90.6,81.6,311,539927956.0,192503167.0,172237247.0,9265.0,1,0,10,3,100.0,92.5,49,Delayed,284,235,904668370.0,27249441.0,-9.0,3.11
P1776,Metro Project 0776,Metro,South,Chennai,UrbanWorks,2023-09-30,2025-11-23,2025-12-04,2050664162.0,2189879629.0,82.2,85.3,899,1033871033.0,514088601.0,641919996.0,6707.0,0,2,13,1,85.4,97.5,11,On Track,796,785,2189879630.0,139215467.0,3.1,6.79
P1777,Water Infrastructure Project 0777,Water Infrastructure,North,Jaipur,MegaBuild,2025-05-30,2026-01-07,2026-03-21,540985249.0,608813965.0,91.3,79.2,202,300021008.0,125550193.0,183242763.0,10044.0,2,4,6,4,80.3,94.4,73,Delayed,295,222,608813964.0,67828716.0,-12.1,12.54
P1778,Highway Project 0778,Highway,South,Bengaluru,MegaBuild,2023-03-03,2024-01-10,2024-04-10,1408872269.0,1509326399.0,89.7,73.9,603,768278977.0,471427663.0,269619759.0,7031.0,0,7,13,3,75.2,100.0,91,Delayed,404,313,1509326399.0,100454130.0,-15.8,7.13
P1780,Building Project 0780,Building,South,Chennai,ABC Infra,2025-05-29,2025-12-24,2026-03-04,694910295.0,779599301.0,92.4,80.8,196,470861779.0,216980275.0,91757248.0,553.0,1,3,13,3,81.5,95.9,70,Delayed,279,209,779599302.0,84689006.0,-11.6,12.19
P1781,Building Project 0781,Building,West,Mumbai,ABC Infra,2024-12-29,2027-03-14,2027-04-16,708073430.0,771692686.0,92.0,86.7,274,493322973.0,190113604.0,88256109.0,8185.0,1,3,12,0,80.5,89.5,33,Delayed,838,805,771692686.0,63619256.0,-5.3,8.98
P1782,Building Project 0782,Building,North,Delhi,Shakti Engineering,2023-12-08,2024-08-05,2024-09-11,962951276.0,1035872664.0,87.3,84.5,379,595730454.0,267751867.0,172390342.0,1869.0,3,6,11,2,76.9,74.9,37,Delayed,278,241,1035872663.0,72921388.0,-2.8,7.57
P1783,Water Infrastructure Project 0783,Water Infrastructure,West,Mumbai,ABC Infra,2024-02-01,2024-10-20,2025-01-08,805824633.0,897941035.0,87.7,72.0,392,457136180.0,265265975.0,175538881.0,11710.0,1,5,9,5,77.6,88.5,80,Delayed,342,262,897941036.0,92116402.0,-15.7,11.43
P1784,Highway Project 0784,Highway,Central,Nagpur,MegaBuild,2024-11-29,2025-07-12,2025-08-20,944178392.0,1038099691.0,88.3,84.7,436,575632275.0,270428294.0,192039121.0,7793.0,0,4,11,2,82.2,96.6,39,Delayed,264,225,1038099690.0,93921299.0,-3.6,9.95
P1785,Highway Project 0785,Highway,Central,Nagpur,Vertex Infra,2023-01-19,2024-07-19,2024-10-01,870798354.0,908169685.0,89.9,75.3,382,491250125.0,206228418.0,210691143.0,7805.0,1,2,10,3,97.5,97.8,74,Delayed,621,547,908169686.0,37371331.0,-14.6,4.29
P1786,Power Transmission Project 0786,Power Transmission,South,Chennai,UrbanWorks,2023-06-26,2024-08-23,2024-10-14,1200232909.0,1250439286.0,87.7,76.3,308,688515291.0,268659967.0,293264029.0,7183.0,1,5,8,1,77.5,92.4,52,Delayed,476,424,1250439287.0,50206377.0,-11.4,4.18
P1787,Water Infrastructure Project 0787,Water Infrastructure,North,Jaipur,Unknown,2024-09-03,2025-11-13,2026-02-21,649027368.0,724136120.0,92.3,69.1,297,401432260.0,213531532.0,109172329.0,11728.0,1,6,10,1,86.8,88.6,100,Delayed,536,436,724136121.0,75108752.0,-23.2,11.57
P1788,Highway Project 0788,Highway,South,Bengaluru,Prime Projects,2024-01-31,2026-02-23,2026-03-05,771562385.0,778473618.0,88.4,85.7,297,454283435.0,231431790.0,92758393.0,5306.0,0,2,7,0,87.5,100.0,10,On Track,764,754,778473618.0,6911233.0,-2.7,0.9
P1789,Power Transmission Project 0789,Power Transmission,South,Hyderabad,UrbanWorks,2024-03-20,2024-07-26,2024-10-10,1565685653.0,1708095453.0,94.5,77.1,806,899431462.0,370065610.0,438598381.0,9299.0,1,4,14,2,81.4,86.5,76,Delayed,204,128,1708095453.0,142409800.0,-17.4,9.1
P1779,Metro Project 0779,Metro,Central,Nagpur,BuildTech,2024-08-18,2025-05-30,2025-08-17,1966105767.0,2104842389.0,97.5,76.4,724,995209500.0,444476531.0,665156359.0,1257.0,3,3,13,4,88.9,80.7,79,Delayed,364,285,2104842390.0,138736622.0,-21.1,7.06
P1790,Metro Project 0790,Metro,West,Pune,Apex Contractors,2023-08-21,2026-01-30,2026-03-24,1953235876.0,2129283012.0,86.7,77.2,1022,1290110458.0,593939122.0,245233432.0,6068.0,2,2,14,2,100.0,91.0,53,Delayed,946,893,2129283012.0,176047136.0,-9.5,9.01
P1791,Bridge Project 0791,Bridge,South,Chennai,Apex Contractors,2025-07-03,2026-01-11,2026-03-03,688087577.0,709973170.0,93.0,81.1,163,416808628.0,181163764.0,112000779.0,5216.0,1,3,9,2,92.8,96.6,51,Delayed,243,192,709973171.0,21885593.0,-11.9,3.18
P1792,Highway Project 0792,Highway,Central,Nagpur,Vertex Infra,2023-03-17,2024-07-07,2024-10-04,634127938.0,717635203.0,97.7,74.5,311,347237070.0,194705951.0,175692182.0,10273.0,1,6,8,2,84.8,89.9,89,Delayed,567,478,717635203.0,83507265.0,-23.2,13.17
P1793,Water Infrastructure Project 0793,Water Infrastructure,North,Delhi,Prime Projects,2023-09-22,2024-08-29,2024-11-06,447001322.0,464594173.0,97.1,80.1,103,282243136.0,132585656.0,49765382.0,9713.0,1,3,9,4,93.1,85.2,69,Delayed,411,342,464594174.0,17592851.0,-17.0,3.94
P1794,Water Infrastructure Project 0794,Water Infrastructure,Central,Indore,UrbanWorks,2024-03-30,2025-09-16,2025-11-07,876815109.0,964348446.0,86.6,77.1,299,500867853.0,220695095.0,242785498.0,7841.0,3,1,14,2,95.3,82.7,52,Delayed,587,535,964348446.0,87533337.0,-9.5,9.98
P1795,Metro Project 0795,Metro,Central,Nagpur,ABC Infra,2025-03-06,2027-01-07,2027-04-01,1594097380.0,1708115242.0,94.6,80.4,635,955406306.0,473573443.0,279135494.0,7007.0,2,3,13,2,79.3,89.1,84,Delayed,756,672,1708115243.0,114017862.0,-14.2,7.15
P1796,Power Transmission Project 0796,Power Transmission,North,Jaipur,MegaBuild,2024-12-18,2026-04-21,2026-05-11,809319740.0,897399192.0,81.1,84.6,217,575754749.0,215342817.0,106301626.0,3500.0,2,7,9,2,69.4,81.0,20,On Track,509,489,897399192.0,88079452.0,3.5,10.88
P1797,Bridge Project 0797,Bridge,North,Jaipur,Vertex Infra,2025-01-04,2027-04-19,2027-05-30,792555053.0,852165141.0,83.8,76.7,369,443063833.0,226802287.0,182299021.0,6857.0,1,6,12,1,77.9,92.3,41,Delayed,876,835,852165141.0,59610088.0,-7.1,7.52
P1798,Metro Project 0798,Metro,Central,Nagpur,Prime Projects,2024-01-19,2025-02-05,2025-02-19,1598033732.0,1653373909.0,92.4,95.9,355,774894794.0,385420318.0,493058797.0,7847.0,4,1,8,1,92.4,73.0,14,Completed,397,383,1653373909.0,55340177.0,3.5,3.46
P1799,Highway Project 0799,Highway,North,Jaipur,Vertex Infra,2024-07-17,2026-10-04,2026-12-09,559241417.0,604163332.0,91.8,77.6,154,332412426.0,160623596.0,111127310.0,9371.0,1,3,11,3,84.9,92.2,66,Delayed,875,809,604163332.0,44921915.0,-14.2,8.03
P1800,Metro Project 0800,Metro,South,Chennai,UrbanWorks,2025-04-30,2026-07-11,2026-10-27,1629827530.0,1849536929.0,92.4,68.1,670,990959777.0,442947278.0,415629873.0,5388.0,4,7,19,1,64.8,63.3,108,Delayed,545,437,1849536928.0,219709399.0,-24.3,13.48
P1801,Highway Project 0801,Highway,Central,Nagpur,MegaBuild,2024-05-20,2024-12-09,2025-01-26,1091093512.0,1167134792.0,88.1,79.3,497,702811012.0,299732394.0,164591386.0,300.0,2,4,8,1,79.8,82.9,48,Delayed,251,203,1167134792.0,76041280.0,-8.8,6.97
P1802,Building Project 0802,Building,Central,Nagpur,Vertex Infra,2024-01-02,2025-03-14,2025-03-04,751974346.0,783888889.0,85.5,89.4,392,484195582.0,211775604.0,87917703.0,466.0,2,3,5,0,88.0,84.6,-10,On Track,427,437,783888889.0,31914543.0,3.9,4.24
P1803,Power Transmission Project 0803,Power Transmission,South,Bengaluru,Prime Projects,2023-05-24,2024-01-09,2024-02-09,1036436295.0,1025928105.0,82.8,76.1,469,582404488.0,202265842.0,241257775.0,2363.0,3,0,9,1,100.0,76.7,31,Delayed,261,230,1025928105.0,-10508190.0,-6.7,-1.01
P1804,Building Project 0804,Building,West,Pune,BuildTech,2025-06-03,2026-06-08,2026-10-01,677321471.0,737093585.0,86.6,66.3,299,447340715.0,173401927.0,116350944.0,11196.0,2,6,11,4,69.3,84.3,115,Delayed,485,370,737093586.0,59772114.0,-20.3,8.82
P1805,Metro Project 0805,Metro,North,Delhi,UrbanWorks,2023-03-10,2024-07-24,2024-10-01,2901725478.0,3096567978.0,92.6,76.2,1015,1876001240.0,800222228.0,420344510.0,8603.0,1,4,11,3,84.6,89.3,69,Delayed,571,502,3096567978.0,194842500.0,-16.4,6.71
P1806,Highway Project 0806,Highway,North,Jaipur,BuildTech,2023-04-09,2023-08-13,2023-11-28,916829159.0,1033017544.0,93.4,70.8,202,623732675.0,200728305.0,208556564.0,11931.0,1,6,9,2,80.4,95.6,107,Delayed,233,126,1033017544.0,116188385.0,-22.6,12.67
P1807,Metro Project 0807,Metro,South,Bengaluru,ABC Infra,2024-01-31,2025-08-31,2025-12-15,1501289090.0,1622715594.0,91.2,68.1,389,962376366.0,436310062.0,224029166.0,1425.0,1,6,13,2,85.9,93.3,106,Delayed,684,578,1622715594.0,121426504.0,-23.1,8.09
P1808,Bridge Project 0808,Bridge,South,Hyderabad,BuildTech,2023-01-25,2023-08-16,2023-08-24,613360311.0,657942421.0,90.8,89.6,243,408724086.0,178282388.0,70935946.0,2941.0,1,2,8,0,97.7,93.1,8,On Track,211,203,657942420.0,44582110.0,-1.2,7.27
P1809,Water Infrastructure Project 0809,Water Infrastructure,South,Hyderabad,BuildTech,2025-08-05,2026-06-28,2026-08-21,579447591.0,614107852.0,96.8,84.8,256,355962033.0,134539983.0,123605836.0,1729.0,3,5,8,1,78.0,82.7,54,Delayed,381,327,614107852.0,34660261.0,-12.0,5.98
P1810,Highway Project 0810,Highway,West,Ahmedabad,Shakti Engineering,2025-06-09,2026-10-31,2026-12-21,1316198555.0,1291485391.0,95.6,80.0,470,637177205.0,362242384.0,292065803.0,6401.0,1,4,11,0,85.9,97.4,51,Delayed,560,509,1291485392.0,-24713164.0,-15.6,-1.88
P1811,Water Infrastructure Project 0811,Water Infrastructure,South,Chennai,UrbanWorks,2024-04-13,2025-06-20,2025-07-13,427122851.0,485354083.0,93.8,96.0,196,255763791.0,124227330.0,105362961.0,10535.0,2,6,5,2,71.0,80.4,23,Completed,456,433,485354082.0,58231232.0,2.2,13.63
P1812,Power Transmission Project 0812,Power Transmission,South,Chennai,ABC Infra,2024-04-28,2024-09-16,2024-12-02,1463248314.0,1614504823.0,94.6,75.2,573,1034179916.0,393777952.0,186546955.0,1934.0,5,4,9,4,75.9,62.2,77,Delayed,218,141,1614504823.0,151256509.0,-19.4,10.34
P1813,Bridge Project 0813,Bridge,West,Mumbai,BuildTech,2024-07-18,2025-12-29,2026-03-15,429948604.0,498448599.0,91.4,80.2,105,257251174.0,108719774.0,132477651.0,9162.0,0,4,10,6,94.7,92.9,76,Delayed,605,529,498448599.0,68499995.0,-11.2,15.93
P1814,Power Transmission Project 0814,Power Transmission,North,Delhi,Apex Contractors,2023-05-31,2025-02-23,2025-05-06,1111908903.0,1205840221.0,91.9,81.6,315,717906997.0,354431319.0,133501905.0,3411.0,2,2,9,3,97.1,84.0,72,Delayed,706,634,1205840221.0,93931318.0,-10.3,8.45
P1815,Building Project 0815,Building,Central,Nagpur,MegaBuild,2023-05-24,2024-01-25,2024-02-04,912243522.0,1029284725.0,86.9,88.5,453,594832770.0,254540201.0,179911754.0,1990.0,0,5,12,1,79.3,98.7,10,On Track,256,246,1029284725.0,117041203.0,1.6,12.83
P1816,Building Project 0816,Building,North,Jaipur,Prime Projects,2024-07-22,2026-10-19,2026-12-19,599694063.0,731645636.0,91.5,81.4,275,473170162.0,157999200.0,100476273.0,8015.0,0,0,9,3,72.6,100.0,61,Delayed,880,819,731645635.0,131951573.0,-10.1,22.0
P1817,Building Project 0817,Building,North,Delhi,BuildTech,2023-02-08,2023-06-21,2023-07-30,760572028.0,847759893.0,87.4,77.2,391,518019312.0,233273426.0,96467155.0,6940.0,2,3,8,3,92.2,82.0,39,Delayed,172,133,847759893.0,87187865.0,-10.2,11.46
P1818,Bridge Project 0818,Bridge,West,Ahmedabad,ABC Infra,2023-04-19,2023-08-28,2023-11-20,581607867.0,594748909.0,95.0,74.2,150,358767903.0,157509062.0,78471944.0,4257.0,0,4,9,2,82.9,100.0,84,Delayed,215,131,594748909.0,13141042.0,-20.8,2.26
P1819,Metro Project 0819,Metro,West,Mumbai,BuildTech,2024-11-23,2025-06-17,2025-08-05,2459150874.0,2725456476.0,92.5,79.6,1344,1676410831.0,750699065.0,298346580.0,9456.0,1,5,6,2,85.5,91.8,49,Delayed,255,206,2725456476.0,266305602.0,-12.9,10.83
P1820,Metro Project 0820,Metro,South,Bengaluru,Prime Projects,2023-02-11,2024-11-15,2024-11-18,1093512624.0,1179270266.0,88.3,93.3,316,713062003.0,340072965.0,126135299.0,580.0,0,6,8,0,76.4,96.3,3,Completed,646,643,1179270267.0,85757642.0,5.0,7.84
P1821,Metro Project 0821,Metro,North,Delhi,ABC Infra,2023-07-05,2025-04-21,2025-06-09,2678034437.0,2791383759.0,92.8,81.1,599,1520463537.0,550888771.0,720031451.0,4746.0,2,5,4,2,79.3,86.3,49,Delayed,705,656,2791383759.0,113349322.0,-11.7,4.23
P1822,Building Project 0822,Building,South,Bengaluru,UrbanWorks,2025-07-23,2026-09-16,2026-12-08,499210416.0,534809640.0,94.5,72.2,274,333208902.0,142984213.0,58616525.0,10458.0,1,7,9,2,73.6,91.2,83,Delayed,503,420,534809640.0,35599224.0,-22.3,7.13
P1823,Highway Project 0823,Highway,South,Hyderabad,ABC Infra,2024-02-02,2025-01-29,2025-03-07,1436245943.0,1539485221.0,86.5,81.5,449,721870489.0,452757230.0,364857502.0,3108.0,1,5,10,2,71.8,86.7,37,Delayed,399,362,1539485221.0,103239278.0,-5.0,7.19
P1824,Power Transmission Project 0824,Power Transmission,North,Jaipur,UrbanWorks,2023-08-11,2024-04-08,2024-05-09,1031560382.0,1123935110.0,89.0,77.9,454,663084542.0,273820592.0,187029975.0,5702.0,0,2,18,2,86.0,100.0,31,Delayed,272,241,1123935109.0,92374728.0,-11.1,8.95
P1825,Water Infrastructure Project 0825,Water Infrastructure,West,Ahmedabad,ABC Infra,2024-09-25,2025-06-18,2025-07-24,739723563.0,772028714.0,86.1,75.8,205,411014902.0,209538910.0,151474902.0,2264.0,2,7,6,0,73.6,84.3,36,Delayed,302,266,772028714.0,32305151.0,-10.3,4.37
P1826,Bridge Project 0826,Bridge,Central,Nagpur,Apex Contractors,2023-05-13,2025-03-29,2025-06-02,675860871.0,702998664.0,89.8,83.3,278,388602571.0,167082048.0,147314045.0,11882.0,0,1,4,4,97.3,95.9,65,Delayed,751,686,702998664.0,27137793.0,-6.5,4.02
P1827,Highway Project 0827,Highway,North,Jaipur,Vertex Infra,2023-06-12,2025-10-28,2026-01-03,1469177696.0,1525874632.0,95.3,78.9,761,983139255.0,365183675.0,177551703.0,1122.0,2,5,10,1,76.0,87.3,67,Delayed,936,869,1525874633.0,56696936.0,-16.4,3.86
P1828,Power Transmission Project 0828,Power Transmission,West,Pune,Prime Projects,2023-08-03,2024-11-20,2025-02-07,758230922.0,784697155.0,90.0,73.3,246,475356672.0,218263109.0,91077374.0,9929.0,1,6,16,3,75.8,97.3,79,Delayed,554,475,784697155.0,26466233.0,-16.7,3.49
P1829,Power Transmission Project 0829,Power Transmission,South,Chennai,Prime Projects,2025-01-02,2027-03-17,2027-04-27,821008945.0,901082640.0,92.3,85.5,362,515555447.0,280994154.0,104533039.0,2361.0,1,4,8,1,83.9,90.1,41,Delayed,845,804,901082640.0,80073695.0,-6.8,9.75
P1830,Water Infrastructure Project 0830,Water Infrastructure,West,Ahmedabad,ABC Infra,2023-08-23,2025-12-22,2026-02-02,600783226.0,651914856.0,87.8,83.7,169,338539192.0,135927711.0,177447953.0,5475.0,1,4,6,2,87.4,92.5,42,Delayed,894,852,651914856.0,51131630.0,-4.1,8.51
P1831,Metro Project 0831,Metro,North,Delhi,Vertex Infra,2025-04-22,2027-05-12,2027-07-24,1152238109.0,1301079729.0,93.4,83.6,491,825188570.0,307067251.0,168823908.0,4165.0,1,4,12,3,81.0,93.1,73,Delayed,823,750,1301079729.0,148841620.0,-9.8,12.92
P1832,Bridge Project 0832,Bridge,North,Jaipur,BuildTech,2024-10-19,2025-12-21,2026-01-03,574183652.0,584990212.0,89.7,88.7,190,310968364.0,173532368.0,100489479.0,4594.0,1,0,13,0,100.0,92.3,13,On Track,441,428,584990211.0,10806560.0,-1.0,1.88
P1833,Highway Project 0833,Highway,Central,Indore,Prime Projects,2025-01-20,2027-04-14,2027-07-13,1508735869.0,1637540773.0,93.1,73.2,437,795245304.0,330505758.0,511789711.0,9956.0,1,6,9,4,79.2,97.7,90,Delayed,904,814,1637540773.0,128804904.0,-19.9,8.54
P1834,Highway Project 0834,Highway,South,Chennai,Apex Contractors,2024-08-10,2025-09-21,2025-12-23,1542931696.0,1740431488.0,93.5,74.9,498,971666929.0,447675415.0,321089143.0,377.0,1,3,11,5,86.6,94.0,93,Delayed,500,407,1740431487.0,197499792.0,-18.6,12.8
P1835,Power Transmission Project 0835,Power Transmission,South,Chennai,UrbanWorks,2023-01-09,2024-03-10,2024-03-27,1060273788.0,1191617102.0,85.8,87.8,295,675702853.0,296772019.0,219142230.0,2459.0,1,3,6,3,87.3,90.1,17,On Track,443,426,1191617102.0,131343314.0,2.0,12.39
P1836,Water Infrastructure Project 0836,Water Infrastructure,Central,Indore,UrbanWorks,2023-03-15,2025-02-25,2025-03-23,861088043.0,976036235.0,87.3,85.1,445,572655220.0,231173060.0,172207956.0,3487.0,2,5,7,2,79.8,86.0,26,On Track,739,713,976036236.0,114948192.0,-2.2,13.35
P1837,Building Project 0837,Building,West,Mumbai,MegaBuild,2025-08-11,2027-12-01,2028-01-26,747049643.0,785949774.0,88.4,81.8,262,394704444.0,164784079.0,226461252.0,9657.0,0,5,14,3,89.1,100.0,56,Delayed,898,842,785949775.0,38900131.0,-6.6,5.21
P1838,Power Transmission Project 0838,Power Transmission,West,Mumbai,Shakti Engineering,2024-05-06,2026-06-26,2026-08-09,931388384.0,1042179083.0,97.1,89.2,280,553093074.0,215937327.0,273148683.0,7435.0,3,3,7,1,86.8,82.0,44,Delayed,825,781,1042179084.0,110790699.0,-7.9,11.9
P1839,Building Project 0839,Building,Central,Indore,Vertex Infra,2025-07-01,2027-04-30,2027-07-13,859715086.0,998955454.0,95.4,79.0,316,640861420.0,246756313.0,111337722.0,1089.0,2,2,6,4,100.0,84.9,74,Delayed,742,668,998955455.0,139240368.0,-16.4,16.2
P1840,Bridge Project 0840,Bridge,West,Pune,Shakti Engineering,2023-09-10,2024-12-24,2025-02-16,956093990.0,1049766242.0,90.4,85.3,311,652800250.0,237985706.0,158980287.0,1863.0,3,3,7,1,82.9,75.6,54,Delayed,525,471,1049766243.0,93672252.0,-5.1,9.8
P1841,Metro Project 0841,Metro,South,Hyderabad,Shakti Engineering,2023-08-18,2024-10-22,2025-01-21,2948468132.0,3287565457.0,100.0,81.3,1372,2037216047.0,799684893.0,450664517.0,1622.0,1,3,9,1,90.8,88.9,91,Delayed,522,431,3287565457.0,339097325.0,-18.7,11.5
P1842,Power Transmission Project 0842,Power Transmission,Central,Indore,UrbanWorks,2024-06-02,2024-11-27,2025-01-22,925707218.0,1031736023.0,84.8,75.9,500,645350572.0,224643963.0,161741488.0,6973.0,1,4,7,3,83.2,95.2,56,Delayed,234,178,1031736023.0,106028805.0,-8.9,11.45
P1843,Highway Project 0843,Highway,South,Hyderabad,Apex Contractors,2023-06-23,2025-07-24,2025-08-10,1224802180.0,1248860970.0,89.1,93.3,446,649630101.0,299263920.0,299966949.0,1802.0,0,1,10,2,98.9,93.5,17,Completed,779,762,1248860970.0,24058790.0,4.2,1.96
P1844,Power Transmission Project 0844,Power Transmission,North,Jaipur,Apex Contractors,2024-10-14,2027-01-25,2027-03-26,667948744.0,758900456.0,94.7,82.3,336,434354738.0,236745651.0,87800067.0,7416.0,0,6,11,3,74.5,99.5,60,Delayed,893,833,758900456.0,90951712.0,-12.4,13.62
P1845,Power Transmission Project 0845,Power Transmission,West,Pune,MegaBuild,2023-06-17,2025-11-07,2025-12-19,742511707.0,836011741.0,90.2,85.5,302,507573120.0,195669474.0,132769147.0,9983.0,2,6,8,3,82.0,92.6,42,Delayed,916,874,836011741.0,93500034.0,-4.7,12.59
P1846,Highway Project 0846,Highway,West,Ahmedabad,Shakti Engineering,2023-06-19,2023-11-20,2024-01-04,526594702.0,569191414.0,86.6,85.8,143,292712781.0,133890450.0,142588183.0,1959.0,1,5,9,5,70.7,92.5,45,Delayed,199,154,569191414.0,42596712.0,-0.8,8.09
P1847,Building Project 0847,Building,South,Hyderabad,Shakti Engineering,2024-01-28,2025-08-14,2025-11-16,1072114387.0,1160650402.0,91.6,75.8,480,576958041.0,233321251.0,350371110.0,9807.0,0,5,11,4,83.4,100.0,94,Delayed,658,564,1160650402.0,88536015.0,-15.8,8.26
P1848,Power Transmission Project 0848,Power Transmission,South,Chennai,ABC Infra,2025-08-03,2026-03-03,2026-05-23,1575751174.0,1747192210.0,100.0,77.7,613,983542166.0,420332196.0,343317848.0,3362.0,2,3,16,2,83.6,84.4,81,Delayed,293,212,1747192210.0,171441036.0,-22.3,10.88
P1849,Building Project 0849,Building,North,Jaipur,ABC Infra,2025-03-05,2026-01-25,2026-02-05,920006956.0,1074009209.0,86.7,86.5,399,596358517.0,301023833.0,176626860.0,8616.0,1,1,10,2,100.0,91.9,11,On Track,337,326,1074009210.0,154002253.0,-0.2,16.74
P1850,Power Transmission Project 0850,Power Transmission,South,Chennai,ABC Infra,2024-09-25,2026-01-10,2026-01-02,1221768551.0,1363725130.0,87.1,92.4,627,681269630.0,350688326.0,331767173.0,3362.0,1,0,9,0,100.0,99.1,-8,Completed,464,472,1363725129.0,141956579.0,5.3,11.62
P1851,Power Transmission Project 0851,Power Transmission,West,Pune,BuildTech,2023-07-13,2024-10-06,2024-11-07,968081170.0,970899196.0,85.7,88.0,353,515365096.0,257743014.0,197791086.0,9010.0,0,3,8,3,91.8,94.2,32,Delayed,483,451,970899196.0,2818026.0,2.3,0.29
P1852,Bridge Project 0852,Bridge,South,Hyderabad,Shakti Engineering,2024-05-31,2026-09-22,2026-10-16,537293035.0,568097630.0,88.3,84.1,277,352991117.0,140541252.0,74565260.0,2370.0,2,1,11,0,99.0,88.6,24,On Track,868,844,568097629.0,30804595.0,-4.2,5.73
P1853,Bridge Project 0853,Bridge,South,Bengaluru,Apex Contractors,2023-01-29,2023-11-03,2024-02-04,647356660.0,752711359.0,94.3,77.9,302,405330111.0,159074858.0,188306390.0,4557.0,1,4,19,3,81.9,100.0,93,Delayed,371,278,752711359.0,105354699.0,-16.4,16.27
P1854,Power Transmission Project 0854,Power Transmission,West,Pune,Apex Contractors,2023-06-14,2023-11-04,2023-12-08,1059925179.0,1107785468.0,96.3,89.2,404,641444031.0,255056682.0,211284755.0,11168.0,1,1,11,1,93.7,87.9,34,Delayed,177,143,1107785468.0,47860289.0,-7.1,4.52
P1855,Water Infrastructure Project 0855,Water Infrastructure,West,Pune,BuildTech,2024-02-26,2025-08-02,2025-10-01,760067609.0,823602012.0,84.9,76.3,318,470779495.0,226308741.0,126513776.0,2853.0,2,4,11,3,82.0,83.6,60,Delayed,583,523,823602012.0,63534403.0,-8.6,8.36
P1856,Highway Project 0856,Highway,South,Bengaluru,Apex Contractors,2023-12-05,2025-08-31,2025-11-04,1086446569.0,1178091633.0,92.4,75.6,355,736443109.0,296712683.0,144935841.0,1344.0,3,5,13,2,84.4,80.0,65,Delayed,700,635,1178091633.0,91645064.0,-16.8,8.44
P1857,Highway Project 0857,Highway,North,Jaipur,MegaBuild,2024-10-09,2027-02-07,2027-03-20,603470390.0,677150297.0,93.1,84.8,328,390128662.0,176629210.0,110392424.0,10279.0,1,7,11,1,71.4,92.8,41,Delayed,892,851,677150296.0,73679907.0,-8.3,12.21
P1858,Building Project 0858,Building,South,Hyderabad,Vertex Infra,2024-05-10,2025-09-05,2025-10-27,370390741.0,416941319.0,87.3,79.5,163,206094141.0,95339025.0,115508153.0,6257.0,1,7,11,3,76.2,93.5,52,Delayed,535,483,416941319.0,46550578.0,-7.8,12.57
P1859,Power Transmission Project 0859,Power Transmission,South,Hyderabad,UrbanWorks,2023-12-31,2025-05-15,2025-07-14,728821937.0,802958391.0,93.0,77.1,170,387807508.0,165828593.0,249322290.0,4878.0,0,4,13,2,76.7,100.0,60,Delayed,561,501,802958391.0,74136454.0,-15.9,10.17
P1860,Power Transmission Project 0860,Power Transmission,South,Chennai,Shakti Engineering,2025-04-12,2027-01-23,2027-03-13,1101703444.0,1188557692.0,91.5,77.5,361,662251225.0,329021832.0,197284635.0,5921.0,2,3,9,2,92.6,91.6,49,Delayed,700,651,1188557692.0,86854248.0,-14.0,7.88
P1861,Water Infrastructure Project 0861,Water Infrastructure,West,Pune,Apex Contractors,2023-12-08,2024-09-04,2024-11-01,867081715.0,1014544042.0,94.4,82.1,369,478825743.0,232593806.0,303124494.0,2266.0,2,3,12,3,90.4,82.2,58,Delayed,329,271,1014544043.0,147462327.0,-12.3,17.01
P1862,Highway Project 0862,Highway,West,Pune,UrbanWorks,2024-05-14,2026-03-26,2026-04-10,1188585593.0,1253915489.0,81.1,76.5,283,687608880.0,335288610.0,231017999.0,10848.0,0,5,5,1,79.7,98.3,15,On Track,696,681,1253915489.0,65329896.0,-4.6,5.5
P1863,Metro Project 0863,Metro,Central,Nagpur,Apex Contractors,2024-10-18,2027-01-04,2027-03-14,2577615282.0,2952648400.0,91.2,78.0,587,1679738837.0,722540000.0,550369563.0,5269.0,1,7,11,3,77.1,89.3,69,Delayed,877,808,2952648400.0,375033118.0,-13.2,14.55
P1864,Power Transmission Project 0864,Power Transmission,West,Ahmedabad,Vertex Infra,2024-05-25,2026-05-22,2026-08-03,1169313259.0,1180261715.0,93.3,77.1,430,618842458.0,360170170.0,201249087.0,2550.0,2,2,8,3,88.8,81.2,73,Delayed,800,727,1180261715.0,10948456.0,-16.2,0.94
P1865,Highway Project 0865,Highway,West,Pune,ABC Infra,2023-11-23,2025-11-28,2026-01-14,900441057.0,977679268.0,94.2,84.9,296,500785111.0,287952303.0,188941854.0,11979.0,0,5,16,2,74.4,100.0,47,Delayed,783,736,977679268.0,77238211.0,-9.3,8.58
P1866,Metro Project 0866,Metro,North,Delhi,Shakti Engineering,2023-08-05,2025-01-25,2025-03-29,1204632738.0,1307149914.0,93.2,79.2,439,717751285.0,356593950.0,232804679.0,8633.0,2,7,8,2,76.4,87.6,63,Delayed,602,539,1307149914.0,102517176.0,-14.0,8.51
P1867,Highway Project 0867,Highway,West,Ahmedabad,Prime Projects,2023-10-28,2024-10-31,2024-11-25,1437850008.0,1587285982.0,85.2,83.1,440,758842048.0,414090130.0,414353804.0,9495.0,3,4,11,2,87.4,83.6,25,On Track,394,369,1587285982.0,149435974.0,-2.1,10.39
P1868,Water Infrastructure Project 0868,Water Infrastructure,North,Delhi,BuildTech,2023-05-12,2024-01-03,2024-02-16,776311818.0,779453669.0,95.7,92.4,212,473824301.0,219313552.0,86315815.0,10646.0,0,2,10,2,86.0,100.0,44,Delayed,280,236,779453668.0,3141851.0,-3.3,0.4
P1869,Power Transmission Project 0869,Power Transmission,South,Hyderabad,BuildTech,2025-03-14,2026-12-05,2027-02-05,808422898.0,932359839.0,93.0,79.9,361,586684620.0,226840303.0,118834917.0,2314.0,2,5,13,1,79.3,93.4,62,Delayed,693,631,932359840.0,123936941.0,-13.1,15.33
P1870,Metro Project 0870,Metro,West,Ahmedabad,Shakti Engineering,2023-03-11,2025-07-17,2025-09-05,2004275916.0,2165368313.0,90.1,85.6,781,1131516255.0,623535474.0,410316583.0,4924.0,1,5,4,1,81.1,90.6,50,Delayed,909,859,2165368312.0,161092397.0,-4.5,8.04
P1871,Bridge Project 0871,Bridge,West,Pune,Vertex Infra,2023-09-09,2025-08-06,2025-10-13,814584217.0,976910305.0,90.1,73.1,233,498543969.0,240545807.0,237820528.0,3908.0,4,3,6,3,91.8,69.4,68,Delayed,765,697,976910304.0,162326088.0,-17.0,19.93
P1872,Building Project 0872,Building,South,Bengaluru,ABC Infra,2024-02-19,2025-05-18,2025-09-09,804440460.0,957421731.0,97.1,73.6,261,615787851.0,186262688.0,155371192.0,7019.0,1,8,11,7,69.8,83.9,114,Delayed,568,454,957421731.0,152981271.0,-23.5,19.02
P1873,Power Transmission Project 0873,Power Transmission,South,Chennai,BuildTech,2025-02-25,2026-08-16,2026-11-20,1749886142.0,1987864413.0,92.8,75.5,726,1174886446.0,573075807.0,239902161.0,9460.0,2,2,8,6,92.7,86.4,96,Delayed,633,537,1987864414.0,237978271.0,-17.3,13.6
P1874,Highway Project 0874,Highway,North,Delhi,ABC Infra,2024-03-20,2026-08-30,2026-09-14,1128361157.0,1209197655.0,90.6,84.2,275,751903387.0,323642226.0,133652042.0,4225.0,0,4,15,1,80.8,97.3,15,On Track,908,893,1209197655.0,80836498.0,-6.4,7.16
P1875,Building Project 0875,Building,West,Ahmedabad,MegaBuild,2025-05-25,2026-07-13,2026-07-28,743755346.0,810978271.0,86.6,88.6,199,428346757.0,198219651.0,184411863.0,6168.0,1,4,11,0,84.0,89.1,15,On Track,429,414,810978271.0,67222925.0,2.0,9.04
P1876,Bridge Project 0876,Bridge,West,Pune,UrbanWorks,2023-07-01,2025-11-21,2026-01-14,454016420.0,506193752.0,89.1,77.9,110,288795842.0,153549978.0,63847932.0,11227.0,0,6,7,2,80.6,93.1,54,Delayed,928,874,506193752.0,52177332.0,-11.2,11.49
P1877,Power Transmission Project 0877,Power Transmission,West,Ahmedabad,Vertex Infra,2023-06-16,2024-10-18,2024-12-08,681118046.0,776734548.0,86.6,79.5,332,476365694.0,216625259.0,83743596.0,1104.0,3,4,9,4,86.6,83.5,51,Delayed,541,490,776734549.0,95616502.0,-7.1,14.04
P1878,Bridge Project 0878,Bridge,West,Pune,Prime Projects,2023-04-01,2024-01-31,2024-01-24,567061103.0,647825849.0,83.0,87.6,265,368063489.0,134868751.0,144893609.0,1634.0,1,1,13,0,100.0,89.4,-7,On Track,298,305,647825849.0,80764746.0,4.6,14.24
P1879,Highway Project 0879,Highway,West,Pune,UrbanWorks,2024-12-14,2025-12-14,2026-02-02,556431956.0,637613595.0,90.9,85.3,260,390690485.0,172143941.0,74779169.0,967.0,1,2,12,4,92.7,91.4,50,Delayed,415,365,637613595.0,81181639.0,-5.6,14.59
P1880,Building Project 0880,Building,West,Pune,UrbanWorks,2025-05-07,2027-06-02,2027-05-23,888997320.0,940994715.0,83.0,87.6,405,580518633.0,243870057.0,116606025.0,684.0,2,6,16,0,64.7,92.5,-10,On Track,746,756,940994715.0,51997395.0,4.6,5.85
P1881,Water Infrastructure Project 0881,Water Infrastructure,Central,Nagpur,MegaBuild,2024-06-14,2025-07-06,2025-08-12,740114834.0,777084293.0,87.5,79.8,326,468408196.0,209409746.0,99266350.0,11616.0,0,5,9,2,67.6,98.1,37,Delayed,424,387,777084292.0,36969459.0,-7.7,5.0
P1882,Highway Project 0882,Highway,South,Chennai,BuildTech,2023-02-08,2025-03-11,2025-05-23,664678765.0,745846605.0,88.8,78.3,250,471449350.0,163752404.0,110644851.0,10100.0,3,8,8,1,66.4,76.0,73,Delayed,835,762,745846605.0,81167840.0,-10.5,12.21
P1883,Power Transmission Project 0883,Power Transmission,South,Bengaluru,Prime Projects,2023-05-06,2024-04-26,2024-06-15,1616655470.0,1773899318.0,84.2,76.2,698,943536184.0,340313289.0,490049845.0,3554.0,0,4,11,3,92.3,100.0,50,Delayed,406,356,1773899318.0,157243848.0,-8.0,9.73
P1884,Highway Project 0884,Highway,South,Bengaluru,BuildTech,2024-03-26,2026-01-04,2026-02-20,684251406.0,746201341.0,94.1,79.7,159,375976394.0,154238006.0,215986941.0,3740.0,2,4,8,1,79.4,86.3,47,Delayed,696,649,746201341.0,61949935.0,-14.4,9.05
P1885,Building Project 0885,Building,West,Ahmedabad,Shakti Engineering,2023-06-22,2025-04-23,2025-05-15,572840545.0,582986299.0,89.5,88.6,243,290255208.0,128265076.0,164466015.0,3048.0,1,4,7,2,80.7,92.7,22,On Track,693,671,582986299.0,10145754.0,-0.9,1.77
P1886,Bridge Project 0886,Bridge,West,Ahmedabad,UrbanWorks,2024-10-14,2025-03-03,2025-03-16,617905942.0,685724167.0,80.8,83.3,294,417424745.0,149227616.0,119071807.0,312.0,2,3,7,1,74.6,85.8,13,On Track,153,140,685724168.0,67818225.0,2.5,10.98
P1887,Water Infrastructure Project 0887,Water Infrastructure,West,Pune,Shakti Engineering,2025-01-23,2027-05-29,2027-07-19,527745795.0,560655920.0,93.4,82.1,203,293794106.0,130298140.0,136563674.0,8026.0,2,3,11,1,87.6,83.5,51,Delayed,907,856,560655920.0,32910125.0,-11.3,6.24
P1888,Bridge Project 0888,Bridge,Central,Nagpur,ABC Infra,2023-08-08,2025-05-08,2025-07-31,622597607.0,736376618.0,97.1,75.9,210,353063906.0,198549215.0,184763497.0,11499.0,1,7,4,2,74.1,95.4,84,Delayed,723,639,736376618.0,113779011.0,-21.2,18.27
P1889,Power Transmission Project 0889,Power Transmission,West,Pune,UrbanWorks,2024-09-29,2025-05-06,2025-07-01,1196630621.0,1305167037.0,90.7,77.1,372,826412472.0,262561688.0,216192877.0,10699.0,0,3,6,3,93.0,100.0,56,Delayed,275,219,1305167037.0,108536416.0,-13.6,9.07
P1890,Water Infrastructure Project 0890,Water Infrastructure,Central,Nagpur,BuildTech,2023-02-27,2025-07-17,2025-08-17,548981768.0,610516199.0,92.5,87.1,237,349595665.0,152398232.0,108522302.0,5703.0,2,3,5,5,83.9,84.1,31,Delayed,902,871,610516199.0,61534431.0,-5.4,11.21
P1891,Building Project 0891,Building,West,Pune,UrbanWorks,2024-10-21,2026-06-10,2026-07-27,1062897186.0,1165452036.0,91.3,76.5,476,738920076.0,293184203.0,133347757.0,7754.0,0,6,11,1,76.9,93.7,47,Delayed,644,597,1165452036.0,102554850.0,-14.8,9.65
P1892,Power Transmission Project 0892,Power Transmission,North,Delhi,ABC Infra,2024-04-20,2026-04-08,2026-06-10,672670884.0,716011859.0,92.3,76.2,341,404262584.0,184035386.0,127713890.0,6451.0,1,3,9,3,89.3,87.0,63,Delayed,781,718,716011860.0,43340975.0,-16.1,6.44
P1893,Water Infrastructure Project 0893,Water Infrastructure,North,Delhi,MegaBuild,2024-03-31,2025-05-22,2025-06-27,388519733.0,443433482.0,87.8,87.0,129,238728534.0,102079616.0,102625332.0,10637.0,0,3,11,2,90.5,90.4,36,Delayed,453,417,443433482.0,54913749.0,-0.8,14.13
P1894,Highway Project 0894,Highway,South,Hyderabad,Shakti Engineering,2025-04-08,2027-01-13,2027-02-12,577703059.0,681917118.0,87.0,82.4,273,327575805.0,145651162.0,208690150.0,6530.0,1,2,8,3,81.0,94.5,30,On Track,675,645,681917117.0,104214059.0,-4.6,18.04
P1895,Bridge Project 0895,Bridge,West,Pune,Apex Contractors,2025-06-13,2026-09-09,2026-09-04,928818986.0,1023159825.0,85.8,93.3,376,544925341.0,242895057.0,235339427.0,10357.0,0,5,11,1,82.1,100.0,-5,Completed,448,453,1023159825.0,94340839.0,7.5,10.16
P1896,Power Transmission Project 0896,Power Transmission,South,Chennai,Shakti Engineering,2023-12-27,2024-04-26,2024-07-01,670956226.0,772665944.0,90.5,75.5,343,356995170.0,198555788.0,217114986.0,400.0,1,5,13,5,76.5,100.0,66,Delayed,187,121,772665944.0,101709718.0,-15.0,15.16
P1897,Highway Project 0897,Highway,South,Hyderabad,BuildTech,2025-07-23,2026-11-29,2027-01-18,1396579526.0,1499497619.0,92.6,85.1,550,871428764.0,294404883.0,333663972.0,5278.0,0,6,9,3,73.7,100.0,50,Delayed,544,494,1499497619.0,102918093.0,-7.5,7.37
P1898,Water Infrastructure Project 0898,Water Infrastructure,West,Ahmedabad,UrbanWorks,2023-01-01,2024-02-17,2024-04-27,612222872.0,669986381.0,92.5,76.7,239,371377563.0,151583054.0,147025765.0,9804.0,1,3,14,3,99.1,99.3,70,Delayed,482,412,669986382.0,57763509.0,-15.8,9.44
P1899,Power Transmission Project 0899,Power Transmission,North,Jaipur,BuildTech,2024-01-22,2025-11-24,2025-12-30,1242679226.0,1359204341.0,88.3,80.4,510,654269387.0,367647997.0,337286958.0,11288.0,1,6,10,0,64.9,94.4,36,Delayed,708,672,1359204342.0,116525115.0,-7.9,9.38
P1900,Highway Project 0900,Highway,West,Pune,MegaBuild,2025-08-30,2026-11-10,2026-12-18,1109366261.0,1148930181.0,89.2,82.5,518,650067007.0,281252780.0,217610394.0,6834.0,0,2,12,3,100.0,94.6,38,Delayed,475,437,1148930181.0,39563920.0,-6.7,3.57
P1901,Water Infrastructure Project 0901,Water Infrastructure,North,Delhi,UrbanWorks,2023-12-14,2025-08-26,2025-10-09,405842292.0,465629171.0,89.2,79.1,218,278291891.0,134632380.0,52704901.0,5004.0,2,4,14,1,88.5,81.7,44,Delayed,665,621,465629172.0,59786879.0,-10.1,14.73
P1902,Bridge Project 0902,Bridge,North,Jaipur,Apex Contractors,2023-07-09,2024-11-20,2025-01-15,575594500.0,608933004.0,88.0,79.5,140,376024014.0,167623422.0,65285569.0,749.0,1,9,11,3,66.5,94.3,56,Delayed,556,500,608933005.0,33338504.0,-8.5,5.79
P1903,Building Project 0903,Building,Central,Nagpur,UrbanWorks,2024-05-19,2026-05-31,2026-06-12,585454386.0,588168214.0,82.3,85.9,139,338723533.0,137264739.0,112179941.0,11931.0,1,0,13,2,87.6,95.3,12,On Track,754,742,588168213.0,2713828.0,3.6,0.46
P1904,Highway Project 0904,Highway,North,Jaipur,Apex Contractors,2023-07-10,2023-11-20,2024-02-05,1142703755.0,1354478861.0,89.2,66.0,604,690038208.0,379875821.0,284564832.0,11993.0,2,4,12,4,85.1,89.2,77,Delayed,210,133,1354478861.0,211775106.0,-23.2,18.53
P1905,Highway Project 0905,Highway,South,Chennai,BuildTech,2024-05-22,2026-02-04,2026-03-25,742073076.0,839170916.0,88.8,74.9,293,523160773.0,187894551.0,128115592.0,3467.0,2,1,9,4,99.9,82.5,49,Delayed,672,623,839170916.0,97097840.0,-13.9,13.08
P1906,Water Infrastructure Project 0906,Water Infrastructure,West,Pune,BuildTech,2024-01-04,2024-12-19,2025-01-24,372880695.0,385881343.0,89.8,82.9,157,233946115.0,82570434.0,69364793.0,5680.0,0,0,12,3,93.2,100.0,36,Delayed,386,350,385881342.0,13000648.0,-6.9,3.49
P1907,Power Transmission Project 0907,Power Transmission,South,Bengaluru,ABC Infra,2024-02-13,2024-09-03,2024-11-18,1778841433.0,2009435594.0,87.9,76.1,674,1236303505.0,557234940.0,215897150.0,8612.0,3,4,13,4,81.0,77.9,76,Delayed,279,203,2009435595.0,230594161.0,-11.8,12.96
P1908,Power Transmission Project 0908,Power Transmission,North,Jaipur,Vertex Infra,2025-04-03,2025-12-08,2026-01-24,631597996.0,671162631.0,91.2,74.0,158,371286575.0,150549590.0,149326466.0,11929.0,1,2,9,0,95.1,90.3,47,Delayed,296,249,671162631.0,39564635.0,-17.2,6.26
P1909,Building Project 0909,Building,South,Bengaluru,Vertex Infra,2025-07-17,2027-11-26,2028-02-28,931428645.0,996934186.0,100.0,75.9,441,547766094.0,218517676.0,230650416.0,4156.0,0,4,9,1,88.2,97.0,94,Delayed,956,862,996934186.0,65505541.0,-24.1,7.03
P1910,Highway Project 0910,Highway,Central,Nagpur,MegaBuild,2025-07-22,2026-04-12,2026-06-11,1345996731.0,1402083330.0,93.1,84.7,628,855744363.0,397268716.0,149070251.0,1375.0,1,2,5,3,94.8,100.0,60,Delayed,324,264,1402083330.0,56086599.0,-8.4,4.17
P1911,Water Infrastructure Project 0911,Water Infrastructure,South,Hyderabad,Vertex Infra,2023-04-27,2023-09-21,2023-10-08,482314539.0,523858788.0,88.1,88.2,155,310366983.0,106145014.0,107346791.0,4713.0,0,3,10,2,92.5,97.8,17,On Track,164,147,523858788.0,41544249.0,0.1,8.61
P1912,Metro Project 0912,Metro,South,Bengaluru,ABC Infra,2023-05-14,2023-11-15,2023-12-29,1258540700.0,1428159630.0,89.1,81.2,404,709325427.0,346970046.0,371864157.0,11214.0,0,4,9,3,90.0,99.6,44,Delayed,229,185,1428159630.0,169618930.0,-7.9,13.48
P1913,Power Transmission Project 0913,Power Transmission,South,Hyderabad,Shakti Engineering,2023-02-27,2023-12-06,2024-02-06,781210663.0,806625475.0,89.5,80.9,387,464643953.0,162921838.0,179059684.0,1001.0,0,4,12,4,79.3,100.0,62,Delayed,344,282,806625475.0,25414812.0,-8.6,3.25
P1914,Power Transmission Project 0914,Power Transmission,North,Delhi,Apex Contractors,2024-07-09,2025-06-22,2025-08-17,1448892257.0,1560207530.0,90.5,82.7,353,770711882.0,404092566.0,385403082.0,3648.0,0,4,19,3,86.0,94.5,56,Delayed,404,348,1560207530.0,111315273.0,-7.8,7.68
P1915,Water Infrastructure Project 0915,Water Infrastructure,West,Pune,UrbanWorks,2024-11-15,2025-11-30,2026-02-27,691397988.0,746830961.0,90.0,69.9,353,459391388.0,179405621.0,108033952.0,8485.0,1,4,7,6,82.0,92.2,89,Delayed,469,380,746830961.0,55432973.0,-20.1,8.02
P1916,Power Transmission Project 0916,Power Transmission,North,Jaipur,BuildTech,2024-11-02,2026-05-24,2026-06-15,1552122266.0,1584191853.0,88.2,84.8,472,885336409.0,419763230.0,279092214.0,11757.0,0,4,4,0,83.7,100.0,22,On Track,590,568,1584191853.0,32069587.0,-3.4,2.07
P1917,Highway Project 0917,Highway,North,Delhi,UrbanWorks,2023-06-22,2024-12-16,2025-01-06,1502167825.0,1642381339.0,88.0,83.7,624,786521386.0,477058202.0,378801751.0,7136.0,2,6,9,0,68.8,88.3,21,On Track,564,543,1642381339.0,140213514.0,-4.3,9.33
P1918,Water Infrastructure Project 0918,Water Infrastructure,North,Delhi,UrbanWorks,2025-04-08,2026-11-08,2027-01-20,721116055.0,759521324.0,92.6,81.1,381,479099286.0,193326033.0,87096006.0,8512.0,2,5,7,3,75.5,86.8,73,Delayed,652,579,759521325.0,38405269.0,-11.5,5.33
P1919,Metro Project 0919,Metro,Central,Indore,Prime Projects,2025-03-25,2027-05-29,2027-07-12,1298586042.0,1500196935.0,89.0,80.9,576,839968947.0,329690633.0,330537354.0,10938.0,1,4,11,2,82.2,82.5,44,Delayed,839,795,1500196934.0,201610893.0,-8.1,15.53
P1920,Power Transmission Project 0920,Power Transmission,West,Mumbai,Shakti Engineering,2023-05-29,2024-07-22,2024-10-04,899565566.0,999395437.0,92.3,79.3,320,478289797.0,280717928.0,240387712.0,6134.0,1,6,14,3,64.5,96.5,74,Delayed,494,420,999395437.0,99829871.0,-13.0,11.1
P1921,Metro Project 0921,Metro,South,Chennai,Prime Projects,2023-03-21,2024-05-16,2024-07-08,2657543587.0,2861985568.0,89.1,83.9,1189,1437870240.0,743630213.0,680485115.0,2549.0,2,2,8,3,95.5,88.8,53,Delayed,475,422,2861985568.0,204441981.0,-5.2,7.69
P1922,Water Infrastructure Project 0922,Water Infrastructure,South,Hyderabad,Vertex Infra,2025-06-04,2026-07-15,2026-09-07,429130176.0,429880690.0,82.8,71.3,143,264032959.0,107879364.0,57968367.0,11005.0,0,6,12,1,76.9,99.3,54,Delayed,460,406,429880690.0,750514.0,-11.5,0.17
P1923,Power Transmission Project 0923,Power Transmission,Central,Indore,UrbanWorks,2023-08-01,2024-12-27,2025-01-12,692752004.0,755013258.0,85.8,84.7,215,409691655.0,162249766.0,183071836.0,3522.0,2,4,14,1,80.7,77.4,16,On Track,530,514,755013257.0,62261254.0,-1.1,8.99
P1924,Highway Project 0924,Highway,West,Mumbai,Apex Contractors,2023-07-22,2023-11-28,2023-11-18,1257427656.0,1342945035.0,83.6,95.0,690,843366440.0,266235408.0,233343187.0,5291.0,1,2,11,1,87.8,93.9,-10,Completed,119,129,1342945035.0,85517379.0,11.4,6.8
P1925,Bridge Project 0925,Bridge,South,Chennai,BuildTech,2025-02-02,2027-05-09,2027-08-07,744584243.0,797906683.0,90.8,72.7,348,394355104.0,197708297.0,205843282.0,9674.0,0,10,7,4,64.4,100.0,90,Delayed,916,826,797906683.0,53322440.0,-18.1,7.16
P1926,Water Infrastructure Project 0926,Water Infrastructure,South,Hyderabad,Apex Contractors,2023-08-17,2025-09-04,2025-09-24,859124232.0,883107895.0,83.2,79.9,371,460822347.0,223680780.0,198604768.0,10849.0,1,4,2,1,84.2,92.3,20,On Track,769,749,883107895.0,23983663.0,-3.3,2.79
P1927,Bridge Project 0927,Bridge,West,Pune,UrbanWorks,2024-11-06,2025-11-30,2026-02-23,948960434.0,1145530290.0,88.0,73.6,320,695437449.0,234289430.0,215803412.0,8418.0,0,5,11,7,79.9,100.0,85,Delayed,474,389,1145530291.0,196569856.0,-14.4,20.71
P1928,Metro Project 0928,Metro,South,Chennai,Shakti Engineering,2023-08-15,2025-07-26,2025-09-12,1169029576.0,1281029545.0,88.5,85.1,276,729094105.0,245424449.0,306510991.0,2851.0,0,6,13,4,64.3,100.0,48,Delayed,759,711,1281029545.0,111999969.0,-3.4,9.58
P1929,Metro Project 0929,Metro,North,Jaipur,Apex Contractors,2024-10-20,2026-10-14,2026-11-17,2866756003.0,3089934652.0,89.0,83.6,660,1692025759.0,691134754.0,706774139.0,10565.0,1,5,7,1,76.7,89.2,34,Delayed,758,724,3089934652.0,223178649.0,-5.4,7.79
P1930,Highway Project 0930,Highway,North,Delhi,Prime Projects,2024-06-15,2026-11-29,2027-01-02,792692341.0,869198715.0,93.5,86.1,319,552034101.0,170823359.0,146341256.0,8557.0,1,2,8,2,86.6,95.0,34,Delayed,931,897,869198716.0,76506374.0,-7.4,9.65
P1931,Power Transmission Project 0931,Power Transmission,West,Mumbai,BuildTech,2024-03-16,2025-07-09,2025-09-07,1013027113.0,1068067338.0,94.2,78.4,477,547945563.0,212060494.0,308061281.0,8402.0,1,1,10,1,97.9,94.4,60,Delayed,540,480,1068067338.0,55040225.0,-15.8,5.43
P1932,Building Project 0932,Building,West,Mumbai,UrbanWorks,2024-02-06,2025-02-16,2025-03-02,645116196.0,728806367.0,87.0,86.2,256,459913765.0,177373043.0,91519558.0,8963.0,1,4,12,1,87.8,89.0,14,On Track,390,376,728806366.0,83690171.0,-0.8,12.97
P1933,Highway Project 0933,Highway,West,Mumbai,MegaBuild,2023-02-16,2023-10-26,2024-01-19,576029390.0,635318979.0,89.9,73.1,286,375915349.0,177603151.0,81800480.0,2514.0,1,4,14,6,86.1,98.7,85,Delayed,337,252,635318980.0,59289589.0,-16.8,10.29
P1934,Bridge Project 0934,Bridge,South,Hyderabad,Shakti Engineering,2023-08-21,2024-09-19,2024-10-13,822125223.0,872996593.0,88.3,79.2,189,426951728.0,229712725.0,216332140.0,11717.0,0,7,8,1,69.3,100.0,24,On Track,419,395,872996593.0,50871370.0,-9.1,6.19
P1935,Bridge Project 0935,Bridge,North,Jaipur,Unknown,2023-11-01,2026-04-14,2026-04-27,514237755.0,538785646.0,91.7,88.9,175,304016898.0,142168958.0,92599790.0,8834.0,1,2,9,1,84.6,99.7,13,On Track,908,895,538785646.0,24547891.0,-2.8,4.77
P1936,Highway Project 0936,Highway,South,Chennai,MegaBuild,2024-06-09,2026-08-20,2026-08-28,941513991.0,949373985.0,89.7,91.7,280,598018445.0,206329777.0,145025763.0,1017.0,0,1,7,0,100.0,100.0,8,Completed,810,802,949373985.0,7859994.0,2.0,0.83
P1937,Bridge Project 0937,Bridge,North,Delhi,Apex Contractors,2023-05-23,2025-02-13,2025-05-15,701835575.0,759162869.0,91.8,74.4,257,429278963.0,141523692.0,188360214.0,2760.0,1,6,11,4,66.1,94.4,91,Delayed,723,632,759162869.0,57327294.0,-17.4,8.17
P1938,Metro Project 0938,Metro,North,Jaipur,UrbanWorks,2024-02-19,2025-04-26,2025-04-16,2520223365.0,2710448234.0,85.5,99.0,614,1603521332.0,683421507.0,423505395.0,3555.0,0,3,11,2,83.6,100.0,-10,Completed,422,432,2710448234.0,190224869.0,13.5,7.55
P1939,Metro Project 0939,Metro,Central,Indore,Shakti Engineering,2024-05-27,2026-04-22,2026-06-09,2580277613.0,2835438973.0,90.9,79.8,1380,1545063263.0,670541098.0,619834612.0,6090.0,0,1,13,0,91.0,100.0,48,Delayed,743,695,2835438973.0,255161360.0,-11.1,9.89
P1940,Water Infrastructure Project 0940,Water Infrastructure,West,Pune,BuildTech,2024-01-08,2025-02-14,2025-02-25,395314794.0,407323625.0,84.4,86.6,116,243833889.0,118176198.0,45313538.0,11757.0,0,3,15,2,83.3,98.9,11,On Track,414,403,407323625.0,12008831.0,2.2,3.04
P1941,Metro Project 0941,Metro,South,Bengaluru,UrbanWorks,2024-07-19,2025-03-16,2025-05-17,1715771351.0,1926931048.0,86.9,74.8,899,1241590523.0,388652807.0,296687717.0,5634.0,1,4,12,6,86.0,97.5,62,Delayed,302,240,1926931047.0,211159697.0,-12.1,12.31
P1942,Building Project 0942,Building,North,Jaipur,UrbanWorks,2025-06-04,2026-01-16,2026-02-08,624447510.0,692161280.0,90.4,,225,413983344.0,189664783.0,88513154.0,7130.0,0,1,13,3,96.6,98.4,23,On Track,249,226,692161281.0,67713770.0,-90.4,10.84
P1943,Building Project 0943,Building,Central,Indore,Prime Projects,2023-09-16,2025-11-30,2025-11-30,465758467.0,532488874.0,82.2,77.4,253,317767397.0,123624617.0,91096860.0,8054.0,0,3,12,1,84.6,100.0,0,On Track,806,806,532488874.0,66730407.0,-4.8,14.33
P1944,Building Project 0944,Building,North,Delhi,Shakti Engineering,2024-10-17,2025-09-05,2025-10-08,928394256.0,1043393495.0,81.2,80.3,373,544449885.0,305513738.0,193429871.0,7240.0,2,5,11,1,81.2,83.0,33,Delayed,356,323,1043393494.0,114999239.0,-0.9,12.39
P1945,Water Infrastructure Project 0945,Water Infrastructure,South,Bengaluru,Shakti Engineering,2024-04-15,2025-01-24,2025-02-08,730373139.0,767371121.0,85.4,84.7,385,486514239.0,192949220.0,87907661.0,11022.0,1,1,8,1,94.8,93.2,15,On Track,299,284,767371120.0,36997982.0,-0.7,5.07
P1946,Building Project 0946,Building,South,Bengaluru,MegaBuild,2025-08-10,2026-10-08,2026-11-26,493622977.0,522732868.0,86.2,78.1,109,255968242.0,151266417.0,115498209.0,3932.0,3,2,13,1,95.3,81.4,49,Delayed,473,424,522732868.0,29109891.0,-8.1,5.9
P1947,Power Transmission Project 0947,Power Transmission,North,Jaipur,Prime Projects,2025-08-28,2027-05-06,2027-07-04,1048733509.0,1200663751.0,86.7,74.0,489,757431966.0,303271884.0,139959901.0,9547.0,1,5,9,3,76.1,98.2,59,Delayed,675,616,1200663751.0,151930242.0,-12.7,14.49
P1948,Water Infrastructure Project 0948,Water Infrastructure,West,Mumbai,Apex Contractors,2023-01-12,2025-02-01,2025-03-14,366512040.0,424500397.0,87.9,80.6,189,224844334.0,104154809.0,95501254.0,314.0,1,7,13,4,72.7,91.8,41,Delayed,792,751,424500397.0,57988357.0,-7.3,15.82
P1949,Building Project 0949,Building,West,Ahmedabad,Vertex Infra,2023-11-26,2025-10-01,2025-11-22,806667717.0,878495159.0,91.2,80.4,214,496310477.0,265487519.0,116697163.0,11881.0,3,6,13,0,78.0,79.8,52,Delayed,727,675,878495159.0,71827442.0,-10.8,8.9
P1950,Power Transmission Project 0950,Power Transmission,North,Delhi,Apex Contractors,2025-01-05,2025-10-07,2025-12-22,751860029.0,794109063.0,97.8,78.6,189,492568273.0,191826441.0,109714349.0,11806.0,0,1,10,2,100.0,94.1,76,Delayed,351,275,794109063.0,42249034.0,-19.2,5.62
P1951,Building Project 0951,Building,West,Mumbai,Apex Contractors,2025-02-22,2026-06-23,2026-08-06,1062442931.0,1258021835.0,87.5,80.2,382,763646247.0,353338991.0,141036597.0,8508.0,3,2,13,3,95.3,72.8,44,Delayed,530,486,1258021835.0,195578904.0,-7.3,18.41
P1952,Metro Project 0952,Metro,North,Delhi,Prime Projects,2025-08-25,2027-12-11,2028-02-02,2535750508.0,2877452543.0,91.5,78.0,1339,1772100053.0,557088626.0,548263865.0,11073.0,2,2,9,0,98.6,87.9,53,Delayed,891,838,2877452544.0,341702035.0,-13.5,13.48
P1953,Metro Project 0953,Metro,West,Ahmedabad,Shakti Engineering,2023-12-24,2026-01-01,2026-02-28,1762672328.0,1945068941.0,95.0,81.7,703,1049814036.0,397763245.0,497491659.0,10271.0,0,2,6,4,89.9,100.0,58,Delayed,797,739,1945068940.0,182396613.0,-13.3,10.35
P1954,Highway Project 0954,Highway,West,Pune,UrbanWorks,2025-08-29,2026-09-03,2026-10-28,1127099309.0,1221609320.0,94.3,83.5,444,611452908.0,286768501.0,323387911.0,2249.0,0,8,12,0,71.0,96.5,55,Delayed,425,370,1221609320.0,94510011.0,-10.8,8.39
P1955,Power Transmission Project 0955,Power Transmission,West,Ahmedabad,Prime Projects,2024-02-12,2025-05-10,2025-08-01,1707723598.0,1836388303.0,86.9,72.3,455,1171864922.0,462268264.0,202255117.0,8572.0,1,7,11,4,72.2,95.1,83,Delayed,536,453,1836388303.0,128664705.0,-14.6,7.53
P1956,Water Infrastructure Project 0956,Water Infrastructure,Central,Nagpur,MegaBuild,2024-10-29,2026-11-29,2027-01-30,637730065.0,683386443.0,93.5,84.5,140,346666743.0,176583225.0,160136475.0,7099.0,0,2,11,2,85.9,100.0,62,Delayed,823,761,683386443.0,45656378.0,-9.0,7.16
P1957,Power Transmission Project 0957,Power Transmission,North,Jaipur,Prime Projects,2024-01-08,2025-09-29,2025-12-25,816143169.0,935566640.0,95.2,77.4,397,570422647.0,188132454.0,177011539.0,6879.0,0,2,5,5,92.6,95.2,87,Delayed,717,630,935566640.0,119423471.0,-17.8,14.63
P1958,Building Project 0958,Building,North,Jaipur,MegaBuild,2023-01-08,2024-02-24,2024-04-07,628272899.0,627737613.0,96.1,84.0,156,393087162.0,164581285.0,70069166.0,3379.0,1,4,13,1,84.8,91.6,43,Delayed,455,412,627737613.0,-535286.0,-12.1,-0.09
P1959,Bridge Project 0959,Bridge,Central,Indore,Apex Contractors,2023-05-02,2023-09-18,2023-12-05,1108094514.0,1225761046.0,96.3,76.5,475,777015920.0,252353228.0,196391898.0,8427.0,0,7,12,1,72.3,96.6,78,Delayed,217,139,1225761046.0,117666532.0,-19.8,10.62
P1960,Highway Project 0960,Highway,West,Mumbai,Vertex Infra,2023-12-14,2025-01-18,2025-03-13,1195702602.0,1370428074.0,85.6,74.4,623,756409810.0,409133911.0,204884353.0,9510.0,2,8,7,3,66.5,81.7,54,Delayed,455,401,1370428074.0,174725472.0,-11.2,14.61
P1961,Water Infrastructure Project 0961,Water Infrastructure,Central,Indore,Prime Projects,2024-11-06,2025-03-06,2025-05-08,696188253.0,782890604.0,91.0,81.9,201,464804880.0,181068913.0,137016811.0,9271.0,2,3,8,3,90.3,86.7,63,Delayed,183,120,782890604.0,86702351.0,-9.1,12.45
P1962,Building Project 0962,Building,Central,Nagpur,MegaBuild,2023-03-31,2023-11-24,2023-11-16,977277362.0,1008811161.0,87.2,93.4,429,568683432.0,221030287.0,219097442.0,2124.0,0,4,13,0,79.7,97.3,-8,Completed,230,238,1008811161.0,31533799.0,6.2,3.23
P1963,Power Transmission Project 0963,Power Transmission,West,Ahmedabad,Prime Projects,2024-10-09,2025-03-12,2025-04-03,1686707400.0,1775959140.0,84.8,81.6,414,959990385.0,402047819.0,413920936.0,6629.0,1,2,11,1,91.3,92.6,22,On Track,176,154,1775959140.0,89251740.0,-3.2,5.29
P1964,Metro Project 0964,Metro,North,Jaipur,Vertex Infra,2024-11-28,2025-10-11,2025-12-14,2811189292.0,2952536874.0,91.9,77.2,1178,1537380388.0,915040961.0,500115526.0,4164.0,0,3,12,2,90.7,97.8,64,Delayed,381,317,2952536875.0,141347582.0,-14.7,5.03
P1965,Building Project 0965,Building,South,Hyderabad,Apex Contractors,2023-11-12,2025-07-08,2025-09-06,425317173.0,497052592.0,90.8,79.2,116,297986092.0,118578895.0,80487605.0,10961.0,2,3,12,2,89.7,85.4,60,Delayed,664,604,497052592.0,71735419.0,-11.6,16.87
P1966,Building Project 0966,Building,West,Ahmedabad,Prime Projects,2023-06-27,2025-11-19,2025-11-30,746550091.0,866604204.0,90.7,91.7,345,438431099.0,215413848.0,212759257.0,2813.0,0,7,5,3,66.3,94.6,11,Completed,887,876,866604204.0,120054113.0,1.0,16.08
P1967,Building Project 0967,Building,West,Ahmedabad,BuildTech,2024-06-23,2024-12-18,2025-01-23,886964308.0,948792695.0,88.1,79.7,283,546572520.0,239300689.0,162919485.0,10622.0,1,2,11,0,95.3,98.1,36,Delayed,214,178,948792694.0,61828387.0,-8.4,6.97
P1968,Building Project 0968,Building,Central,Nagpur,MegaBuild,2025-01-01,2025-10-08,2026-01-09,898702694.0,984917663.0,99.8,77.8,335,571704142.0,291986061.0,121227460.0,7010.0,3,6,7,1,73.9,80.7,93,Delayed,373,280,984917663.0,86214969.0,-22.0,9.59
P1969,Water Infrastructure Project 0969,Water Infrastructure,West,Pune,Vertex Infra,2025-05-18,2027-08-06,2027-10-13,669563302.0,723852392.0,96.0,77.8,279,394871040.0,167458259.0,161523093.0,8816.0,3,2,13,1,89.6,79.4,68,Delayed,878,810,723852392.0,54289090.0,-18.2,8.11
P1970,Metro Project 0970,Metro,North,Delhi,MegaBuild,2023-02-10,2024-01-01,2024-02-10,1320238924.0,1387396894.0,88.3,85.4,365,715598491.0,304735679.0,367062724.0,3790.0,1,2,8,1,97.4,92.5,40,Delayed,365,325,1387396894.0,67157970.0,-2.9,5.09
P1971,Water Infrastructure Project 0971,Water Infrastructure,Central,Nagpur,MegaBuild,2025-01-09,2025-05-20,2025-05-27,784939435.0,793992493.0,89.9,90.9,364,473220018.0,198245869.0,122526607.0,9168.0,2,3,9,2,95.2,91.1,7,Completed,138,131,793992494.0,9053058.0,1.0,1.15
P1972,Building Project 0972,Building,North,Delhi,ABC Infra,2024-12-04,2026-08-05,2026-10-02,872379603.0,950813276.0,92.0,78.6,279,537533398.0,238525922.0,174753955.0,6425.0,0,7,6,2,73.6,100.0,58,Delayed,667,609,950813275.0,78433673.0,-13.4,8.99
P1973,Power Transmission Project 0973,Power Transmission,North,Jaipur,Vertex Infra,2025-07-11,2026-08-10,2026-09-28,709224284.0,813767732.0,94.1,84.4,311,476669324.0,156680562.0,180417846.0,8379.0,2,3,11,0,84.0,85.9,49,Delayed,444,395,813767732.0,104543448.0,-9.7,14.74
P1974,Power Transmission Project 0974,Power Transmission,Central,Nagpur,Prime Projects,2024-05-16,2026-08-06,2026-10-03,1166209888.0,1296049701.0,91.9,81.5,317,620196953.0,326056730.0,349796018.0,10503.0,2,2,17,3,99.4,88.2,58,Delayed,870,812,1296049701.0,129839813.0,-10.4,11.13
P1975,Metro Project 0975,Metro,North,Delhi,MegaBuild,2025-08-16,2026-08-12,2026-10-31,1334475251.0,1426920470.0,90.5,71.0,596,710437212.0,372130016.0,344353243.0,5188.0,1,6,10,2,80.4,99.9,80,Delayed,441,361,1426920471.0,92445219.0,-19.5,6.93
P1976,Metro Project 0976,Metro,Central,Indore,Shakti Engineering,2023-05-25,2024-04-24,2024-05-05,1658204551.0,1773555937.0,84.3,81.6,434,875195536.0,467570483.0,430789918.0,11625.0,1,0,14,1,96.6,94.5,11,On Track,346,335,1773555937.0,115351386.0,-2.7,6.96
P1977,Power Transmission Project 0977,Power Transmission,Central,Nagpur,ABC Infra,2023-07-20,2024-07-24,2024-09-22,626878122.0,665605793.0,97.9,82.3,225,336602470.0,207050877.0,121952446.0,3004.0,0,2,12,2,97.3,100.0,60,Delayed,430,370,665605793.0,38727671.0,-15.6,6.18
P1978,Building Project 0978,Building,North,Jaipur,BuildTech,2025-07-17,2026-03-19,2026-04-28,643735856.0,668371303.0,87.5,85.9,194,335306812.0,157848465.0,175216027.0,9686.0,2,3,12,1,82.9,83.6,40,Delayed,285,245,668371304.0,24635447.0,-1.6,3.83
P1979,Power Transmission Project 0979,Power Transmission,Central,Nagpur,MegaBuild,2024-12-24,2025-11-25,2026-01-01,1270351075.0,1304797511.0,94.2,88.9,593,788056337.0,328735273.0,188005900.0,6560.0,0,3,8,2,74.7,98.8,37,Delayed,373,336,1304797510.0,34446436.0,-5.3,2.71
P1980,Highway Project 0980,Highway,North,Jaipur,Apex Contractors,2024-04-05,2025-06-04,2025-06-28,1169963810.0,1224883093.0,90.1,85.7,358,599198077.0,248778803.0,376906213.0,11567.0,1,1,5,0,100.0,89.4,24,On Track,449,425,1224883093.0,54919283.0,-4.4,4.69
P1981,Building Project 0981,Building,Central,Nagpur,MegaBuild,2025-01-01,2025-11-01,2025-11-15,831895597.0,839008160.0,95.0,93.9,425,408733441.0,242864467.0,187410253.0,9396.0,0,4,10,1,76.6,99.2,14,Completed,318,304,839008161.0,7112563.0,-1.1,0.85
P1982,Power Transmission Project 0982,Power Transmission,North,Delhi,ABC Infra,2025-01-21,2025-06-28,2025-08-09,1616912489.0,1760130116.0,84.8,78.4,831,826815278.0,349768860.0,583545977.0,4897.0,1,5,8,2,78.4,97.3,42,Delayed,200,158,1760130115.0,143217627.0,-6.4,8.86
P1983,Power Transmission Project 0983,Power Transmission,West,Pune,Prime Projects,2025-07-13,2026-06-20,2026-08-02,865710118.0,929677801.0,87.5,77.3,246,543513379.0,269273440.0,116890983.0,3204.0,3,3,16,0,92.0,91.6,43,Delayed,385,342,929677802.0,63967683.0,-10.2,7.39
P1984,Metro Project 0984,Metro,South,Chennai,Shakti Engineering,2025-06-27,2026-04-26,2026-06-07,1228554008.0,1351786186.0,89.4,76.8,519,794949262.0,321967741.0,234869183.0,11792.0,1,1,10,2,88.0,88.4,42,Delayed,345,303,1351786186.0,123232178.0,-12.6,10.03
P1985,Water Infrastructure Project 0985,Water Infrastructure,North,Delhi,Apex Contractors,2024-07-11,2026-03-17,2026-04-14,817679989.0,865909617.0,86.3,79.7,203,485802049.0,206548753.0,173558815.0,1423.0,0,4,8,1,82.0,100.0,28,On Track,642,614,865909617.0,48229628.0,-6.6,5.9
P1986,Building Project 0986,Building,West,Mumbai,BuildTech,2024-06-30,2025-12-28,2026-03-10,469478163.0,500943099.0,87.9,71.5,163,300435761.0,115408036.0,85099302.0,7235.0,2,5,12,3,74.0,94.9,72,Delayed,618,546,500943099.0,31464936.0,-16.4,6.7
P1987,Highway Project 0987,Highway,South,Bengaluru,Apex Contractors,2023-09-10,2024-07-03,2024-09-08,1541124285.0,1669134435.0,95.2,85.6,701,966603566.0,503753471.0,198777398.0,4616.0,1,5,8,1,68.3,86.7,67,Delayed,364,297,1669134435.0,128010150.0,-9.6,8.31
P1988,Water Infrastructure Project 0988,Water Infrastructure,West,Pune,MegaBuild,2024-01-25,2025-07-25,2025-08-20,812235629.0,892952377.0,92.2,94.1,355,433706825.0,275986225.0,183259328.0,11549.0,0,0,7,2,100.0,97.7,26,Completed,573,547,892952378.0,80716748.0,1.9,9.94
P1989,Water Infrastructure Project 0989,Water Infrastructure,Central,Indore,Prime Projects,2024-08-16,2025-10-03,2025-12-06,605530347.0,659398352.0,95.8,76.7,258,396549768.0,191290898.0,71557686.0,2570.0,3,7,7,2,69.2,72.8,64,Delayed,477,413,659398352.0,53868005.0,-19.1,8.9
P1990,Power Transmission Project 0990,Power Transmission,West,Ahmedabad,Vertex Infra,2025-06-01,2026-02-26,2026-04-08,1792519924.0,2048596843.0,90.3,78.8,561,1087124072.0,549189072.0,412283700.0,3024.0,3,4,12,0,89.6,77.3,41,Delayed,311,270,2048596844.0,256076919.0,-11.5,14.29
P1991,Building Project 0991,Building,North,Delhi,Shakti Engineering,2023-09-13,2025-01-28,2025-03-18,427124361.0,462276792.0,89.4,77.8,147,258257714.0,96650328.0,107368750.0,8421.0,2,1,9,2,98.3,83.3,49,Delayed,552,503,462276792.0,35152431.0,-11.6,8.23
P1992,Metro Project 0992,Metro,Central,Nagpur,Vertex Infra,2024-12-09,2027-01-05,2027-03-15,1590070207.0,1742239619.0,84.8,71.0,403,1034629403.0,395954654.0,311655562.0,7971.0,1,8,5,3,68.4,95.0,69,Delayed,826,757,1742239619.0,152169412.0,-13.8,9.57
P1993,Highway Project 0993,Highway,North,Delhi,Shakti Engineering,2025-03-25,2026-05-26,2026-06-30,1189444514.0,1254464285.0,94.2,88.3,543,657820342.0,290844107.0,305799835.0,2558.0,1,3,9,2,86.9,90.2,35,Delayed,462,427,1254464284.0,65019771.0,-5.9,5.47
P1994,Bridge Project 0994,Bridge,South,Hyderabad,BuildTech,2025-07-09,2026-10-07,2026-12-09,701255666.0,752537094.0,89.4,80.3,270,356838545.0,203838421.0,191860127.0,4162.0,0,1,11,2,100.0,92.3,63,Delayed,518,455,752537093.0,51281428.0,-9.1,7.31
P1995,Metro Project 0995,Metro,West,Pune,UrbanWorks,2024-03-25,2026-08-07,2026-09-18,2828177653.0,3159282165.0,90.8,86.6,1283,2019096555.0,782997956.0,357187654.0,9422.0,2,2,16,5,84.3,82.7,42,Delayed,907,865,3159282165.0,331104512.0,-4.2,11.71
P1996,Water Infrastructure Project 0996,Water Infrastructure,South,Chennai,Shakti Engineering,2023-01-10,2024-05-18,2024-07-27,342203783.0,356940063.0,87.8,77.7,103,204183176.0,94432576.0,58324311.0,3946.0,2,7,10,1,68.8,87.4,70,Delayed,564,494,356940063.0,14736280.0,-10.1,4.31
P1997,Metro Project 0997,Metro,Central,Indore,UrbanWorks,2025-04-03,2025-08-08,2025-11-23,2077835427.0,2422479656.0,100.0,75.6,679,1279891203.0,459524694.0,683063759.0,7325.0,2,4,9,3,81.4,91.2,107,Delayed,234,127,2422479656.0,344644229.0,-24.4,16.59
P1998,Power Transmission Project 0998,Power Transmission,South,Hyderabad,Vertex Infra,2025-03-08,2026-06-11,2026-07-04,1319948184.0,1413321932.0,90.5,89.3,435,865982477.0,390187340.0,157152115.0,1571.0,1,4,9,2,73.8,88.4,23,On Track,483,460,1413321932.0,93373748.0,-1.2,7.07
P1999,Power Transmission Project 0999,Power Transmission,North,Jaipur,Shakti Engineering,2023-08-30,2024-05-04,2024-06-09,1394801030.0,1586768670.0,87.1,79.8,318,772379233.0,482874838.0,331514598.0,9289.0,0,3,11,2,79.9,99.8,36,Delayed,284,248,1586768669.0,191967640.0,-7.3,13.76
P2000,Building Project 1000,Building,South,Hyderabad,BuildTech,2023-09-08,2026-02-19,2026-03-15,540301350.0,570956287.0,85.4,84.4,179,283282685.0,148375793.0,139297808.0,11626.0,1,2,13,4,92.8,92.6,24,On Track,919,895,570956286.0,30654937.0,-1.0,5.67
P2001,Power Transmission Project 1001,Power Transmission,North,Delhi,ABC Infra,2025-05-26,2027-07-23,2027-10-24,1046125377.0,1216815993.0,92.1,77.6,507,612625651.0,351443419.0,252746922.0,3763.0,3,5,9,4,82.8,86.9,93,Delayed,881,788,1216815992.0,170690616.0,-14.5,16.32
P2002,Water Infrastructure Project 1002,Water Infrastructure,Central,Indore,BuildTech,2023-01-05,2024-04-20,2024-06-09,812926720.0,918791408.0,87.0,78.6,419,551160685.0,223131583.0,144499140.0,11079.0,1,2,10,2,88.9,100.0,50,Delayed,521,471,918791408.0,105864688.0,-8.4,13.02
P2003,Building Project 1003,Building,North,Delhi,BuildTech,2023-04-29,2024-08-18,2024-09-28,496884080.0,565604999.0,88.2,83.4,194,301704301.0,110439830.0,153460868.0,8908.0,0,4,8,3,76.2,99.7,41,Delayed,518,477,565604999.0,68720919.0,-4.8,13.83
P2004,Highway Project 1004,Highway,North,Jaipur,ABC Infra,2025-03-11,2026-12-07,2026-12-16,1386576900.0,1548816440.0,83.9,81.7,513,916743381.0,453674504.0,178398555.0,10847.0,1,6,5,3,76.7,96.6,9,On Track,645,636,1548816440.0,162239540.0,-2.2,11.7
P2005,Bridge Project 1005,Bridge,West,Ahmedabad,ABC Infra,2024-01-09,2025-09-14,2025-11-03,876690724.0,995882965.0,90.3,79.0,201,489485827.0,201793319.0,304603820.0,5241.0,2,3,7,3,83.6,85.2,50,Delayed,664,614,995882966.0,119192241.0,-11.3,13.6
P2006,Building Project 1006,Building,Central,Indore,Prime Projects,2023-03-06,2023-09-27,2023-11-21,902464071.0,997978702.0,90.2,77.6,460,568427919.0,207985470.0,221565313.0,1197.0,1,5,7,2,71.5,89.2,55,Delayed,260,205,997978702.0,95514631.0,-12.6,10.58
P2007,Power Transmission Project 1007,Power Transmission,West,Ahmedabad,Shakti Engineering,2023-05-26,2024-03-15,2024-05-04,1468464913.0,1500592229.0,97.4,84.8,329,810619568.0,301659816.0,388312845.0,8544.0,2,3,7,0,83.1,88.3,50,Delayed,344,294,1500592229.0,32127316.0,-12.6,2.19
P2008,Bridge Project 1008,Bridge,West,Pune,Vertex Infra,2023-08-12,2024-06-19,2024-08-14,583696984.0,633849363.0,87.9,74.9,310,,170134195.0,134485201.0,905.0,0,4,13,1,92.0,99.1,56,Delayed,368,312,304619396.0,50152379.0,-13.0,8.59
P2009,Power Transmission Project 1009,Power Transmission,West,Pune,Prime Projects,2023-08-27,2024-10-30,2024-10-20,1293263411.0,1316756390.0,81.2,87.4,493,824926097.0,342029591.0,149800702.0,3977.0,1,2,6,1,98.0,93.5,-10,On Track,420,430,1316756390.0,23492979.0,6.2,1.82
P2010,Water Infrastructure Project 1010,Water Infrastructure,West,Ahmedabad,ABC Infra,2023-06-26,2024-02-19,2024-04-17,827472507.0,855761649.0,89.1,75.6,275,482009815.0,189414660.0,184337174.0,4847.0,2,8,4,0,58.1,74.2,58,Delayed,296,238,855761649.0,28289142.0,-13.5,3.42
P2011,Highway Project 1011,Highway,West,Pune,UrbanWorks,2025-02-17,2026-01-20,2026-05-13,974061467.0,1115878692.0,95.2,72.6,511,635230849.0,329954575.0,150693268.0,8952.0,2,4,8,6,83.5,88.1,113,Delayed,450,337,1115878692.0,141817225.0,-22.6,14.56
P2012,Power Transmission Project 1012,Power Transmission,Central,Indore,Vertex Infra,2025-05-02,2026-10-30,2026-12-23,1774574832.0,1874772277.0,92.4,79.4,404,935499659.0,574877356.0,364395262.0,1074.0,0,5,7,2,78.3,100.0,54,Delayed,600,546,1874772277.0,100197445.0,-13.0,5.65
P2013,Building Project 1013,Building,Central,Nagpur,UrbanWorks,2023-10-09,2025-03-25,2025-05-31,680833797.0,810522890.0,94.3,81.3,280,482483491.0,174738558.0,153300840.0,5556.0,1,3,13,6,85.2,94.8,67,Delayed,600,533,810522889.0,129689093.0,-13.0,19.05
P2014,Bridge Project 1014,Bridge,West,Mumbai,BuildTech,2023-03-04,2023-10-23,2023-12-06,530298150.0,601029441.0,91.8,78.6,212,315937368.0,159959561.0,125132512.0,5791.0,2,4,5,0,76.8,81.3,44,Delayed,277,233,601029441.0,70731291.0,-13.2,13.34
P2015,Building Project 1015,Building,West,Pune,MegaBuild,2023-08-05,2024-04-25,2024-05-31,635945796.0,764743971.0,88.2,78.3,185,450611432.0,216861896.0,97270643.0,4330.0,4,6,10,0,79.9,74.0,36,Delayed,300,264,764743971.0,128798175.0,-9.9,20.25
P2016,Highway Project 1016,Highway,West,Pune,BuildTech,2025-05-03,2027-02-19,2027-04-02,1517029015.0,1520574542.0,85.5,74.0,548,948687740.0,360751713.0,211135089.0,11819.0,1,3,8,0,90.1,90.0,42,Delayed,699,657,1520574542.0,3545527.0,-11.5,0.23
P2017,Building Project 1017,Building,North,Delhi,BuildTech,2025-04-06,2027-05-13,2027-07-05,586100407.0,608310342.0,86.1,80.5,255,309030346.0,137602726.0,161677270.0,5456.0,2,5,7,1,85.0,85.9,53,Delayed,820,767,608310342.0,22209935.0,-5.6,3.79
P2018,Building Project 1018,Building,West,Ahmedabad,MegaBuild,2025-03-05,2026-05-01,2026-05-30,978190184.0,1088674917.0,87.6,81.8,449,589942720.0,246935832.0,251796365.0,6073.0,2,6,9,0,86.3,85.8,29,On Track,451,422,1088674917.0,110484733.0,-5.8,11.29
P2019,Bridge Project 1019,Bridge,South,Bengaluru,Shakti Engineering,2024-11-19,2027-04-01,2027-04-27,1139531812.0,1202386009.0,92.5,86.1,250,716377698.0,337022384.0,148985927.0,7475.0,0,4,11,1,81.9,93.6,26,On Track,889,863,1202386009.0,62854197.0,-6.4,5.52
P2020,Power Transmission Project 1020,Power Transmission,South,Chennai,ABC Infra,2024-04-05,2026-03-13,2026-04-17,1028725694.0,1089596515.0,89.7,80.9,544,552954809.0,261639341.0,275002365.0,11814.0,4,3,7,1,92.3,79.2,35,Delayed,742,707,1089596515.0,60870821.0,-8.8,5.92
P2021,Building Project 1021,Building,South,Hyderabad,UrbanWorks,2025-07-17,2026-10-24,2026-12-25,417029226.0,448546423.0,82.8,73.1,114,277807840.0,120746875.0,49991708.0,11186.0,3,5,8,1,75.2,78.5,62,Delayed,526,464,448546423.0,31517197.0,-9.7,7.56
P2022,Metro Project 1022,Metro,West,Pune,BuildTech,2024-09-01,2024-12-30,2025-02-21,2424624660.0,2607688741.0,91.3,79.5,720,1433163998.0,716802186.0,457722557.0,3818.0,0,2,8,3,95.0,97.2,53,Delayed,173,120,2607688741.0,183064081.0,-11.8,7.55
P2023,Bridge Project 1023,Bridge,South,Hyderabad,MegaBuild,2023-04-15,2024-01-06,2024-03-19,669497647.0,758936579.0,94.9,77.1,205,407455071.0,168763973.0,182717535.0,7075.0,1,7,7,3,78.7,91.4,73,Delayed,339,266,758936579.0,89438932.0,-17.8,13.36
P2024,Power Transmission Project 1024,Power Transmission,Central,Indore,Prime Projects,2023-04-09,2024-05-19,2024-06-14,1552337573.0,1587228566.0,83.7,74.8,360,808128460.0,353696406.0,425403699.0,7906.0,4,4,10,1,78.7,77.9,26,On Track,432,406,1587228565.0,34890993.0,-8.9,2.25
P2025,Highway Project 1025,Highway,South,Bengaluru,BuildTech,2024-05-25,2026-07-07,2026-08-31,985074316.0,1105080568.0,92.2,80.5,256,557985415.0,229643224.0,317451930.0,5678.0,3,3,10,3,85.4,83.6,55,Delayed,828,773,1105080569.0,120006252.0,-11.7,12.18
P2026,Metro Project 1026,Metro,South,Chennai,UrbanWorks,2024-01-20,2024-07-10,2024-07-20,1950828150.0,2125470600.0,81.6,81.5,1064,1135910836.0,421960280.0,567599484.0,6973.0,2,2,14,3,92.8,84.9,10,On Track,182,172,2125470600.0,174642450.0,-0.1,8.95
P2027,Highway Project 1027,Highway,West,Ahmedabad,ABC Infra,2024-02-09,2025-04-07,2025-05-19,1335415330.0,1411393014.0,86.5,80.8,432,679065079.0,282729589.0,449598346.0,6744.0,3,2,22,1,92.5,88.3,42,Delayed,465,423,1411393014.0,75977684.0,-5.7,5.69
P2028,Highway Project 1028,Highway,West,Mumbai,BuildTech,2025-04-02,2025-10-07,2025-11-07,922069681.0,1046862869.0,84.9,78.2,237,546617265.0,237159767.0,263085838.0,8976.0,2,2,6,2,89.0,88.1,31,Delayed,219,188,1046862870.0,124793188.0,-6.7,13.53
P2029,Power Transmission Project 1029,Power Transmission,South,Chennai,BuildTech,2024-06-01,2025-09-24,2025-11-28,1141184088.0,1244592983.0,92.7,73.3,291,709058017.0,352549087.0,182985879.0,9679.0,2,0,11,5,91.5,90.9,65,Delayed,545,480,1244592983.0,103408895.0,-19.4,9.06
P2030,Water Infrastructure Project 1030,Water Infrastructure,South,Chennai,Shakti Engineering,2024-04-20,2026-04-11,2026-06-26,530095234.0,572275158.0,96.7,83.1,242,303004791.0,116900247.0,152370121.0,4027.0,3,5,11,1,78.0,78.2,76,Delayed,797,721,572275159.0,42179924.0,-13.6,7.96
P2031,Metro Project 1031,Metro,West,Mumbai,Apex Contractors,2025-09-03,2026-08-08,2026-10-06,1717334220.0,1813202093.0,94.2,87.3,862,917333287.0,451446384.0,444422422.0,4296.0,0,4,10,1,81.7,100.0,59,Delayed,398,339,1813202093.0,95867873.0,-6.9,5.58
P2032,Water Infrastructure Project 1032,Water Infrastructure,Central,Nagpur,MegaBuild,2024-12-09,2027-03-12,2027-06-08,620697679.0,733137425.0,94.1,77.4,189,369176819.0,165891416.0,198069190.0,11484.0,1,1,14,6,98.3,91.5,88,Delayed,911,823,733137425.0,112439746.0,-16.7,18.12
P2033,Bridge Project 1033,Bridge,West,Ahmedabad,Prime Projects,2025-05-12,2027-04-06,2027-05-26,1079759542.0,1207654205.0,86.3,83.1,244,626562544.0,294293143.0,286798518.0,6681.0,3,3,7,4,89.2,82.5,50,Delayed,744,694,1207654205.0,127894663.0,-3.2,11.84
P2034,Power Transmission Project 1034,Power Transmission,North,Delhi,Prime Projects,2024-10-06,2026-09-10,2026-12-03,1042739657.0,1151938609.0,92.3,74.6,306,697109604.0,316719339.0,138109665.0,10201.0,2,9,15,1,80.6,84.9,84,Delayed,788,704,1151938608.0,109198952.0,-17.7,10.47
P2035,Power Transmission Project 1035,Power Transmission,South,Hyderabad,Vertex Infra,2025-05-19,2026-02-23,2026-04-25,1239348212.0,1408212843.0,91.0,72.8,295,777635200.0,304778224.0,325799419.0,7112.0,1,3,8,4,92.7,93.0,61,Delayed,341,280,1408212843.0,168864631.0,-18.2,13.63
P2036,Bridge Project 1036,Bridge,West,Pune,ABC Infra,2025-02-09,2027-04-20,2027-05-13,965850043.0,946306612.0,85.3,82.3,245,617159344.0,221155734.0,107991534.0,2289.0,0,5,7,1,85.3,100.0,23,On Track,823,800,946306612.0,-19543431.0,-3.0,-2.02
P2037,Power Transmission Project 1037,Power Transmission,South,Chennai,Vertex Infra,2024-03-12,2024-10-06,2025-01-11,931021730.0,1057100081.0,94.3,68.6,337,517693687.0,283549654.0,255856740.0,4645.0,5,7,11,2,77.5,60.6,97,Delayed,305,208,1057100081.0,126078351.0,-25.7,13.54
P2038,Water Infrastructure Project 1038,Water Infrastructure,Central,Indore,UrbanWorks,2023-01-23,2025-04-09,2025-06-06,470401297.0,542614572.0,91.7,78.4,139,275254727.0,136441951.0,130917894.0,8474.0,5,6,11,4,77.9,62.2,58,Delayed,865,807,542614572.0,72213275.0,-13.3,15.35
P2039,Metro Project 1039,Metro,West,Mumbai,ABC Infra,2025-09-23,2027-08-28,2027-10-12,2838157992.0,3224405732.0,89.1,82.8,1107,1692438320.0,653373536.0,878593875.0,3014.0,1,4,5,4,85.4,95.6,45,Delayed,749,704,3224405731.0,386247740.0,-6.3,13.61
P2040,Metro Project 1040,Metro,South,Hyderabad,BuildTech,2024-07-18,2026-12-11,2026-12-19,2422598455.0,2620637733.0,93.3,92.4,735,1230113843.0,716406230.0,674117660.0,7346.0,2,4,10,0,89.3,89.2,8,Completed,884,876,2620637733.0,198039278.0,-0.9,8.17
P2041,Bridge Project 1041,Bridge,South,Bengaluru,Apex Contractors,2024-11-07,2026-10-16,2026-12-31,888679008.0,947522763.0,90.6,77.4,471,620099927.0,214770010.0,112652826.0,4486.0,0,6,13,4,69.7,96.3,76,Delayed,784,708,947522763.0,58843755.0,-13.2,6.62
P2042,Power Transmission Project 1042,Power Transmission,West,Mumbai,BuildTech,2024-12-14,2025-09-18,2026-02-02,1388741266.0,1483662716.0,94.8,64.5,720,799004031.0,339122989.0,345535697.0,638.0,1,3,9,7,85.0,99.4,137,Delayed,415,278,1483662717.0,94921450.0,-30.3,6.84
P2043,Power Transmission Project 1043,Power Transmission,South,Bengaluru,Prime Projects,2024-04-02,2025-12-01,2026-03-11,640452326.0,697908482.0,97.6,74.2,260,404123354.0,158146950.0,135638178.0,10153.0,2,2,14,0,91.0,91.2,100,Delayed,708,608,697908482.0,57456156.0,-23.4,8.97
P2044,Water Infrastructure Project 1044,Water Infrastructure,West,Ahmedabad,UrbanWorks,2023-03-24,2024-06-09,2024-07-22,676452294.0,717408433.0,88.9,79.9,227,360407355.0,181585473.0,175415605.0,6268.0,2,4,9,1,80.8,84.1,43,Delayed,486,443,717408433.0,40956139.0,-9.0,6.05
P2045,Power Transmission Project 1045,Power Transmission,South,Chennai,MegaBuild,2023-05-25,2025-05-23,2025-05-18,1221505737.0,1249916281.0,88.8,88.8,422,776861521.0,334238174.0,138816585.0,7984.0,0,0,8,0,100.0,92.7,-5,On Track,724,729,1249916280.0,28410544.0,0.0,2.33
P2046,Building Project 1046,Building,Central,Indore,UrbanWorks,2023-03-26,2024-08-07,2024-10-14,747711021.0,812467417.0,88.0,74.6,266,489449495.0,230811821.0,92206101.0,7021.0,1,5,8,5,88.7,95.4,68,Delayed,568,500,812467417.0,64756396.0,-13.4,8.66
P2047,Power Transmission Project 1047,Power Transmission,West,Pune,BuildTech,2023-03-19,2023-10-26,2023-11-10,1039902830.0,1119205644.0,90.1,88.5,478,597617530.0,320443626.0,201144488.0,8661.0,2,3,9,1,81.9,88.0,15,On Track,236,221,1119205644.0,79302814.0,-1.6,7.63
P2048,Power Transmission Project 1048,Power Transmission,South,Bengaluru,MegaBuild,2024-04-01,2025-12-05,2026-02-25,703583416.0,755648648.0,95.4,81.4,259,488485937.0,179472338.0,87690373.0,6805.0,1,5,8,1,68.1,93.9,82,Delayed,695,613,755648648.0,52065232.0,-14.0,7.4
P2049,Bridge Project 1049,Bridge,South,Hyderabad,UrbanWorks,2025-05-27,2027-06-29,2027-06-19,572004868.0,585012058.0,85.8,94.5,287,356044946.0,165936166.0,63030946.0,6687.0,1,4,7,1,83.7,94.9,-10,Completed,753,763,585012058.0,13007190.0,8.7,2.27
P2050,Building Project 1050,Building,Central,Nagpur,Apex Contractors,2023-01-01,2025-01-03,2025-02-01,1037282470.0,1194046959.0,84.5,88.8,551,578258410.0,313097849.0,302690699.0,8310.0,1,1,16,6,84.7,94.7,29,On Track,762,733,1194046958.0,156764489.0,4.3,15.11
P2051,Power Transmission Project 1051,Power Transmission,West,Ahmedabad,Apex Contractors,2023-02-20,2023-07-08,2023-09-20,1099526470.0,1188093560.0,90.9,79.9,363,584426838.0,278122879.0,325543842.0,11591.0,0,9,7,3,64.0,100.0,74,Delayed,212,138,1188093559.0,88567090.0,-11.0,8.06
P2052,Highway Project 1052,Highway,Central,Nagpur,UrbanWorks,2024-11-15,2026-06-11,2026-08-23,1010183898.0,1122771314.0,89.9,74.1,409,550857548.0,335806202.0,236107564.0,6776.0,0,4,8,0,87.5,99.3,73,Delayed,646,573,1122771314.0,112587416.0,-15.8,11.15
P2053,Power Transmission Project 1053,Power Transmission,West,Ahmedabad,MegaBuild,2024-12-17,2026-08-10,2026-10-04,668778846.0,716302764.0,90.8,77.0,168,422641215.0,187781890.0,105879660.0,3312.0,1,2,7,1,87.1,90.2,55,Delayed,656,601,716302765.0,47523918.0,-13.8,7.11
P2054,Highway Project 1054,Highway,North,Delhi,BuildTech,2025-02-10,2027-01-24,2027-04-14,561756710.0,630800939.0,82.2,68.2,160,328136625.0,155406544.0,147257770.0,7784.0,0,6,18,5,86.8,99.4,80,Delayed,793,713,630800939.0,69044229.0,-14.0,12.29
P2055,Building Project 1055,Building,South,Hyderabad,UrbanWorks,2024-03-21,2025-08-19,2025-11-22,870284735.0,926458010.0,96.2,75.2,310,603406265.0,186014438.0,137037307.0,2910.0,1,5,13,5,82.9,93.6,95,Delayed,611,516,926458010.0,56173275.0,-21.0,6.45
P2056,Power Transmission Project 1056,Power Transmission,Central,Nagpur,MegaBuild,2024-03-24,2025-04-26,2025-07-11,1256094544.0,1408348703.0,90.8,71.0,361,792121803.0,387215722.0,229011178.0,2773.0,0,6,12,3,80.1,100.0,76,Delayed,474,398,1408348703.0,152254159.0,-19.8,12.12
P2057,Metro Project 1057,Metro,Central,Indore,Shakti Engineering,2025-05-30,2026-09-26,2026-12-22,1997237849.0,2183393529.0,99.8,81.9,1017,1340189376.0,429934768.0,413269385.0,5555.0,1,6,11,2,82.0,97.7,87,Delayed,571,484,2183393529.0,186155680.0,-17.9,9.32
P2058,Metro Project 1058,Metro,South,Chennai,Apex Contractors,2024-05-02,2025-07-26,2025-10-07,1471386570.0,1609914079.0,91.7,85.5,400,892203179.0,348782402.0,368928498.0,2988.0,0,5,16,2,82.5,100.0,73,Delayed,523,450,1609914079.0,138527509.0,-6.2,9.41
P2059,Bridge Project 1059,Bridge,West,Mumbai,Shakti Engineering,2025-03-10,2027-04-09,2027-04-30,1026919354.0,1135645985.0,88.4,88.9,380,680459089.0,330876439.0,124310457.0,5104.0,1,2,9,0,90.5,99.0,21,On Track,781,760,1135645985.0,108726631.0,0.5,10.59
P2060,Power Transmission Project 1060,Power Transmission,West,Pune,BuildTech,2023-02-03,2024-05-11,2024-06-10,808566261.0,909626352.0,91.0,89.7,339,498849701.0,193009109.0,217767542.0,1590.0,0,2,9,4,85.4,97.5,30,On Track,493,463,909626352.0,101060091.0,-1.3,12.5
P2061,Highway Project 1061,Highway,South,Chennai,MegaBuild,2023-12-14,2025-07-10,2025-09-18,720981807.0,798553457.0,95.9,72.8,323,502432870.0,176938916.0,119181671.0,10527.0,1,4,10,0,78.8,95.3,70,Delayed,644,574,798553457.0,77571650.0,-23.1,10.76
P2062,Power Transmission Project 1062,Power Transmission,South,Chennai,Shakti Engineering,2023-04-05,2025-03-25,2025-04-13,1162461727.0,1114484723.0,87.1,82.9,402,639350805.0,319506977.0,155626941.0,8598.0,0,4,9,0,92.0,98.4,19,On Track,739,720,1114484723.0,-47977004.0,-4.2,-4.13
P2063,Highway Project 1063,Highway,West,Ahmedabad,MegaBuild,2023-03-13,2025-07-04,2025-09-12,821662456.0,919305572.0,92.3,80.6,416,553150914.0,218745144.0,147409515.0,2907.0,2,8,4,4,56.6,88.9,70,Delayed,914,844,919305573.0,97643116.0,-11.7,11.88
P2064,Power Transmission Project 1064,Power Transmission,Central,Indore,UrbanWorks,2024-07-04,2026-08-17,2026-10-16,904430207.0,945690797.0,91.8,77.3,368,501194364.0,213436064.0,231060370.0,10677.0,5,3,11,2,81.8,65.3,60,Delayed,834,774,945690798.0,41260590.0,-14.5,4.56
P2065,Power Transmission Project 1065,Power Transmission,West,Ahmedabad,BuildTech,2023-06-03,2023-12-04,2024-02-22,1385737550.0,1572928330.0,92.4,77.7,505,990875572.0,408199516.0,173853242.0,8378.0,0,2,14,6,91.8,100.0,80,Delayed,264,184,1572928330.0,187190780.0,-14.7,13.51
P2066,Building Project 1066,Building,North,Jaipur,Shakti Engineering,2023-09-07,2024-03-20,2024-05-09,822944798.0,820571391.0,86.4,75.3,199,425756299.0,164483163.0,230331929.0,1988.0,3,0,13,1,93.3,72.7,50,Delayed,245,195,820571391.0,-2373407.0,-11.1,-0.29
P2067,Building Project 1067,Building,South,Bengaluru,Vertex Infra,2024-11-04,2027-02-12,2027-05-12,947029705.0,1069422382.0,92.6,70.4,353,642965400.0,310343230.0,116113752.0,6811.0,1,5,7,2,84.6,94.9,89,Delayed,919,830,1069422382.0,122392677.0,-22.2,12.92
P2068,Bridge Project 1068,Bridge,West,Pune,UrbanWorks,2024-03-13,2024-11-30,2025-02-26,757109568.0,864993654.0,92.2,77.0,371,470893284.0,191880628.0,202219742.0,8497.0,1,3,9,2,83.8,89.6,88,Delayed,350,262,864993654.0,107884086.0,-15.2,14.25
P2069,Building Project 1069,Building,South,Bengaluru,Apex Contractors,2023-04-28,2025-04-21,2025-09-01,409755840.0,455543084.0,96.3,71.7,173,277393325.0,127040848.0,51108910.0,9014.0,1,3,17,5,97.7,98.6,133,Delayed,857,724,455543083.0,45787244.0,-24.6,11.17
P2070,Highway Project 1070,Highway,West,Mumbai,Vertex Infra,2025-02-09,2026-09-24,2026-12-02,808481372.0,885603410.0,97.1,79.5,399,579606182.0,203575299.0,102421930.0,6972.0,2,1,14,2,97.5,80.6,69,Delayed,661,592,885603411.0,77122038.0,-17.6,9.54
P2071,Highway Project 1071,Highway,North,Jaipur,Vertex Infra,2025-06-09,2026-11-27,2027-02-16,1546605709.0,1824036742.0,91.5,77.5,592,994718718.0,397361230.0,431956794.0,3643.0,2,3,6,5,81.2,82.7,81,Delayed,617,536,1824036742.0,277431033.0,-14.0,17.94
P2072,Highway Project 1072,Highway,South,Hyderabad,ABC Infra,2023-11-02,2024-12-30,2025-01-28,1145590211.0,1326066042.0,90.9,82.2,296,758820367.0,264515077.0,302730598.0,365.0,1,4,10,1,86.3,95.4,29,On Track,453,424,1326066042.0,180475831.0,-8.7,15.75
P2073,Bridge Project 1073,Bridge,West,Mumbai,ABC Infra,2023-09-25,2026-01-27,2026-03-04,998033095.0,1137111398.0,86.2,83.4,224,618877561.0,238114656.0,280119181.0,3710.0,0,3,8,2,90.1,100.0,36,Delayed,891,855,1137111398.0,139078303.0,-2.8,13.94
P2074,Metro Project 1074,Metro,West,Mumbai,BuildTech,2025-08-18,2027-04-26,2027-05-26,1004568503.0,1085690421.0,89.2,85.5,321,517459397.0,268168946.0,300062078.0,3281.0,1,0,14,1,100.0,88.2,30,On Track,646,616,1085690421.0,81121918.0,-3.7,8.08
P2075,Building Project 1075,Building,North,Delhi,Shakti Engineering,2023-02-23,2024-04-08,2024-04-19,728017099.0,820808567.0,88.2,86.3,327,482333612.0,209421109.0,129053845.0,5888.0,1,1,13,1,97.0,89.3,11,On Track,421,410,820808566.0,92791468.0,-1.9,12.75
P2076,Power Transmission Project 1076,Power Transmission,West,Pune,Shakti Engineering,2023-08-24,2024-04-01,2024-05-30,650409676.0,690524914.0,93.9,84.8,312,356308191.0,204128508.0,130088215.0,3115.0,3,5,6,2,85.1,79.9,59,Delayed,280,221,690524914.0,40115238.0,-9.1,6.17
P2077,Bridge Project 1077,Bridge,West,Ahmedabad,Shakti Engineering,2024-01-24,2025-02-13,2025-03-08,882114925.0,913808860.0,91.2,85.5,280,502488520.0,185563618.0,225756722.0,5396.0,0,3,11,1,80.1,100.0,23,On Track,409,386,913808860.0,31693935.0,-5.7,3.59
P2078,Building Project 1078,Building,Central,Indore,MegaBuild,2025-09-16,2027-09-27,2027-09-17,1015851157.0,1103344885.0,86.1,93.4,389,590402923.0,255076392.0,257865569.0,2317.0,1,1,9,0,100.0,88.7,-10,Completed,731,741,1103344884.0,87493728.0,7.3,8.61
P2079,Bridge Project 1079,Bridge,South,Bengaluru,UrbanWorks,2025-01-03,2027-06-18,2027-08-13,1211445783.0,1351843866.0,86.6,79.2,434,680292412.0,291035183.0,380516271.0,6973.0,1,8,11,3,66.4,94.9,56,Delayed,952,896,1351843866.0,140398083.0,-7.4,11.59
P2080,Power Transmission Project 1080,Power Transmission,West,Mumbai,Shakti Engineering,2025-02-01,2025-06-03,2025-08-16,1259068737.0,1431554162.0,100.0,79.0,447,860495271.0,336222225.0,234836666.0,2042.0,1,8,5,3,63.8,91.7,74,Delayed,196,122,1431554162.0,172485425.0,-21.0,13.7
P2081,Power Transmission Project 1081,Power Transmission,South,Bengaluru,UrbanWorks,2025-04-04,2025-10-25,2025-11-29,1159427814.0,1294529532.0,88.3,80.9,343,655156010.0,300465174.0,338908349.0,6020.0,4,1,8,1,99.7,74.3,35,Delayed,239,204,1294529533.0,135101718.0,-7.4,11.65
P2082,Power Transmission Project 1082,Power Transmission,South,Bengaluru,BuildTech,2024-02-05,2025-04-27,2025-06-12,1748470684.0,1960277738.0,92.7,80.2,463,1197771061.0,451864841.0,310641836.0,3809.0,2,5,8,1,87.3,86.9,46,Delayed,493,447,1960277738.0,211807054.0,-12.5,12.11
P2083,Power Transmission Project 1083,Power Transmission,South,Hyderabad,Vertex Infra,2024-09-15,2026-04-07,2026-06-05,1420067897.0,1446388090.0,90.1,78.1,404,743336886.0,324828118.0,378223086.0,6686.0,0,2,12,4,94.9,92.4,59,Delayed,628,569,1446388090.0,26320193.0,-12.0,1.85
P2084,Highway Project 1084,Highway,West,Pune,Shakti Engineering,2025-02-05,2026-09-01,2026-10-17,590319747.0,652983561.0,89.0,80.2,140,335033866.0,177162306.0,140787389.0,3834.0,0,7,8,1,74.0,100.0,46,Delayed,619,573,652983561.0,62663814.0,-8.8,10.62
P2085,Power Transmission Project 1085,Power Transmission,West,Pune,BuildTech,2023-10-30,2025-11-16,2026-01-27,1168527949.0,1252699067.0,94.7,72.1,333,698515159.0,351422793.0,202761115.0,5436.0,2,1,6,4,91.4,80.2,72,Delayed,820,748,1252699067.0,84171118.0,-22.6,7.2
P2086,Water Infrastructure Project 1086,Water Infrastructure,Central,Nagpur,Shakti Engineering,2025-07-07,2026-06-12,2026-08-10,447848236.0,486417272.0,88.2,74.0,99,236627878.0,108691406.0,141097989.0,5885.0,0,3,13,2,88.7,100.0,59,Delayed,399,340,486417273.0,38569036.0,-14.2,8.61
P2087,Metro Project 1087,Metro,South,Chennai,ABC Infra,2023-07-26,2024-04-24,2024-06-15,1920212556.0,2075184168.0,88.8,79.3,819,1157003144.0,436459594.0,481721430.0,11274.0,2,7,15,1,72.0,92.9,52,Delayed,325,273,2075184168.0,154971612.0,-9.5,8.07
P2088,Power Transmission Project 1088,Power Transmission,West,Pune,Prime Projects,2023-08-17,2025-10-09,2025-12-24,1156113342.0,1242466518.0,95.5,76.2,375,630612796.0,323176495.0,288677227.0,8854.0,1,6,7,2,83.0,90.7,76,Delayed,860,784,1242466518.0,86353176.0,-19.3,7.47
P2089,Highway Project 1089,Highway,South,Bengaluru,BuildTech,2025-05-02,2025-09-10,2025-10-20,1130841319.0,1222431912.0,88.5,81.0,611,667924429.0,358192532.0,196314950.0,11773.0,1,2,6,5,93.0,96.1,40,Delayed,171,131,1222431911.0,91590593.0,-7.5,8.1
P2090,Water Infrastructure Project 1090,Water Infrastructure,West,Ahmedabad,Shakti Engineering,2025-06-28,2026-03-07,2026-02-25,518346147.0,568560731.0,84.4,91.3,147,298911780.0,114902935.0,154746016.0,7458.0,0,3,15,1,80.8,100.0,-10,Completed,242,252,568560731.0,50214584.0,6.9,9.69
P2091,Metro Project 1091,Metro,South,Bengaluru,Apex Contractors,2024-07-31,2025-09-27,2025-10-20,1315255490.0,1395592300.0,85.5,80.2,439,775608117.0,401286582.0,218697602.0,1934.0,0,4,11,1,78.5,100.0,23,On Track,446,423,1395592301.0,80336810.0,-5.3,6.11
P2092,Bridge Project 1092,Bridge,West,Ahmedabad,Prime Projects,2023-03-16,2024-05-01,2024-05-18,828068534.0,880020062.0,92.1,86.3,279,535530885.0,234234363.0,110254815.0,824.0,0,3,9,2,90.5,100.0,17,On Track,429,412,880020063.0,51951528.0,-5.8,6.27
P2093,Water Infrastructure Project 1093,Water Infrastructure,Central,Nagpur,BuildTech,2024-03-10,2025-05-03,2025-06-12,804772745.0,877130333.0,87.2,81.7,179,544896209.0,229639746.0,102594378.0,5226.0,0,4,14,4,79.8,99.9,40,Delayed,459,419,877130333.0,72357588.0,-5.5,8.99
P2094,Building Project 1094,Building,West,Ahmedabad,Apex Contractors,2023-04-13,2025-08-19,2025-10-17,832268743.0,899594583.0,94.5,85.3,413,489158219.0,270203969.0,140232395.0,2022.0,0,2,23,0,92.7,100.0,59,Delayed,918,859,899594583.0,67325840.0,-9.2,8.09
P2095,Bridge Project 1095,Bridge,West,Pune,Apex Contractors,2024-02-26,2024-08-06,2024-08-30,691653489.0,724172502.0,90.1,84.9,159,373843054.0,214950616.0,135378831.0,8911.0,0,4,14,2,81.5,100.0,24,On Track,186,162,724172501.0,32519013.0,-5.2,4.7
P2096,Metro Project 1096,Metro,South,Hyderabad,MegaBuild,2024-12-04,2026-03-11,2026-06-17,2842335585.0,3305317853.0,93.0,71.5,1507,1885105931.0,734196324.0,686015597.0,7229.0,1,3,6,4,89.5,86.3,98,Delayed,560,462,3305317852.0,462982268.0,-21.5,16.29
P2097,Power Transmission Project 1097,Power Transmission,West,Ahmedabad,Apex Contractors,2025-02-02,2026-04-23,2026-05-31,1708771161.0,1842049888.0,91.4,83.1,878,1121466324.0,515199987.0,205383577.0,6457.0,2,6,14,2,80.8,84.1,38,Delayed,483,445,1842049888.0,133278727.0,-8.3,7.8
P2098,Highway Project 1098,Highway,South,Bengaluru,Shakti Engineering,2025-01-07,2026-09-16,2026-11-29,741269077.0,797300538.0,94.2,80.2,294,454459342.0,201614420.0,141226776.0,4164.0,0,7,12,2,77.1,91.4,74,Delayed,691,617,797300538.0,56031461.0,-14.0,7.56
P2099,Bridge Project 1099,Bridge,Central,Indore,MegaBuild,2025-03-16,2026-07-12,2026-09-20,445019508.0,482644761.0,97.5,90.7,177,225547294.0,111632599.0,145464868.0,1367.0,0,3,9,3,85.4,99.7,70,Delayed,553,483,482644761.0,37625253.0,-6.8,8.45
P2100,Power Transmission Project 1100,Power Transmission,West,Pune,ABC Infra,2023-11-02,2025-05-01,2025-06-27,1501983537.0,1682747803.0,92.3,83.1,654,930984275.0,443318484.0,308445044.0,9892.0,2,4,8,3,97.2,80.0,57,Delayed,603,546,1682747803.0,180764266.0,-9.2,12.04
P2101,Power Transmission Project 1101,Power Transmission,Central,Indore,Shakti Engineering,2023-04-08,2023-08-26,2023-09-01,1606408416.0,1688741511.0,92.1,92.1,558,1034822563.0,475055466.0,178863482.0,6738.0,2,2,7,0,86.7,82.1,6,Completed,146,140,1688741511.0,82333095.0,0.0,5.13
P2102,Bridge Project 1102,Bridge,North,Jaipur,Vertex Infra,2025-04-29,2026-10-07,2026-12-24,1210988267.0,1321917672.0,94.4,75.0,525,735030165.0,341966183.0,244921324.0,1719.0,4,2,15,2,93.2,74.0,78,Delayed,604,526,1321917672.0,110929405.0,-19.4,9.16
P2103,Water Infrastructure Project 1103,Water Infrastructure,North,Jaipur,Apex Contractors,2025-03-08,2027-03-16,2027-04-08,840851018.0,941496052.0,87.7,89.3,197,529555998.0,285021049.0,126919004.0,7571.0,1,4,13,1,87.2,93.7,23,On Track,761,738,941496051.0,100645034.0,1.6,11.97
P2104,Power Transmission Project 1104,Power Transmission,South,Bengaluru,ABC Infra,2023-12-01,2025-02-28,2025-05-08,1331647070.0,1321308376.0,92.2,75.2,316,688825594.0,346328836.0,286153946.0,11625.0,3,1,7,2,91.0,80.4,69,Delayed,524,455,1321308376.0,-10338694.0,-17.0,-0.78
P2105,Power Transmission Project 1105,Power Transmission,North,Jaipur,Prime Projects,2025-05-08,2025-12-30,2025-12-20,1246363330.0,1282441589.0,86.3,93.6,462,742159524.0,324252578.0,216029487.0,4302.0,0,4,5,0,97.8,95.7,-10,Completed,226,236,1282441589.0,36078259.0,7.3,2.89
P2106,Building Project 1106,Building,South,Chennai,BuildTech,2024-03-10,2024-11-08,2024-12-13,377406352.0,405144648.0,87.0,84.3,151,201244635.0,105833868.0,98066145.0,929.0,0,3,10,5,85.7,98.9,35,Delayed,278,243,405144648.0,27738296.0,-2.7,7.35
P2107,Metro Project 1107,Metro,Central,Nagpur,Apex Contractors,2024-03-22,2025-08-22,2025-11-06,1478379765.0,1609208582.0,88.1,72.5,758,869299461.0,435582387.0,304326733.0,2134.0,2,11,14,0,50.0,89.7,76,Delayed,594,518,1609208581.0,130828817.0,-15.6,8.85
P2108,Metro Project 1108,Metro,West,Pune,UrbanWorks,2025-09-20,2028-01-02,2028-03-05,1900037208.0,2154291268.0,95.1,73.8,483,1329187676.0,528235845.0,296867747.0,5618.0,1,3,7,2,94.9,98.1,63,Delayed,897,834,2154291268.0,254254060.0,-21.3,13.38
P2109,Metro Project 1109,Metro,Central,Indore,ABC Infra,2023-11-04,2024-04-22,2024-06-05,2234437722.0,2379449769.0,89.4,81.9,1098,1218439736.0,623503772.0,537506261.0,5300.0,0,4,14,3,86.3,100.0,44,Delayed,214,170,2379449769.0,145012047.0,-7.5,6.49
P2110,Building Project 1110,Building,South,Bengaluru,UrbanWorks,2023-09-06,2024-11-22,2025-03-18,755935061.0,863908603.0,86.9,68.6,218,540290514.0,228527157.0,95090932.0,4431.0,1,10,12,5,57.7,96.6,116,Delayed,559,443,863908603.0,107973542.0,-18.3,14.28
P2111,Highway Project 1111,Highway,South,Chennai,Apex Contractors,2023-06-15,2024-03-01,2024-05-10,1298554609.0,1476728213.0,93.0,,454,761654629.0,412070697.0,303002886.0,7029.0,3,5,11,3,87.9,82.8,70,Delayed,330,260,1476728212.0,178173604.0,-93.0,13.72
P2112,Building Project 1112,Building,South,Bengaluru,UrbanWorks,2024-04-25,2025-12-05,2025-12-18,557533356.0,587499408.0,83.4,84.5,180,336945428.0,131903278.0,118650702.0,2653.0,2,3,7,2,86.8,90.8,13,On Track,602,589,587499408.0,29966052.0,1.1,5.37
P2113,Bridge Project 1113,Bridge,South,Chennai,Apex Contractors,2025-09-10,2026-12-07,2026-12-15,878585901.0,868923711.0,82.5,82.6,309,456937062.0,166171362.0,245815288.0,3355.0,1,3,10,2,74.6,88.5,8,On Track,461,453,868923712.0,-9662190.0,0.1,-1.1
P2114,Metro Project 1114,Metro,North,Jaipur,BuildTech,2023-12-01,2025-04-06,2025-05-20,1164521642.0,1130937904.0,89.0,87.4,314,648292347.0,293956023.0,188689534.0,11432.0,0,3,10,2,86.4,100.0,44,Delayed,536,492,1130937904.0,-33583738.0,-1.6,-2.88
P2115,Power Transmission Project 1115,Power Transmission,North,Jaipur,Prime Projects,2024-06-25,2026-05-09,2026-06-11,1105535284.0,1234201349.0,88.9,79.0,426,767614394.0,297644633.0,168942322.0,8503.0,2,3,7,0,86.5,84.4,33,Delayed,716,683,1234201349.0,128666065.0,-9.9,11.64
P2116,Bridge Project 1116,Bridge,West,Ahmedabad,BuildTech,2025-01-28,2026-10-03,2027-01-05,1031382687.0,1181798377.0,94.2,72.6,499,576758577.0,234759648.0,370280152.0,10622.0,0,3,9,7,94.0,90.9,94,Delayed,707,613,1181798377.0,150415690.0,-21.6,14.58
P2117,Highway Project 1117,Highway,North,Delhi,Shakti Engineering,2023-04-16,2025-02-02,2025-03-13,1247103892.0,1308203474.0,94.8,87.1,456,818507237.0,342750912.0,146945325.0,11595.0,1,1,12,1,89.4,92.7,39,Delayed,697,658,1308203474.0,61099582.0,-7.7,4.9
P2118,Power Transmission Project 1118,Power Transmission,South,Bengaluru,ABC Infra,2024-07-16,2026-09-12,2026-09-23,1803677712.0,1928336085.0,89.6,92.7,688,1099540010.0,570357057.0,258439018.0,9923.0,0,4,16,2,97.6,99.6,11,Completed,799,788,1928336085.0,124658373.0,3.1,6.91
P2119,Highway Project 1119,Highway,West,Ahmedabad,UrbanWorks,2023-03-22,2025-08-08,2025-09-01,812896227.0,864263791.0,89.2,83.5,406,502185058.0,200548352.0,161530381.0,3457.0,0,6,9,3,76.2,99.1,24,On Track,894,870,864263791.0,51367564.0,-5.7,6.32
P2120,Water Infrastructure Project 1120,Water Infrastructure,West,Pune,BuildTech,2023-05-13,2024-02-12,2024-03-15,603904526.0,650255843.0,86.9,76.9,273,325348087.0,196779579.0,128128177.0,6382.0,1,3,11,1,83.4,98.9,32,Delayed,307,275,650255843.0,46351317.0,-10.0,7.68
P2121,Water Infrastructure Project 1121,Water Infrastructure,West,Ahmedabad,Apex Contractors,2025-03-07,2026-04-21,2026-06-21,501865900.0,566968357.0,89.6,78.4,191,337474820.0,156528439.0,72965098.0,6163.0,1,4,16,3,96.5,91.3,61,Delayed,471,410,566968357.0,65102457.0,-11.2,12.97
P2122,Metro Project 1122,Metro,West,Mumbai,BuildTech,2025-06-18,2027-07-25,2027-07-16,1862394166.0,1887138942.0,79.8,82.0,568,924834644.0,390918615.0,571385684.0,9926.0,0,3,7,0,98.1,98.7,-9,On Track,758,767,1887138943.0,24744776.0,2.2,1.33
P2123,Power Transmission Project 1123,Power Transmission,North,Jaipur,BuildTech,2023-05-18,2024-02-05,2024-03-18,1641909657.0,1783008117.0,88.2,75.3,840,1109424271.0,480429331.0,193154515.0,1256.0,0,4,7,2,91.4,100.0,42,Delayed,305,263,1783008117.0,141098460.0,-12.9,8.59
P2124,Building Project 1124,Building,West,Mumbai,ABC Infra,2023-07-03,2024-02-13,2024-03-14,846709489.0,885370175.0,89.7,80.4,347,552719131.0,223626072.0,109024972.0,4158.0,1,4,4,2,77.1,99.8,30,On Track,255,225,885370175.0,38660686.0,-9.3,4.57
P2125,Bridge Project 1125,Bridge,South,Bengaluru,Prime Projects,2024-02-05,2025-07-28,2025-10-07,1140513983.0,1257009308.0,86.9,72.3,334,721720411.0,378848155.0,156440742.0,5108.0,1,6,11,3,79.2,85.4,71,Delayed,610,539,1257009308.0,116495325.0,-14.6,10.21
P2126,Highway Project 1126,Highway,Central,Indore,Vertex Infra,2023-11-26,2026-01-23,2026-02-02,735169108.0,763439568.0,87.4,88.2,227,502129696.0,167070370.0,94239502.0,6438.0,0,3,8,1,83.5,99.1,10,On Track,799,789,763439568.0,28270460.0,0.8,3.85
P2127,Metro Project 1127,Metro,Central,Indore,BuildTech,2025-02-23,2027-04-11,2027-06-18,2719255013.0,3048196901.0,88.8,76.1,1318,1589485505.0,648892446.0,809818951.0,8732.0,0,6,7,2,72.3,100.0,68,Delayed,845,777,3048196902.0,328941888.0,-12.7,12.1
P2128,Power Transmission Project 1128,Power Transmission,West,Pune,ABC Infra,2024-05-22,2024-09-20,2024-10-11,677312352.0,726217178.0,90.0,85.1,158,467616003.0,156873466.0,101727708.0,8184.0,0,3,8,2,96.3,100.0,21,On Track,142,121,726217177.0,48904826.0,-4.9,7.22
P2129,Bridge Project 1129,Bridge,West,Ahmedabad,UrbanWorks,2025-05-01,2027-04-09,2027-04-23,1145594406.0,1151497229.0,93.5,90.3,627,694289811.0,228485385.0,228722033.0,7341.0,2,0,9,0,100.0,89.1,14,Completed,722,708,1151497229.0,5902823.0,-3.2,0.52
P2130,Building Project 1130,Building,Central,Indore,Apex Contractors,2025-09-10,2027-10-13,2027-12-28,592787752.0,632201070.0,91.7,71.0,155,315978217.0,146486580.0,169736273.0,2255.0,0,6,16,0,77.1,93.6,76,Delayed,839,763,632201070.0,39413318.0,-20.7,6.65
P2131,Building Project 1131,Building,South,Chennai,Shakti Engineering,2023-03-10,2023-10-05,2023-11-30,582430158.0,645848194.0,93.5,83.0,281,377970240.0,148168721.0,119709234.0,10504.0,0,4,13,1,81.4,100.0,56,Delayed,265,209,645848195.0,63418036.0,-10.5,10.89
P2132,Building Project 1132,Building,South,Chennai,Vertex Infra,2024-06-29,2025-10-06,2025-12-29,723643332.0,779930986.0,92.3,77.2,253,473286564.0,187652371.0,118992051.0,5291.0,1,7,17,4,70.9,93.5,84,Delayed,548,464,779930986.0,56287654.0,-15.1,7.78
P2133,Highway Project 1133,Highway,West,Pune,MegaBuild,2025-02-12,2026-05-27,2026-08-05,1505521246.0,1635896397.0,90.5,77.1,575,958704704.0,400255204.0,276936488.0,4365.0,1,4,12,3,84.3,95.1,70,Delayed,539,469,1635896396.0,130375151.0,-13.4,8.66
P2134,Bridge Project 1134,Bridge,Central,Nagpur,Vertex Infra,2023-02-22,2024-09-22,2024-12-31,451919626.0,496384800.0,98.9,80.8,230,277832557.0,105061482.0,113490761.0,3103.0,1,7,16,3,66.2,88.9,100,Delayed,678,578,496384800.0,44465174.0,-18.1,9.84
P2135,Water Infrastructure Project 1135,Water Infrastructure,North,Jaipur,Apex Contractors,2024-03-25,2025-04-11,2025-04-12,515599740.0,552669461.0,87.1,90.4,183,284423692.0,143502457.0,124743311.0,1324.0,3,1,10,0,90.2,74.7,1,Completed,383,382,552669460.0,37069721.0,3.3,7.19
P2136,Metro Project 1136,Metro,West,Ahmedabad,Vertex Infra,2023-07-24,2024-11-05,2024-11-21,2686012538.0,2822738011.0,86.3,87.8,1067,1508143335.0,633248086.0,681346590.0,9092.0,1,2,3,1,99.2,99.1,16,On Track,486,470,2822738011.0,136725473.0,1.5,5.09
P2137,Metro Project 1137,Metro,South,Bengaluru,Apex Contractors,2023-05-06,2023-12-19,2023-12-16,1774187865.0,1925611373.0,89.4,91.3,419,1209031214.0,387598432.0,328981727.0,2629.0,1,1,9,2,98.2,93.4,-3,Completed,224,227,1925611373.0,151423508.0,1.9,8.53
P2138,Highway Project 1138,Highway,South,Hyderabad,ABC Infra,2025-01-16,2026-12-22,2027-01-22,730618958.0,779239824.0,89.8,82.6,161,415498931.0,218738891.0,145002001.0,2998.0,1,4,9,3,83.8,93.9,31,Delayed,736,705,779239823.0,48620866.0,-7.2,6.65
P2139,Bridge Project 1139,Bridge,South,Hyderabad,MegaBuild,2023-02-12,2023-07-20,2023-09-19,762955200.0,843506432.0,90.6,83.1,229,553359196.0,166083038.0,124064198.0,4994.0,3,7,10,2,71.6,82.8,61,Delayed,219,158,843506432.0,80551232.0,-7.5,10.56
P2140,Power Transmission Project 1140,Power Transmission,South,Hyderabad,BuildTech,2025-01-21,2025-10-26,2025-12-02,1071518527.0,1132355385.0,86.2,79.4,476,585084619.0,266770874.0,280499893.0,3326.0,1,2,10,1,89.2,95.3,37,Delayed,315,278,1132355386.0,60836858.0,-6.8,5.68
P2141,Highway Project 1141,Highway,Central,Indore,BuildTech,2025-08-28,2027-07-31,2027-11-11,1479109931.0,1711355567.0,97.8,72.2,384,928857843.0,355813164.0,426684560.0,8147.0,2,2,13,2,90.1,87.2,103,Delayed,805,702,1711355567.0,232245636.0,-25.6,15.7
P2142,Highway Project 1142,Highway,Central,Nagpur,Vertex Infra,2025-06-01,2026-08-06,2026-10-03,1318721423.0,1482260924.0,88.6,84.0,339,687961286.0,421085392.0,373214246.0,9634.0,0,9,10,3,61.0,100.0,58,Delayed,489,431,1482260924.0,163539501.0,-4.6,12.4
P2143,Metro Project 1143,Metro,Central,Nagpur,ABC Infra,2023-04-21,2024-04-15,2024-05-29,1990128800.0,2193487043.0,86.1,72.9,707,1350380728.0,603890464.0,239215851.0,1311.0,2,4,8,0,80.4,84.8,44,Delayed,404,360,2193487043.0,203358243.0,-13.2,10.22
P2144,Water Infrastructure Project 1144,Water Infrastructure,West,Ahmedabad,MegaBuild,2025-01-30,2026-08-17,2026-09-21,900464193.0,1020902848.0,91.1,81.9,390,488441504.0,196913593.0,335547752.0,7343.0,0,3,7,1,89.4,98.9,35,Delayed,599,564,1020902849.0,120438655.0,-9.2,13.38
P2145,Building Project 1145,Building,West,Ahmedabad,BuildTech,2024-10-24,2025-12-15,2026-03-25,690173435.0,782635665.0,94.4,74.2,314,414439421.0,195458725.0,172737518.0,5924.0,2,9,8,3,65.7,83.9,100,Delayed,517,417,782635664.0,92462230.0,-20.2,13.4
P2146,Bridge Project 1146,Bridge,Central,Nagpur,UrbanWorks,2023-07-02,2023-12-04,2023-12-19,460546210.0,486901832.0,96.4,93.2,128,296096106.0,106491331.0,84314396.0,9595.0,2,2,3,1,85.0,87.9,15,Completed,170,155,486901833.0,26355622.0,-3.2,5.72
P2147,Water Infrastructure Project 1147,Water Infrastructure,West,Pune,Prime Projects,2025-04-27,2025-11-16,2025-11-06,461175965.0,475661943.0,80.4,93.0,113,284975337.0,98651030.0,92035576.0,10138.0,2,3,3,1,90.5,94.6,-10,Completed,193,203,475661943.0,14485978.0,12.6,3.14
P2148,Building Project 1148,Building,West,Ahmedabad,Prime Projects,2023-04-05,2024-10-27,2024-11-25,669290393.0,683330304.0,93.1,84.9,354,424571520.0,153981279.0,104777505.0,2000.0,0,3,6,2,84.3,100.0,29,On Track,600,571,683330304.0,14039911.0,-8.2,2.1
P1004,Building Project 0004,Building,Central,Indore,BuildTech,2023-09-28,2025-12-21,2026-02-10,1064008714.0,1166667621.0,91.1,84.7,358,585849640.0,276090597.0,304727383.0,2001.0,1,5,8,3,85.3,84.9,51,Delayed,866,815,1166667620.0,102658907.0,-6.4,9.65
P2149,Power Transmission Project 1149,Power Transmission,West,Pune,BuildTech,2025-08-28,2028-02-08,2028-04-08,794852175.0,784099255.0,97.0,85.2,243,483743334.0,214927723.0,85428198.0,518.0,1,2,6,2,95.8,97.2,60,Delayed,954,894,784099255.0,-10752920.0,-11.8,-1.35
P2150,Power Transmission Project 1150,Power Transmission,West,Mumbai,MegaBuild,2024-01-09,2025-05-27,2025-07-05,1751553803.0,1982387363.0,87.6,80.7,878,1275530658.0,396308246.0,310548460.0,8378.0,2,2,13,3,90.3,86.7,39,Delayed,543,504,1982387364.0,230833560.0,-6.9,13.18
P2151,Metro Project 1151,Metro,South,Chennai,Shakti Engineering,2025-06-30,2026-04-17,2026-07-18,2508360818.0,2902427162.0,89.1,75.1,1266,1795723136.0,776170309.0,330533717.0,9218.0,0,6,6,7,74.0,97.7,92,Delayed,383,291,2902427162.0,394066344.0,-14.0,15.71
P2152,Metro Project 1152,Metro,North,Jaipur,BuildTech,2024-06-03,2025-10-11,2025-10-18,1521208657.0,1604850730.0,86.2,88.9,722,941756932.0,479582624.0,183511174.0,7452.0,2,1,6,1,92.8,78.4,7,On Track,502,495,1604850730.0,83642073.0,2.7,5.5
P2153,Highway Project 1153,Highway,West,Ahmedabad,Shakti Engineering,2025-06-18,2027-08-31,2027-12-17,1139890738.0,1304113590.0,87.8,71.2,314,739579934.0,311594777.0,252938879.0,6126.0,2,10,13,5,52.0,89.6,108,Delayed,912,804,1304113590.0,164222852.0,-16.6,14.41
P2154,Metro Project 1154,Metro,Central,Nagpur,Shakti Engineering,2023-12-26,2025-04-20,2025-05-12,2418469331.0,2520005095.0,85.7,80.8,1187,1183951034.0,729757169.0,606296891.0,5885.0,0,4,15,2,89.0,99.5,22,On Track,503,481,2520005094.0,101535764.0,-4.9,4.2
P2155,Power Transmission Project 1155,Power Transmission,South,Chennai,Apex Contractors,2025-06-18,2027-04-27,2027-07-03,1743947504.0,1934776248.0,93.7,68.3,826,1147918141.0,558687582.0,228170525.0,8358.0,2,4,7,2,83.3,85.3,67,Delayed,745,678,1934776248.0,190828744.0,-25.4,10.94
P2156,Bridge Project 1156,Bridge,South,Chennai,Apex Contractors,2024-11-26,2025-08-13,2025-08-29,1139849163.0,1187861774.0,89.6,95.6,475,626372796.0,317065210.0,244423768.0,1111.0,0,4,9,1,80.7,94.2,16,Completed,276,260,1187861774.0,48012611.0,6.0,4.21
P2157,Metro Project 1157,Metro,North,Delhi,MegaBuild,2023-10-08,2024-06-01,2024-06-21,2010080608.0,2162401923.0,78.0,80.6,665,1342558488.0,523775981.0,296067454.0,5756.0,2,1,6,3,92.7,85.1,20,On Track,257,237,2162401923.0,152321315.0,2.6,7.58
P2158,Water Infrastructure Project 1158,Water Infrastructure,Central,Nagpur,Shakti Engineering,2023-07-14,2024-08-13,2024-09-10,771164835.0,798460797.0,87.6,80.5,236,460785244.0,220845523.0,116830030.0,7977.0,2,6,11,0,77.5,87.5,28,On Track,424,396,798460797.0,27295962.0,-7.1,3.54
P2159,Building Project 1159,Building,North,Jaipur,UrbanWorks,2025-05-13,2027-09-05,2027-10-17,759433499.0,804148617.0,87.2,80.0,197,494651344.0,223911483.0,85585790.0,5209.0,0,3,11,4,86.1,100.0,42,Delayed,887,845,804148617.0,44715118.0,-7.2,5.89
P2160,Highway Project 1160,Highway,Central,Nagpur,MegaBuild,2023-07-14,2024-06-17,2024-09-13,1100075565.0,1262728488.0,93.4,74.6,427,630158792.0,330611890.0,301957806.0,5009.0,2,2,17,4,92.1,84.6,88,Delayed,427,339,1262728488.0,162652923.0,-18.8,14.79
P2161,Bridge Project 1161,Bridge,West,Ahmedabad,BuildTech,2024-10-28,2025-03-22,2025-05-22,507162116.0,564320223.0,89.7,74.5,209,331211090.0,118054655.0,115054477.0,4821.0,0,2,9,2,88.3,97.0,61,Delayed,206,145,564320222.0,57158107.0,-15.2,11.27
P2162,Bridge Project 1162,Bridge,South,Bengaluru,Vertex Infra,2023-04-03,2025-01-02,2025-01-20,516563568.0,522095219.0,89.6,84.7,174,308300337.0,153058662.0,60736221.0,10075.0,1,2,4,1,92.4,86.2,18,On Track,658,640,522095220.0,5531651.0,-4.9,1.07
P2163,Water Infrastructure Project 1163,Water Infrastructure,West,Mumbai,UrbanWorks,2024-11-02,2025-03-11,2025-03-31,622867837.0,680653915.0,92.6,89.4,234,414616922.0,193180753.0,72856241.0,4337.0,0,6,15,0,76.3,93.6,20,On Track,149,129,680653916.0,57786078.0,-3.2,9.28
P2164,Highway Project 1164,Highway,West,Pune,ABC Infra,2025-08-03,2026-12-13,2027-02-18,803460315.0,853278181.0,94.2,78.4,273,462121164.0,210827743.0,180329275.0,9374.0,0,10,7,1,58.6,100.0,67,Delayed,564,497,853278182.0,49817866.0,-15.8,6.2
P2165,Metro Project 1165,Metro,South,Bengaluru,Prime Projects,2023-03-02,2025-03-23,2025-04-28,1031653067.0,1078651952.0,91.1,84.5,445,542693613.0,302939758.0,233018581.0,8311.0,2,3,10,0,90.5,92.0,36,Delayed,788,752,1078651952.0,46998885.0,-6.6,4.56
P2166,Building Project 1166,Building,West,Mumbai,BuildTech,2024-09-25,2026-10-21,2026-11-08,874330031.0,979631030.0,87.4,86.5,452,560298691.0,245126302.0,174206038.0,731.0,1,4,8,1,87.8,98.0,18,On Track,774,756,979631031.0,105300999.0,-0.9,12.04
P2167,Metro Project 1167,Metro,South,Bengaluru,BuildTech,2023-02-20,2025-05-01,2025-05-21,1054323461.0,1131135018.0,84.0,81.4,288,667698269.0,240313034.0,223123715.0,8475.0,2,3,6,2,94.6,85.0,20,On Track,821,801,1131135018.0,76811557.0,-2.6,7.29
P2168,Building Project 1168,Building,West,Pune,BuildTech,2024-02-07,2026-01-10,2026-03-29,783122941.0,866934936.0,95.8,78.9,270,443732939.0,193580419.0,229621578.0,9439.0,0,4,6,6,84.7,95.5,78,Delayed,781,703,866934936.0,83811995.0,-16.9,10.7
P2169,Bridge Project 1169,Bridge,Central,Indore,UrbanWorks,2025-02-27,2025-11-25,2026-03-01,857334880.0,875628178.0,100.0,82.6,228,553838538.0,178639392.0,143150247.0,10159.0,1,2,10,3,95.7,94.0,96,Delayed,367,271,875628177.0,18293298.0,-17.4,2.13
P2170,Bridge Project 1170,Bridge,Central,Nagpur,ABC Infra,2023-01-05,2025-04-23,2025-06-11,1211772120.0,1310389209.0,90.5,79.9,516,625691189.0,344453381.0,340244639.0,11474.0,1,9,8,1,65.5,96.8,49,Delayed,888,839,1310389209.0,98617089.0,-10.6,8.14
P2171,Power Transmission Project 1171,Power Transmission,South,Bengaluru,Vertex Infra,2024-04-10,2024-09-25,2024-12-24,1190897899.0,1344020754.0,91.3,76.9,548,758773189.0,338781769.0,246465796.0,6848.0,3,6,12,6,69.8,84.9,90,Delayed,258,168,1344020754.0,153122855.0,-14.4,12.86
P2172,Building Project 1172,Building,West,Ahmedabad,MegaBuild,2024-08-26,2025-05-26,2025-09-19,402975027.0,450713073.0,96.0,73.7,212,230589889.0,86591303.0,133531881.0,2839.0,3,3,17,2,89.3,72.7,116,Delayed,389,273,450713073.0,47738046.0,-22.3,11.85
P2173,Highway Project 1173,Highway,North,Jaipur,Apex Contractors,2024-11-12,2025-12-29,2026-02-04,1099013926.0,1165297263.0,83.1,81.4,342,551344837.0,231082368.0,382870057.0,10605.0,0,4,15,2,77.7,100.0,37,Delayed,449,412,1165297262.0,66283337.0,-1.7,6.03
P2174,Building Project 1174,Building,South,Hyderabad,ABC Infra,2025-04-08,2027-03-08,2027-05-07,958883762.0,1082338727.0,93.8,80.2,511,683328219.0,231788123.0,167222385.0,690.0,3,2,11,1,90.1,85.2,60,Delayed,759,699,1082338727.0,123454965.0,-13.6,12.87
P2175,Power Transmission Project 1175,Power Transmission,West,Ahmedabad,UrbanWorks,2024-06-17,2024-12-03,2025-01-04,1811187634.0,1959970267.0,91.5,89.2,436,1105656310.0,543834739.0,310479217.0,382.0,1,3,6,1,89.4,93.1,32,Delayed,201,169,1959970266.0,148782633.0,-2.3,8.21
P2176,Water Infrastructure Project 1176,Water Infrastructure,West,Pune,BuildTech,2024-02-09,2026-04-02,2026-04-27,562857620.0,610128143.0,86.9,88.5,235,378402238.0,124073997.0,107651908.0,1302.0,1,5,7,1,85.1,93.0,25,On Track,808,783,610128143.0,47270523.0,1.6,8.4
P2177,Highway Project 1177,Highway,North,Jaipur,Prime Projects,2025-04-17,2027-01-27,2027-03-11,857212186.0,966683113.0,87.9,82.8,204,585731580.0,201238220.0,179713313.0,8972.0,0,2,7,5,92.6,96.5,43,Delayed,693,650,966683113.0,109470927.0,-5.1,12.77
P2178,Power Transmission Project 1178,Power Transmission,West,Ahmedabad,BuildTech,2024-05-27,2026-05-28,2026-05-27,1702050489.0,1812387906.0,84.7,85.1,876,1094454083.0,518929341.0,199004482.0,9268.0,0,4,11,0,86.0,100.0,-1,On Track,730,731,1812387906.0,110337417.0,0.4,6.48
P2179,Bridge Project 1179,Bridge,South,Chennai,MegaBuild,2024-10-06,2025-04-03,2025-05-12,570274756.0,624389551.0,94.5,86.0,225,352412936.0,160417373.0,111559243.0,7696.0,1,2,11,1,86.1,88.3,39,Delayed,218,179,624389552.0,54114795.0,-8.5,9.49
P2180,Highway Project 1180,Highway,Central,Nagpur,Shakti Engineering,2023-08-21,2024-06-02,2024-07-27,1165623216.0,1270540578.0,85.8,78.8,513,799341348.0,329308063.0,141891167.0,10246.0,0,5,13,3,70.2,94.7,55,Delayed,341,286,1270540578.0,104917362.0,-7.0,9.0
P2181,Highway Project 1181,Highway,North,Jaipur,Prime Projects,2024-06-07,2025-04-24,2025-05-06,946471573.0,1019322886.0,91.6,92.9,467,571276068.0,257232947.0,190813872.0,9740.0,1,3,10,2,82.8,92.6,12,Completed,333,321,1019322887.0,72851313.0,1.3,7.7
P2182,Highway Project 1182,Highway,South,Chennai,BuildTech,2023-12-12,2024-09-02,2024-11-06,565431071.0,605013797.0,83.5,69.0,152,334061140.0,137644363.0,133308295.0,9628.0,2,4,9,3,87.7,83.6,65,Delayed,330,265,605013798.0,39582726.0,-14.5,7.0
P2183,Power Transmission Project 1183,Power Transmission,West,Ahmedabad,Vertex Infra,2023-02-15,2025-04-20,2025-07-22,1025219054.0,1122967897.0,95.6,79.8,238,598418814.0,253062218.0,271486865.0,11191.0,3,5,8,4,79.7,75.8,93,Delayed,888,795,1122967897.0,97748843.0,-15.8,9.53
P2184,Highway Project 1184,Highway,West,Mumbai,Prime Projects,2024-06-29,2026-01-08,2026-01-18,799663806.0,887719956.0,89.2,91.9,407,481742463.0,224288918.0,181688576.0,3556.0,1,1,7,1,97.1,95.4,10,Completed,568,558,887719957.0,88056150.0,2.7,11.01
P2185,Highway Project 1185,Highway,North,Delhi,Shakti Engineering,2025-08-02,2026-07-29,2026-10-24,1239465256.0,1377743243.0,94.3,73.1,401,889576250.0,334218461.0,153948532.0,10027.0,4,3,13,1,90.9,77.6,87,Delayed,448,361,1377743243.0,138277987.0,-21.2,11.16
P2186,Power Transmission Project 1186,Power Transmission,West,Mumbai,Apex Contractors,2023-03-19,2025-02-16,2025-02-24,1753036502.0,1760281935.0,89.2,89.1,460,1020244548.0,419294603.0,320742784.0,3544.0,0,3,14,1,88.5,100.0,8,On Track,708,700,1760281935.0,7245433.0,-0.1,0.41
P2187,Metro Project 1187,Metro,Central,Nagpur,ABC Infra,2024-12-30,2027-03-16,2027-05-21,1520733431.0,1771201677.0,87.6,76.8,569,1097507669.0,475220949.0,198473059.0,6307.0,0,2,8,7,92.7,100.0,66,Delayed,872,806,1771201677.0,250468246.0,-10.8,16.47
P2188,Highway Project 1188,Highway,North,Jaipur,UrbanWorks,2025-03-23,2027-02-01,2027-02-13,1370481906.0,1481648566.0,84.6,87.2,572,787292814.0,358463637.0,335892115.0,822.0,2,5,12,0,70.8,84.1,12,On Track,692,680,1481648566.0,111166660.0,2.6,8.11
P2189,Highway Project 1189,Highway,North,Jaipur,Apex Contractors,2025-07-11,2027-03-05,2027-04-27,580351009.0,604663133.0,94.2,83.9,133,400840539.0,121503658.0,82318936.0,1994.0,2,2,12,1,90.4,79.6,53,Delayed,655,602,604663133.0,24312124.0,-10.3,4.19
P2190,Highway Project 1190,Highway,Central,Nagpur,BuildTech,2023-03-14,2023-10-27,2023-12-06,1084836455.0,1243681460.0,88.5,84.5,337,601116843.0,361670332.0,280894284.0,2552.0,2,6,5,0,71.9,89.4,40,Delayed,267,227,1243681459.0,158845005.0,-4.0,14.64
P2191,Metro Project 1191,Metro,South,Chennai,MegaBuild,2025-03-04,2026-02-12,2026-03-20,1129689126.0,1279425071.0,91.2,87.4,260,793927002.0,281707888.0,203790182.0,5137.0,1,2,4,3,86.8,94.8,36,Delayed,381,345,1279425072.0,149735945.0,-3.8,13.25
P2192,Water Infrastructure Project 1192,Water Infrastructure,North,Delhi,ABC Infra,2023-09-06,2025-11-06,2025-12-19,867589960.0,957574370.0,87.2,,311,581443526.0,272979608.0,103151235.0,7626.0,1,3,15,1,84.2,94.0,43,Delayed,835,792,957574369.0,89984410.0,-87.2,10.37
P2193,Highway Project 1193,Highway,West,Ahmedabad,Apex Contractors,2023-02-16,2025-03-07,2025-05-24,1323337088.0,1427029488.0,89.9,75.4,682,698614646.0,418341064.0,310073778.0,8769.0,1,6,10,0,69.2,84.7,78,Delayed,828,750,1427029488.0,103692400.0,-14.5,7.84
P2194,Highway Project 1194,Highway,West,Pune,BuildTech,2023-05-01,2025-06-19,2025-08-09,1210057657.0,1353582539.0,90.8,82.1,658,790885797.0,295971260.0,266725482.0,447.0,1,6,10,3,77.9,94.8,51,Delayed,831,780,1353582539.0,143524882.0,-8.7,11.86
P2195,Water Infrastructure Project 1195,Water Infrastructure,West,Mumbai,ABC Infra,2023-08-02,2025-09-21,2025-11-17,800957311.0,815794044.0,83.0,77.8,344,485490741.0,237164386.0,93138917.0,8448.0,0,2,14,5,87.2,95.5,57,Delayed,838,781,815794044.0,14836733.0,-5.2,1.85
P2196,Water Infrastructure Project 1196,Water Infrastructure,West,Mumbai,Apex Contractors,2023-08-27,2025-02-28,2025-03-08,694249476.0,773003579.0,87.3,87.7,189,440009748.0,231855170.0,101138660.0,11077.0,3,3,10,1,78.2,78.9,8,On Track,559,551,773003578.0,78754103.0,0.4,11.34
P2197,Bridge Project 1197,Bridge,South,Hyderabad,MegaBuild,2023-02-25,2025-04-09,2025-06-02,1211879128.0,1319179033.0,96.3,82.8,628,672209357.0,415207024.0,231762652.0,3920.0,0,3,6,3,91.6,100.0,54,Delayed,828,774,1319179033.0,107299905.0,-13.5,8.85
P2198,Building Project 1198,Building,North,Delhi,BuildTech,2023-12-16,2025-06-06,2025-07-31,867979933.0,970305694.0,86.7,74.3,338,602237540.0,259106114.0,108962040.0,10931.0,0,6,9,4,77.7,100.0,55,Delayed,593,538,970305694.0,102325761.0,-12.4,11.79
P2199,Metro Project 1199,Metro,West,Pune,Shakti Engineering,2023-04-17,2024-11-11,2024-11-29,2820824047.0,2992460131.0,93.6,85.5,763,1615706625.0,859308780.0,517444725.0,9431.0,2,0,10,0,100.0,82.5,18,On Track,592,574,2992460130.0,171636084.0,-8.1,6.08
P2200,Bridge Project 1200,Bridge,West,Mumbai,Shakti Engineering,2025-04-10,2026-01-14,2026-02-04,839133811.0,880046250.0,91.3,86.7,439,457010491.0,236366657.0,186669102.0,4009.0,2,1,10,1,85.2,88.0,21,On Track,300,279,880046250.0,40912439.0,-4.6,4.88
P2201,Building Project 1201,Building,West,Pune,MegaBuild,2023-02-17,2024-11-20,2025-02-07,441201055.0,472667623.0,92.0,77.6,207,228739239.0,135497370.0,108431014.0,4637.0,4,7,11,1,77.3,70.0,79,Delayed,721,642,472667623.0,31466568.0,-14.4,7.13
P2202,Bridge Project 1202,Bridge,West,Ahmedabad,Prime Projects,2024-07-26,2026-09-03,2026-11-08,848246620.0,941649663.0,92.5,78.9,391,558431553.0,246965680.0,136252431.0,5394.0,4,6,13,1,75.4,65.1,66,Delayed,835,769,941649664.0,93403043.0,-13.6,11.01
P2203,Power Transmission Project 1203,Power Transmission,North,Jaipur,MegaBuild,2023-12-03,2025-11-11,2025-11-20,758516122.0,770852882.0,90.1,85.2,344,359110311.0,221235652.0,190506919.0,9715.0,2,2,7,1,89.5,83.9,9,On Track,718,709,770852882.0,12336760.0,-4.9,1.63
P2204,Highway Project 1204,Highway,West,Pune,Prime Projects,2023-01-26,2023-08-10,2023-09-03,1141655686.0,1236376162.0,87.7,87.1,326,759001349.0,308014618.0,169360195.0,7772.0,1,7,4,0,74.7,95.5,24,On Track,220,196,1236376162.0,94720476.0,-0.6,8.3
P2205,Power Transmission Project 1205,Power Transmission,West,Mumbai,BuildTech,2025-03-14,2026-12-02,2027-01-13,1188816603.0,1252620736.0,87.0,80.6,344,767296279.0,344100901.0,141223556.0,3663.0,1,2,6,4,97.0,90.2,42,Delayed,670,628,1252620736.0,63804133.0,-6.4,5.37
P2206,Highway Project 1206,Highway,South,Chennai,Apex Contractors,2023-09-14,2025-03-27,2025-05-28,1173091291.0,1358842184.0,88.7,84.0,524,753907172.0,418288586.0,186646426.0,3323.0,0,7,4,5,76.1,98.0,62,Delayed,622,560,1358842184.0,185750893.0,-4.7,15.83
P2207,Power Transmission Project 1207,Power Transmission,North,Delhi,Prime Projects,2023-01-08,2024-01-16,2024-01-27,617156847.0,631933755.0,95.0,95.4,180,356550270.0,152701922.0,122681563.0,2117.0,2,4,10,1,85.3,82.1,11,Completed,384,373,631933755.0,14776908.0,0.4,2.39
P2208,Building Project 1208,Building,Central,Nagpur,BuildTech,2024-09-16,2027-02-22,2027-03-14,496810952.0,530520714.0,84.6,78.8,181,327368660.0,107227584.0,95924470.0,11864.0,2,2,7,1,94.7,86.4,20,On Track,909,889,530520714.0,33709762.0,-5.8,6.79
P2209,Power Transmission Project 1209,Power Transmission,South,Bengaluru,BuildTech,2025-05-16,2026-07-29,2026-10-15,1199509823.0,1330009126.0,88.8,78.2,573,892300469.0,282109181.0,155599476.0,983.0,1,6,11,3,68.8,96.2,78,Delayed,517,439,1330009126.0,130499303.0,-10.6,10.88
P2210,Highway Project 1210,Highway,Central,Indore,Vertex Infra,2023-09-10,2024-09-26,2024-12-15,1515776222.0,1793885003.0,83.9,73.3,725,1014794885.0,538813964.0,240276154.0,5807.0,2,3,14,6,90.6,83.8,80,Delayed,462,382,1793885003.0,278108781.0,-10.6,18.35
P2211,Building Project 1211,Building,Central,Indore,UrbanWorks,2024-11-22,2026-11-08,2026-11-07,631780464.0,675640839.0,87.7,87.6,233,417930561.0,185587224.0,72123053.0,7031.0,0,4,14,0,86.7,97.7,-1,On Track,715,716,675640838.0,43860375.0,-0.1,6.94
P2212,Building Project 1212,Building,South,Bengaluru,BuildTech,2024-12-19,2027-02-04,2027-03-04,660925999.0,685618242.0,89.5,86.6,318,357565325.0,165399655.0,162653263.0,9724.0,1,1,8,2,94.0,95.1,28,On Track,805,777,685618243.0,24692243.0,-2.9,3.74
P2213,Water Infrastructure Project 1213,Water Infrastructure,West,Pune,Prime Projects,2023-10-30,2025-09-02,2025-09-11,734891134.0,751079561.0,95.6,90.6,365,427113298.0,225390375.0,98575887.0,11877.0,1,3,9,0,86.5,99.2,9,Completed,682,673,751079560.0,16188427.0,-5.0,2.2
P2214,Building Project 1214,Building,North,Delhi,UrbanWorks,2024-09-30,2026-02-05,2026-04-21,789211821.0,890133348.0,96.0,78.6,344,426809570.0,183534154.0,279789625.0,9108.0,1,4,5,1,99.9,94.8,75,Delayed,568,493,890133349.0,100921527.0,-17.4,12.79
P2215,Building Project 1215,Building,West,Pune,UrbanWorks,2023-02-25,2025-03-22,2025-03-12,571232197.0,597974008.0,82.8,90.0,168,331590776.0,117969344.0,148413889.0,10565.0,0,3,6,0,92.3,100.0,-10,Completed,746,756,597974009.0,26741811.0,7.2,4.68
P2216,Bridge Project 1216,Bridge,Central,Nagpur,BuildTech,2024-12-26,2025-10-08,2025-09-28,751423526.0,793829228.0,84.0,92.4,233,468255281.0,213056522.0,112517425.0,3210.0,1,2,9,1,94.5,94.1,-10,Completed,276,286,793829228.0,42405702.0,8.4,5.64
P2217,Metro Project 1217,Metro,North,Delhi,MegaBuild,2024-06-09,2026-10-29,2027-01-02,1421045602.0,1490828144.0,89.3,77.7,460,959023361.0,359259674.0,172545109.0,2317.0,2,5,13,0,85.1,82.9,65,Delayed,937,872,1490828144.0,69782542.0,-11.6,4.91
P2218,Bridge Project 1218,Bridge,South,Bengaluru,MegaBuild,2024-04-18,2025-11-17,2026-02-01,1209467704.0,1251547054.0,93.0,76.3,312,807440110.0,284234495.0,159872449.0,4523.0,1,1,11,3,91.2,100.0,76,Delayed,654,578,1251547054.0,42079350.0,-16.7,3.48
P2219,Highway Project 1219,Highway,West,Pune,Shakti Engineering,2023-01-28,2024-03-02,2024-03-27,659012929.0,755640494.0,83.6,84.3,204,473945547.0,199667431.0,82027515.0,2484.0,0,2,12,2,99.5,98.8,25,On Track,424,399,755640493.0,96627565.0,0.7,14.66
P2220,Power Transmission Project 1220,Power Transmission,South,Hyderabad,UrbanWorks,2025-09-09,2027-12-07,2028-01-22,1054922509.0,1122266455.0,88.5,75.7,305,580252250.0,234481231.0,307532973.0,1657.0,2,1,16,0,90.7,84.4,46,Delayed,865,819,1122266454.0,67343946.0,-12.8,6.38
P2221,Water Infrastructure Project 1221,Water Infrastructure,West,Mumbai,BuildTech,2023-03-19,2024-05-13,2024-08-18,318132578.0,343062965.0,94.1,74.2,117,184102289.0,96232605.0,62728071.0,6991.0,0,6,13,5,86.6,100.0,97,Delayed,518,421,343062965.0,24930387.0,-19.9,7.84
P2222,Power Transmission Project 1222,Power Transmission,South,Chennai,Vertex Infra,2023-08-04,2025-05-15,2025-07-22,873353185.0,974656566.0,94.6,83.1,453,496592439.0,220437087.0,257627040.0,6831.0,2,1,6,3,95.6,84.6,68,Delayed,718,650,974656566.0,101303381.0,-11.5,11.6
P2223,Metro Project 1223,Metro,North,Jaipur,MegaBuild,2024-01-21,2025-12-20,2026-02-06,2535332854.0,2814460261.0,88.8,,645,1469243753.0,873433672.0,471782836.0,4966.0,2,2,14,2,84.2,81.3,48,Delayed,747,699,2814460261.0,279127407.0,-88.8,11.01
P2224,Power Transmission Project 1224,Power Transmission,South,Chennai,Vertex Infra,2023-12-31,2024-12-02,2025-02-06,848422031.0,889171381.0,82.0,77.0,388,440808535.0,249059119.0,199303727.0,7697.0,0,6,10,3,79.0,98.3,66,Delayed,403,337,889171381.0,40749350.0,-5.0,4.8
P2225,Power Transmission Project 1225,Power Transmission,Central,Nagpur,BuildTech,2024-10-27,2025-06-05,2025-08-15,701876717.0,737053122.0,94.2,76.4,313,403049724.0,188420850.0,145582547.0,11555.0,1,3,15,1,87.9,84.8,71,Delayed,292,221,737053121.0,35176405.0,-17.8,5.01
P2226,Water Infrastructure Project 1226,Water Infrastructure,West,Pune,BuildTech,2024-06-09,2026-04-13,2026-06-13,589544174.0,656718652.0,86.3,77.0,148,421135105.0,145203331.0,90380217.0,2768.0,2,2,12,3,86.9,85.7,61,Delayed,734,673,656718653.0,67174478.0,-9.3,11.39
P2227,Building Project 1227,Building,West,Ahmedabad,Apex Contractors,2024-11-29,2026-01-10,2026-04-30,364628003.0,424615823.0,92.2,72.2,191,248190973.0,128174228.0,48250622.0,7591.0,2,3,15,6,83.0,82.0,110,Delayed,517,407,424615823.0,59987820.0,-20.0,16.45
P2228,Metro Project 1228,Metro,North,Delhi,UrbanWorks,2023-11-08,2024-08-20,2024-09-08,1157836986.0,1186917110.0,86.4,84.6,471,776213315.0,240358276.0,170345519.0,7555.0,1,2,12,0,90.5,84.9,19,On Track,305,286,1186917110.0,29080124.0,-1.8,2.51
P2229,Power Transmission Project 1229,Power Transmission,West,Pune,Apex Contractors,2025-06-01,2027-06-11,2027-08-22,1582227302.0,1600879036.0,90.4,76.9,538,1051951852.0,352781838.0,196145347.0,4220.0,2,8,8,0,68.9,84.0,72,Delayed,812,740,1600879037.0,18651734.0,-13.5,1.18
P2230,Building Project 1230,Building,North,Delhi,Vertex Infra,2023-01-07,2023-06-11,2023-09-01,909103442.0,1051234579.0,91.2,73.7,426,558080876.0,201382925.0,291770778.0,4536.0,4,13,10,2,50.0,65.0,82,Delayed,237,155,1051234579.0,142131137.0,-17.5,15.63
P2231,Highway Project 1231,Highway,North,Jaipur,Apex Contractors,2023-01-03,2025-05-15,2025-06-20,1478820067.0,1634634833.0,95.1,91.9,450,983430408.0,473595929.0,177608496.0,2239.0,0,3,7,2,95.0,98.2,36,Delayed,899,863,1634634833.0,155814766.0,-3.2,10.54
P2232,Metro Project 1232,Metro,South,Hyderabad,Shakti Engineering,2024-09-14,2027-01-22,2027-04-02,2681940563.0,3054380765.0,84.4,71.8,1203,1528208196.0,917355764.0,608816805.0,4156.0,1,6,14,6,81.1,87.2,70,Delayed,930,860,3054380765.0,372440202.0,-12.6,13.89
P2233,Power Transmission Project 1233,Power Transmission,South,Chennai,UrbanWorks,2025-07-07,2026-10-22,2026-10-23,1431642432.0,1533516075.0,86.5,87.7,333,851085947.0,454185127.0,228245001.0,350.0,2,0,8,3,99.8,90.5,1,On Track,473,472,1533516075.0,101873643.0,1.2,7.12
P2234,Power Transmission Project 1234,Power Transmission,West,Mumbai,ABC Infra,2025-01-19,2027-03-25,2027-05-16,668322757.0,773291940.0,96.5,86.9,332,434039292.0,218868242.0,120384406.0,7430.0,2,4,12,2,82.6,85.8,52,Delayed,847,795,773291940.0,104969183.0,-9.6,15.71
P2235,Power Transmission Project 1235,Power Transmission,North,Jaipur,Apex Contractors,2023-12-29,2024-07-08,2024-09-25,1552246828.0,1578983483.0,90.9,71.8,571,782912493.0,298695377.0,497375613.0,11468.0,2,3,9,3,75.1,76.1,79,Delayed,271,192,1578983483.0,26736655.0,-19.1,1.72
P2236,Building Project 1236,Building,North,Jaipur,Vertex Infra,2025-01-20,2027-02-26,2027-02-21,962040230.0,1095038055.0,86.6,95.6,413,617609492.0,331585096.0,145843467.0,1660.0,0,1,11,6,92.1,100.0,-5,Completed,762,767,1095038055.0,132997825.0,9.0,13.82
P2237,Metro Project 1237,Metro,South,Chennai,MegaBuild,2024-05-22,2025-09-06,2025-11-02,2572182649.0,2813541456.0,92.9,81.6,753,1515377430.0,654601563.0,643562463.0,7105.0,0,3,10,1,89.7,100.0,57,Delayed,529,472,2813541456.0,241358807.0,-11.3,9.38
P2238,Highway Project 1238,Highway,North,Jaipur,MegaBuild,2023-10-01,2024-04-07,2024-05-13,1053860592.0,1108697456.0,86.0,86.4,467,704890698.0,265370384.0,138436374.0,8857.0,1,3,13,2,85.4,84.3,36,Delayed,225,189,1108697456.0,54836864.0,0.4,5.2
P2239,Highway Project 1239,Highway,West,Ahmedabad,MegaBuild,2024-05-20,2025-11-15,2025-12-17,765882421.0,757976054.0,90.8,85.5,363,464022908.0,164693817.0,129259329.0,11447.0,1,6,9,1,84.8,93.4,32,Delayed,576,544,757976054.0,-7906367.0,-5.3,-1.03
P2240,Highway Project 1240,Highway,West,Ahmedabad,Prime Projects,2025-03-16,2027-06-21,2027-10-09,1405869825.0,1668929910.0,87.3,69.0,528,976789982.0,369575245.0,322564683.0,6330.0,2,6,11,7,75.6,86.4,110,Delayed,937,827,1668929910.0,263060085.0,-18.3,18.71
P2241,Bridge Project 1241,Bridge,Central,Indore,BuildTech,2025-01-08,2026-11-19,2027-02-18,1012409318.0,1116455223.0,95.0,69.8,429,667950199.0,320383741.0,128121284.0,3345.0,1,3,8,3,84.6,89.3,91,Delayed,771,680,1116455224.0,104045905.0,-25.2,10.28
P2242,Highway Project 1242,Highway,Central,Indore,UrbanWorks,2025-06-01,2027-07-02,2027-08-05,1547395427.0,1747398956.0,86.6,79.9,573,861370160.0,385067307.0,500961489.0,10495.0,1,4,8,1,80.5,88.0,34,Delayed,795,761,1747398956.0,200003529.0,-6.7,12.93
P2243,Bridge Project 1243,Bridge,West,Ahmedabad,MegaBuild,2023-01-15,2024-10-12,2024-10-21,540946393.0,586120254.0,79.4,82.8,278,349701637.0,131275044.0,105143573.0,11393.0,4,7,7,1,72.3,73.5,9,On Track,645,636,586120254.0,45173861.0,3.4,8.35
P2244,Power Transmission Project 1244,Power Transmission,South,Bengaluru,ABC Infra,2023-07-11,2025-01-08,2025-03-01,878054145.0,963823965.0,88.2,81.3,337,501333726.0,259146193.0,203344046.0,557.0,1,3,9,3,85.2,99.6,52,Delayed,599,547,963823965.0,85769820.0,-6.9,9.77
P2245,Bridge Project 1245,Bridge,South,Hyderabad,MegaBuild,2025-09-11,2027-07-01,2027-07-24,587233474.0,590567874.0,87.3,85.1,292,324442805.0,138028787.0,128096282.0,11951.0,0,6,6,1,77.3,100.0,23,On Track,681,658,590567874.0,3334400.0,-2.2,0.57
P2246,Power Transmission Project 1246,Power Transmission,North,Delhi,Shakti Engineering,2024-09-22,2025-06-28,2025-07-08,1563973119.0,1765608168.0,89.0,88.5,757,847598982.0,333678389.0,584330797.0,344.0,1,4,15,3,82.0,95.2,10,On Track,289,279,1765608168.0,201635049.0,-0.5,12.89
P2247,Building Project 1247,Building,South,Hyderabad,BuildTech,2024-04-29,2025-01-22,2025-03-22,491138717.0,498819573.0,92.2,82.3,174,294099905.0,148350494.0,56369173.0,8760.0,1,5,8,1,84.7,97.7,59,Delayed,327,268,498819572.0,7680856.0,-9.9,1.56
P2248,Metro Project 1248,Metro,Central,Nagpur,Vertex Infra,2023-01-28,2025-07-11,2025-08-21,1121986463.0,1242624951.0,85.3,82.1,332,745395849.0,292340250.0,204888852.0,1634.0,1,2,10,5,97.6,96.4,41,Delayed,936,895,1242624951.0,120638488.0,-3.2,10.75
P2249,Metro Project 1249,Metro,North,Jaipur,BuildTech,2024-12-14,2025-11-28,2025-12-11,2967150397.0,3073285251.0,86.9,79.9,1050,1585409271.0,858232113.0,629643867.0,971.0,1,6,3,1,69.7,93.0,13,On Track,362,349,3073285251.0,106134854.0,-7.0,3.58
P2250,Highway Project 1250,Highway,West,Mumbai,Apex Contractors,2023-02-08,2025-05-19,2025-08-03,548433986.0,611349407.0,90.0,79.6,270,332033968.0,155853588.0,123461850.0,7300.0,0,6,14,3,76.9,100.0,76,Delayed,907,831,611349406.0,62915421.0,-10.4,11.47
P2251,Metro Project 1251,Metro,North,Jaipur,Vertex Infra,2025-08-10,2027-06-22,2027-10-07,2643783239.0,2922596267.0,87.4,67.7,780,1825468526.0,615813312.0,481314429.0,3938.0,2,2,20,4,89.8,78.9,107,Delayed,788,681,2922596267.0,278813028.0,-19.7,10.55
P2252,Water Infrastructure Project 1252,Water Infrastructure,South,Hyderabad,Vertex Infra,2023-09-30,2024-04-03,2024-05-12,523546939.0,560653146.0,90.3,80.9,205,344524767.0,148800220.0,67328159.0,6385.0,0,2,10,3,95.9,100.0,39,Delayed,225,186,560653146.0,37106207.0,-9.4,7.09
P2253,Highway Project 1253,Highway,West,Ahmedabad,Apex Contractors,2023-08-19,2024-12-31,2025-02-11,1401988155.0,1509547953.0,92.2,80.4,681,852000944.0,329868128.0,327678880.0,534.0,1,2,14,2,97.6,99.1,42,Delayed,542,500,1509547952.0,107559798.0,-11.8,7.67
P2254,Metro Project 1254,Metro,South,Chennai,UrbanWorks,2023-03-27,2023-09-20,2024-01-10,2088148573.0,2332219860.0,90.1,66.8,702,1205638296.0,539993599.0,586587965.0,7134.0,2,4,12,4,86.7,81.3,112,Delayed,289,177,2332219860.0,244071287.0,-23.3,11.69
P2255,Bridge Project 1255,Bridge,Central,Nagpur,Apex Contractors,2024-04-18,2025-05-01,2025-07-08,1156345764.0,1318380803.0,94.4,81.4,499,662915702.0,267767161.0,387697940.0,3507.0,1,5,3,2,77.9,80.1,68,Delayed,446,378,1318380803.0,162035039.0,-13.0,14.01
P2256,Power Transmission Project 1256,Power Transmission,West,Ahmedabad,Prime Projects,2023-05-06,2024-08-09,2024-10-05,1725693514.0,1899609254.0,86.2,73.6,519,999157278.0,370053370.0,530398606.0,5864.0,3,3,8,1,98.3,80.3,57,Delayed,518,461,1899609254.0,173915740.0,-12.6,10.08
P2257,Power Transmission Project 1257,Power Transmission,South,Hyderabad,Vertex Infra,2025-03-22,2025-11-26,2025-12-03,616008799.0,643199800.0,87.7,89.4,157,384409441.0,158464153.0,100326206.0,2700.0,1,1,10,2,95.0,92.0,7,On Track,256,249,643199800.0,27191001.0,1.7,4.41
P2258,Water Infrastructure Project 1258,Water Infrastructure,South,Chennai,Vertex Infra,2024-06-20,2026-10-14,2026-11-18,348124366.0,371866908.0,96.0,88.9,167,212491004.0,72368420.0,87007485.0,9909.0,2,6,13,1,72.6,80.8,35,Delayed,881,846,371866909.0,23742542.0,-7.1,6.82
P2259,Highway Project 1259,Highway,West,Mumbai,Apex Contractors,2023-05-25,2024-03-11,2024-04-23,784124872.0,876771660.0,87.1,81.1,198,528963568.0,188823675.0,158984417.0,5389.0,1,2,12,2,96.4,94.5,43,Delayed,334,291,876771660.0,92646788.0,-6.0,11.82
P2260,Power Transmission Project 1260,Power Transmission,South,Hyderabad,UrbanWorks,2024-06-08,2026-11-14,2027-03-02,1414871654.0,1503541343.0,99.8,70.1,437,828433649.0,438696123.0,236411570.0,7851.0,3,7,15,1,70.8,71.5,108,Delayed,997,889,1503541342.0,88669689.0,-29.7,6.27
P2261,Power Transmission Project 1261,Power Transmission,North,Delhi,MegaBuild,2023-07-31,2025-08-02,2025-09-06,1679809358.0,1812493357.0,93.9,86.1,843,1100578908.0,362859444.0,349055006.0,5305.0,2,5,15,0,79.2,92.4,35,Delayed,768,733,1812493358.0,132683999.0,-7.8,7.9
P2262,Building Project 1262,Building,West,Pune,Shakti Engineering,2023-01-25,2023-12-19,2024-02-05,686358495.0,711869396.0,86.7,80.8,229,410577646.0,164485024.0,136806726.0,7790.0,0,3,9,3,92.3,79.5,48,Delayed,376,328,711869396.0,25510901.0,-5.9,3.72
P2263,Power Transmission Project 1263,Power Transmission,South,Chennai,ABC Infra,2024-08-02,2025-11-18,2025-12-13,1339437471.0,1425182634.0,92.3,92.2,724,696461982.0,389898350.0,338822301.0,11746.0,1,3,9,1,88.7,96.3,25,Completed,498,473,1425182633.0,85745163.0,-0.1,6.4
P2264,Metro Project 1264,Metro,South,Hyderabad,UrbanWorks,2024-01-29,2025-09-10,2025-11-24,1363229709.0,1435038206.0,91.2,79.7,740,709661402.0,423773532.0,301603272.0,8040.0,1,4,11,3,84.1,97.5,75,Delayed,665,590,1435038206.0,71808497.0,-11.5,5.27
P2265,Power Transmission Project 1265,Power Transmission,West,Ahmedabad,Prime Projects,2023-03-08,2023-10-29,2023-12-08,1579009869.0,1741376700.0,84.2,74.6,487,1054021682.0,332804673.0,354550345.0,8931.0,4,4,11,4,88.4,75.2,40,Delayed,275,235,1741376700.0,162366831.0,-9.6,10.28
P2266,Power Transmission Project 1266,Power Transmission,North,Delhi,UrbanWorks,2023-08-21,2024-09-07,2024-11-14,1775467015.0,1949934219.0,96.2,79.6,414,1171646288.0,424217204.0,354070727.0,5482.0,0,3,4,4,89.7,97.9,68,Delayed,451,383,1949934219.0,174467204.0,-16.6,9.83
P2267,Highway Project 1267,Highway,South,Bengaluru,BuildTech,2023-04-19,2025-06-08,2025-07-30,803185885.0,895157908.0,93.3,82.7,363,469358966.0,210899608.0,214899334.0,950.0,1,5,11,2,80.1,89.3,52,Delayed,833,781,895157908.0,91972023.0,-10.6,11.45
P2268,Bridge Project 1268,Bridge,South,Chennai,MegaBuild,2023-05-26,2024-12-07,2025-02-02,820731410.0,863330123.0,95.9,83.4,302,522154538.0,198865625.0,142309960.0,333.0,1,3,10,2,86.6,90.2,57,Delayed,618,561,863330123.0,42598713.0,-12.5,5.19
P2269,Power Transmission Project 1269,Power Transmission,North,Delhi,MegaBuild,2023-04-21,2025-02-16,2025-04-15,709200494.0,804298627.0,94.2,77.1,179,404993672.0,182320163.0,216984791.0,11244.0,2,6,9,1,66.6,91.9,58,Delayed,725,667,804298626.0,95098133.0,-17.1,13.41
P2270,Highway Project 1270,Highway,West,Ahmedabad,Vertex Infra,2023-08-16,2025-03-10,2025-04-21,1106797806.0,1120429499.0,91.4,83.8,501,642214272.0,238395411.0,239819817.0,3332.0,0,5,9,0,84.8,97.8,42,Delayed,614,572,1120429500.0,13631693.0,-7.6,1.23
P2271,Building Project 1271,Building,South,Hyderabad,MegaBuild,2023-04-21,2024-12-07,2025-03-05,716990161.0,806548994.0,94.3,78.9,165,523491674.0,178202469.0,104854851.0,7944.0,1,4,7,3,77.2,93.5,88,Delayed,684,596,806548994.0,89558833.0,-15.4,12.49
P2272,Power Transmission Project 1272,Power Transmission,North,Jaipur,MegaBuild,2024-04-14,2025-05-25,2025-05-22,779768146.0,805106973.0,84.7,83.5,395,414106571.0,170997349.0,220003054.0,1410.0,1,2,4,0,96.5,95.3,-3,On Track,403,406,805106974.0,25338827.0,-1.2,3.25
P2273,Building Project 1273,Building,West,Mumbai,Apex Contractors,2023-02-03,2024-03-31,2024-07-14,673577342.0,768635827.0,97.9,72.8,179,377398760.0,158843325.0,232393742.0,11773.0,2,5,18,2,80.0,86.9,105,Delayed,527,422,768635827.0,95058485.0,-25.1,14.11
P2274,Highway Project 1274,Highway,North,Jaipur,MegaBuild,2024-09-14,2025-11-18,2026-03-20,871639361.0,964334828.0,93.0,65.8,228,557473215.0,259866960.0,146994653.0,8953.0,3,5,7,4,75.4,72.3,122,Delayed,552,430,964334828.0,92695467.0,-27.2,10.63
P2275,Building Project 1275,Building,West,Pune,MegaBuild,2025-02-14,2026-01-07,2026-02-03,730609076.0,772098546.0,82.2,79.7,203,459897901.0,175240868.0,136959776.0,8813.0,0,6,7,2,73.8,100.0,27,On Track,354,327,772098545.0,41489470.0,-2.5,5.68
P2276,Metro Project 1276,Metro,North,Delhi,ABC Infra,2025-07-24,2027-07-31,2027-08-21,2149595584.0,2375034302.0,84.0,81.4,1154,1142218111.0,565306579.0,667509612.0,4810.0,0,3,5,3,99.8,96.9,21,On Track,758,737,2375034302.0,225438718.0,-2.6,10.49
P2277,Building Project 1277,Building,West,Pune,Prime Projects,2024-01-04,2025-07-22,2025-09-22,363574339.0,407149739.0,91.2,80.0,163,228191232.0,96396594.0,82561913.0,2174.0,1,8,9,2,62.6,88.9,62,Delayed,627,565,407149739.0,43575400.0,-11.2,11.99
P2278,Highway Project 1278,Highway,West,Mumbai,Vertex Infra,2025-01-17,2027-03-17,2027-05-30,1317751252.0,1452353953.0,86.4,75.0,638,724967719.0,302787744.0,424598490.0,3339.0,2,6,11,4,74.4,82.5,74,Delayed,863,789,1452353953.0,134602701.0,-11.4,10.21
P2279,Building Project 1279,Building,North,Delhi,Apex Contractors,2024-08-17,2026-09-08,2026-09-20,867305219.0,947421374.0,92.1,89.9,304,493475197.0,271102419.0,182843758.0,10729.0,0,5,9,1,82.8,100.0,12,On Track,764,752,947421374.0,80116155.0,-2.2,9.24
P2280,Building Project 1280,Building,Central,Indore,MegaBuild,2024-07-07,2024-12-28,2025-01-30,619394766.0,667775361.0,86.1,85.1,205,396368765.0,197177959.0,74228637.0,1556.0,1,4,8,2,84.7,94.6,33,Delayed,207,174,667775361.0,48380595.0,-1.0,7.81
P2281,Water Infrastructure Project 1281,Water Infrastructure,West,Ahmedabad,Vertex Infra,2024-02-29,2024-07-09,2024-08-18,334526241.0,361519538.0,84.9,76.7,99,216971751.0,79156179.0,65391607.0,10931.0,1,4,11,1,81.9,91.9,40,Delayed,171,131,361519537.0,26993297.0,-8.2,8.07
P2282,Building Project 1282,Building,North,Delhi,Prime Projects,2024-09-04,2026-10-20,2026-10-25,897276766.0,977661042.0,87.8,90.1,339,602585036.0,223900443.0,151175563.0,3540.0,0,9,7,0,61.1,100.0,5,Completed,781,776,977661042.0,80384276.0,2.3,8.96
P2283,Building Project 1283,Building,West,Ahmedabad,Apex Contractors,2024-06-01,2025-11-02,2026-01-26,1040450240.0,1066941492.0,100.0,73.5,418,537773584.0,299002067.0,230165841.0,4563.0,1,5,14,1,77.3,96.4,85,Delayed,604,519,1066941492.0,26491252.0,-26.5,2.55
P2284,Water Infrastructure Project 1284,Water Infrastructure,North,Jaipur,Shakti Engineering,2024-11-22,2026-12-29,2027-02-18,447791716.0,498887883.0,85.6,76.7,191,302456958.0,98657081.0,97773844.0,11794.0,2,8,15,2,71.6,85.6,51,Delayed,818,767,498887883.0,51096167.0,-8.9,11.41
P2285,Highway Project 1285,Highway,Central,Nagpur,MegaBuild,2023-10-09,2025-07-04,2025-09-02,860583221.0,909805652.0,95.0,81.8,262,522751854.0,278641358.0,108412441.0,5569.0,3,3,9,4,88.1,82.2,60,Delayed,694,634,909805653.0,49222431.0,-13.2,5.72
P2286,Building Project 1286,Building,South,Chennai,Vertex Infra,2023-11-16,2025-12-30,2026-01-18,488926216.0,507184500.0,87.0,82.9,260,282283241.0,103602930.0,121298329.0,11203.0,1,5,11,1,84.2,94.7,19,On Track,794,775,507184500.0,18258284.0,-4.1,3.73
P2287,Highway Project 1287,Highway,Central,Nagpur,UrbanWorks,2025-01-07,2026-10-30,2027-01-02,1125398249.0,1226271900.0,89.6,77.3,310,651234228.0,325123839.0,249913833.0,8017.0,2,2,10,3,88.2,87.1,64,Delayed,725,661,1226271900.0,100873651.0,-12.3,8.96
P2288,Power Transmission Project 1288,Power Transmission,South,Hyderabad,Apex Contractors,2024-03-18,2025-03-09,2025-04-13,792358088.0,879836087.0,90.5,83.1,426,547708197.0,195785849.0,136342040.0,1709.0,2,5,6,0,81.2,88.2,35,Delayed,391,356,879836086.0,87477999.0,-7.4,11.04
P2289,Highway Project 1289,Highway,South,Chennai,Apex Contractors,2025-08-09,2026-09-11,2026-12-29,894722671.0,994178400.0,89.8,67.1,201,578012481.0,221157857.0,195008062.0,10920.0,2,3,10,5,85.8,87.0,109,Delayed,507,398,994178400.0,99455729.0,-22.7,11.12
P2290,Bridge Project 1290,Bridge,South,Chennai,Vertex Infra,2023-11-11,2025-02-20,2025-04-25,987535736.0,1064882395.0,90.2,77.3,374,592461985.0,218124291.0,254296118.0,2132.0,3,5,10,1,82.6,80.7,64,Delayed,531,467,1064882394.0,77346659.0,-12.9,7.83
P2291,Water Infrastructure Project 1291,Water Infrastructure,South,Bengaluru,MegaBuild,2025-05-26,2027-06-11,2027-08-26,641370170.0,706489655.0,91.4,75.4,211,428161318.0,181506169.0,96822168.0,2324.0,0,4,7,6,83.6,91.8,76,Delayed,822,746,706489655.0,65119485.0,-16.0,10.15
P2292,Bridge Project 1292,Bridge,South,Chennai,BuildTech,2025-08-23,2026-04-03,2026-05-18,731331616.0,811255242.0,84.0,75.2,269,490635180.0,223032488.0,97587574.0,11838.0,3,4,17,1,85.0,71.9,45,Delayed,268,223,811255242.0,79923626.0,-8.8,10.93
P2293,Highway Project 1293,Highway,West,Mumbai,ABC Infra,2025-01-10,2027-01-29,2027-03-27,961660834.0,1018043361.0,89.5,76.8,392,470184645.0,296122141.0,251736575.0,6036.0,2,6,13,2,82.1,87.7,57,Delayed,806,749,1018043361.0,56382527.0,-12.7,5.86
P2294,Building Project 1294,Building,Central,Nagpur,UrbanWorks,2024-01-12,2025-10-09,2025-10-13,759409281.0,762437379.0,89.8,86.1,276,412933646.0,168920658.0,180583074.0,5293.0,2,2,9,0,86.5,87.8,4,On Track,640,636,762437378.0,3028098.0,-3.7,0.4
P2295,Building Project 1295,Building,North,Jaipur,UrbanWorks,2023-10-16,2024-10-17,2024-12-19,361693280.0,417392244.0,92.2,78.7,129,198079173.0,107736963.0,111576108.0,11403.0,4,3,8,2,84.7,72.9,63,Delayed,430,367,417392244.0,55698964.0,-13.5,15.4
P2296,Water Infrastructure Project 1296,Water Infrastructure,West,Ahmedabad,BuildTech,2024-03-12,2025-07-08,2025-08-20,349998470.0,384882313.0,88.9,80.6,161,211404450.0,95304077.0,78173786.0,7934.0,2,5,7,1,86.3,85.0,43,Delayed,526,483,384882313.0,34883843.0,-8.3,9.97
P2297,Bridge Project 1297,Bridge,South,Hyderabad,MegaBuild,2024-10-23,2026-01-06,2026-03-10,1139537906.0,1224351999.0,92.1,79.0,508,768181485.0,316148291.0,140022223.0,5257.0,0,7,10,3,76.1,100.0,63,Delayed,503,440,1224351999.0,84814093.0,-13.1,7.44
P2298,Building Project 1298,Building,South,Chennai,Apex Contractors,2023-10-04,2025-10-25,2025-12-31,413183477.0,439716663.0,87.4,75.1,204,,95170101.0,52819654.0,3513.0,1,3,8,3,91.0,92.9,67,Delayed,819,752,147989755.0,26533186.0,-12.3,6.42
P2299,Bridge Project 1299,Bridge,South,Hyderabad,Apex Contractors,2024-12-10,2026-01-19,2026-02-13,995612967.0,1021965090.0,87.8,81.1,301,510043674.0,253698676.0,258222740.0,10655.0,1,1,9,0,89.4,89.8,25,On Track,430,405,1021965090.0,26352123.0,-6.7,2.65
P2300,Water Infrastructure Project 1300,Water Infrastructure,North,Jaipur,ABC Infra,2024-08-04,2025-04-29,2025-07-01,859123089.0,905753628.0,91.2,85.0,361,417765108.0,251499090.0,236489430.0,6508.0,0,3,10,5,83.7,100.0,63,Delayed,331,268,905753628.0,46630539.0,-6.2,5.43
P2301,Building Project 1301,Building,South,Hyderabad,UrbanWorks,2024-05-17,2024-12-06,2025-02-12,551038777.0,609321703.0,85.9,70.5,227,321056794.0,169926251.0,118338658.0,9944.0,5,5,11,2,78.9,67.4,68,Delayed,271,203,609321703.0,58282926.0,-15.4,10.58
P2302,Building Project 1302,Building,North,Jaipur,ABC Infra,2024-09-15,2026-02-22,2026-04-04,622401377.0,687569324.0,87.7,78.4,212,364120642.0,167860052.0,155588629.0,6753.0,2,4,11,3,91.9,91.8,41,Delayed,566,525,687569323.0,65167947.0,-9.3,10.47
P2303,Metro Project 1303,Metro,South,Chennai,UrbanWorks,2024-05-30,2025-12-26,2026-03-01,2116464384.0,2440531357.0,88.0,79.8,805,1514441706.0,554891960.0,371197692.0,3053.0,2,5,13,2,77.7,87.6,65,Delayed,640,575,2440531358.0,324066973.0,-8.2,15.31
P2304,Highway Project 1304,Highway,North,Jaipur,MegaBuild,2023-12-16,2026-04-26,2026-05-30,1443885873.0,1521322574.0,88.2,82.3,467,885953511.0,450187921.0,185181142.0,11393.0,0,2,13,0,91.2,99.9,34,Delayed,896,862,1521322574.0,77436701.0,-5.9,5.36
P2305,Highway Project 1305,Highway,South,Chennai,Shakti Engineering,2025-04-22,2026-01-27,2026-03-05,1506791339.0,1689238724.0,90.2,78.8,402,905610972.0,505281821.0,278345932.0,11563.0,5,2,8,1,93.7,64.8,37,Delayed,317,280,1689238725.0,182447385.0,-11.4,12.11
P2306,Highway Project 1306,Highway,South,Bengaluru,UrbanWorks,2024-03-21,2025-10-21,2025-12-18,1295343594.0,1459134168.0,86.4,77.7,376,747715625.0,340053965.0,371364578.0,7628.0,3,5,12,5,73.4,74.0,58,Delayed,637,579,1459134168.0,163790574.0,-8.7,12.64
P2307,Bridge Project 1307,Bridge,South,Bengaluru,Shakti Engineering,2025-04-09,2027-02-07,2027-03-30,483961303.0,515347291.0,92.5,76.8,123,311213807.0,147810991.0,56322494.0,605.0,4,4,9,0,85.0,75.5,51,Delayed,720,669,515347292.0,31385988.0,-15.7,6.49
P2308,Building Project 1308,Building,North,Jaipur,UrbanWorks,2023-12-16,2025-08-26,2025-09-30,835945221.0,887317090.0,88.9,85.5,372,470570522.0,274666323.0,142080246.0,1684.0,0,3,9,1,82.1,100.0,35,Delayed,654,619,887317091.0,51371869.0,-3.4,6.15
P2309,Metro Project 1309,Metro,South,Bengaluru,Apex Contractors,2024-08-29,2027-01-03,2027-04-27,1802401369.0,2180626040.0,91.6,63.6,789,1026619960.0,501774999.0,652231081.0,3667.0,2,10,12,7,61.8,85.6,114,Delayed,971,857,2180626040.0,378224671.0,-28.0,20.98
P2310,Power Transmission Project 1310,Power Transmission,West,Ahmedabad,Prime Projects,2024-10-25,2026-07-15,2026-08-08,1174548209.0,1220293722.0,85.1,83.5,626,682511956.0,323147411.0,214634356.0,1874.0,0,5,13,0,84.3,100.0,24,On Track,652,628,1220293723.0,45745513.0,-1.6,3.89
P2311,Highway Project 1311,Highway,West,Ahmedabad,MegaBuild,2025-04-02,2027-05-15,2027-06-09,573860068.0,633248859.0,78.6,74.6,264,338025699.0,163786645.0,131436514.0,1172.0,0,4,17,3,90.2,96.6,25,On Track,798,773,633248858.0,59388791.0,-4.0,10.35
P2312,Water Infrastructure Project 1312,Water Infrastructure,South,Bengaluru,BuildTech,2023-05-17,2025-01-06,2025-03-07,418092594.0,461156438.0,93.8,75.5,99,269761917.0,122364852.0,69029669.0,8660.0,1,4,9,3,84.4,92.7,60,Delayed,660,600,461156438.0,43063844.0,-18.3,10.3
P2313,Building Project 1313,Building,South,Bengaluru,Shakti Engineering,2025-01-28,2027-03-21,2027-05-18,922717229.0,986030757.0,90.8,77.6,472,495091073.0,212032983.0,278906701.0,5878.0,1,6,7,0,75.8,87.9,58,Delayed,840,782,986030757.0,63313528.0,-13.2,6.86
P2314,Bridge Project 1314,Bridge,Central,Indore,BuildTech,2025-06-17,2026-02-05,2026-03-08,787016037.0,879191200.0,92.2,83.9,397,559913289.0,201386243.0,117891668.0,10095.0,2,4,12,1,88.8,86.6,31,Delayed,264,233,879191200.0,92175163.0,-8.3,11.71
P2315,Highway Project 1315,Highway,Central,Indore,MegaBuild,2023-08-31,2026-01-15,2026-03-18,837737043.0,877935240.0,95.3,78.8,306,435568273.0,170665378.0,271701588.0,1330.0,1,1,6,0,100.0,95.1,62,Delayed,930,868,877935239.0,40198197.0,-16.5,4.8
P2316,Building Project 1316,Building,South,Chennai,Vertex Infra,2024-06-26,2026-05-24,2026-07-04,632073638.0,681482247.0,86.2,82.1,261,358493870.0,173804909.0,149183469.0,8064.0,2,2,11,2,86.1,83.2,41,Delayed,738,697,681482248.0,49408609.0,-4.1,7.82
P2317,Bridge Project 1317,Bridge,North,Jaipur,BuildTech,2023-02-09,2024-06-03,2024-05-27,1117379598.0,1187510289.0,82.8,89.6,605,643667980.0,340217503.0,203624806.0,10226.0,0,3,13,1,84.3,98.1,-7,On Track,473,480,1187510289.0,70130691.0,6.8,6.28
P2318,Power Transmission Project 1318,Power Transmission,West,Pune,MegaBuild,2023-08-17,2024-11-19,2025-02-17,1511288811.0,1551152862.0,93.9,75.9,597,981935230.0,394626165.0,174591466.0,7031.0,1,7,12,3,62.8,95.9,90,Delayed,550,460,1551152861.0,39864051.0,-18.0,2.64
P2319,Building Project 1319,Building,West,Pune,Apex Contractors,2024-07-01,2026-12-07,2027-01-25,552205509.0,583043594.0,92.6,85.3,286,343739157.0,113615546.0,125688891.0,7205.0,1,4,9,0,92.1,90.8,49,Delayed,938,889,583043594.0,30838085.0,-7.3,5.58
P2320,Power Transmission Project 1320,Power Transmission,South,Bengaluru,BuildTech,2025-07-08,2027-12-05,2028-01-16,747177227.0,776685997.0,94.4,84.3,184,380899345.0,226076506.0,169710146.0,4742.0,1,3,12,2,79.5,91.2,42,Delayed,922,880,776685997.0,29508770.0,-10.1,3.95
P2321,Metro Project 1321,Metro,South,Hyderabad,Shakti Engineering,2023-08-11,2025-03-01,2025-06-01,1488956479.0,1634324338.0,96.6,77.7,421,923567221.0,345357337.0,365399780.0,3967.0,1,9,8,2,67.9,93.2,92,Delayed,660,568,1634324338.0,145367859.0,-18.9,9.76
P2322,Water Infrastructure Project 1322,Water Infrastructure,South,Bengaluru,Prime Projects,2023-01-06,2023-11-01,2023-12-17,859557653.0,940997883.0,85.3,74.3,314,520711869.0,265349921.0,154936094.0,1576.0,3,5,14,1,86.6,74.5,46,Delayed,345,299,940997884.0,81440230.0,-11.0,9.47
P2323,Building Project 1323,Building,Central,Indore,BuildTech,2023-11-18,2026-02-16,2026-05-28,773336019.0,883802735.0,93.7,71.7,319,519407791.0,235557758.0,128837186.0,6853.0,3,3,20,4,86.7,73.2,101,Delayed,922,821,883802735.0,110466716.0,-22.0,14.28
P2324,Water Infrastructure Project 1324,Water Infrastructure,South,Chennai,Shakti Engineering,2024-04-12,2025-09-20,2025-11-08,625255526.0,723456664.0,89.0,75.6,305,406841680.0,185835742.0,130779242.0,842.0,2,3,10,1,97.3,88.3,49,Delayed,575,526,723456664.0,98201138.0,-13.4,15.71
P2325,Metro Project 1325,Metro,South,Bengaluru,UrbanWorks,2025-01-01,2027-02-25,2027-04-26,2170859327.0,2494965360.0,93.9,81.1,1185,1337940371.0,620403411.0,536621578.0,8846.0,0,3,10,4,82.6,98.0,60,Delayed,845,785,2494965360.0,324106033.0,-12.8,14.93
P2326,Water Infrastructure Project 1326,Water Infrastructure,Central,Nagpur,MegaBuild,2023-03-16,2024-01-25,2024-04-28,523947101.0,586127321.0,97.3,72.9,182,360406055.0,121653884.0,104067383.0,5108.0,5,5,12,2,79.1,64.7,94,Delayed,409,315,586127322.0,62180220.0,-24.4,11.87
P2327,Building Project 1327,Building,South,Hyderabad,ABC Infra,2023-01-04,2024-08-11,2024-10-18,934581520.0,1050698897.0,90.1,76.5,220,556800286.0,255038069.0,238860542.0,8031.0,0,3,18,4,91.5,100.0,68,Delayed,653,585,1050698897.0,116117377.0,-13.6,12.42
P2328,Water Infrastructure Project 1328,Water Infrastructure,Central,Nagpur,Vertex Infra,2025-04-26,2026-06-30,2026-08-22,619088181.0,652445337.0,87.0,74.5,299,430604917.0,141314767.0,80525653.0,11931.0,0,5,8,1,75.0,100.0,53,Delayed,483,430,652445337.0,33357156.0,-12.5,5.39
P2329,Metro Project 1329,Metro,South,Chennai,Apex Contractors,2024-10-07,2025-10-23,2025-12-01,1221160847.0,1346653644.0,84.6,84.7,512,856461828.0,340367795.0,149824021.0,883.0,0,0,12,3,80.7,100.0,39,Delayed,420,381,1346653644.0,125492797.0,0.1,10.28
P2330,Power Transmission Project 1330,Power Transmission,South,Chennai,ABC Infra,2023-04-28,2024-10-17,2024-10-07,761168801.0,819591804.0,81.0,87.3,217,500419581.0,201540027.0,117632196.0,810.0,0,2,9,2,91.8,95.7,-10,On Track,528,538,819591804.0,58423003.0,6.3,7.68
P2331,Highway Project 1331,Highway,West,Ahmedabad,Apex Contractors,2025-05-30,2026-11-06,2027-02-08,1083517808.0,1135940303.0,95.8,71.1,415,708986150.0,300624230.0,126329923.0,6976.0,3,2,7,2,88.9,75.8,94,Delayed,619,525,1135940303.0,52422495.0,-24.7,4.84
P2332,Power Transmission Project 1332,Power Transmission,North,Delhi,MegaBuild,2024-08-28,2025-05-17,2025-06-20,1738249964.0,1824409687.0,96.1,84.4,808,973926152.0,541004407.0,309479127.0,6971.0,3,2,10,0,95.2,86.7,34,Delayed,296,262,1824409686.0,86159723.0,-11.7,4.96
P2333,Power Transmission Project 1333,Power Transmission,Central,Nagpur,Apex Contractors,2024-05-18,2025-08-22,2025-08-12,978106067.0,951700797.0,94.0,96.3,463,559036427.0,224581590.0,168082780.0,9438.0,0,1,8,0,100.0,100.0,-10,Completed,451,461,951700797.0,-26405270.0,2.3,-2.7
P2334,Power Transmission Project 1334,Power Transmission,West,Ahmedabad,Prime Projects,2025-09-24,2026-12-03,2027-01-30,1657144814.0,1809572670.0,88.8,70.5,637,973673189.0,486540342.0,349359139.0,7995.0,2,4,5,3,84.7,84.7,58,Delayed,493,435,1809572670.0,152427856.0,-18.3,9.2
P2335,Building Project 1335,Building,Central,Indore,BuildTech,2025-08-04,2026-03-12,2026-04-09,903828344.0,955041998.0,93.1,91.0,289,584276400.0,266746723.0,104018875.0,3773.0,1,1,7,1,100.0,89.6,28,Completed,248,220,955041998.0,51213654.0,-2.1,5.67
P2336,Bridge Project 1336,Bridge,West,Mumbai,Prime Projects,2024-07-27,2025-07-25,2025-10-01,616945265.0,681651733.0,91.2,77.7,333,385271148.0,139445517.0,156935068.0,1498.0,1,4,11,4,86.2,94.1,68,Delayed,431,363,681651733.0,64706468.0,-13.5,10.49
P2337,Power Transmission Project 1337,Power Transmission,South,Hyderabad,ABC Infra,2024-03-16,2025-11-15,2026-01-26,648972305.0,704096586.0,85.4,69.9,284,390979135.0,193273417.0,119844035.0,11363.0,1,8,10,4,73.0,94.0,72,Delayed,681,609,704096587.0,55124281.0,-15.5,8.49
P2338,Metro Project 1338,Metro,West,Mumbai,Vertex Infra,2023-07-13,2023-11-21,2024-02-18,1191657585.0,1319291970.0,94.6,74.8,422,803947496.0,279260228.0,236084247.0,4295.0,1,3,6,5,89.6,91.5,89,Delayed,220,131,1319291971.0,127634385.0,-19.8,10.71
P2339,Building Project 1339,Building,North,Jaipur,Shakti Engineering,2025-04-26,2026-04-19,2026-05-17,878373163.0,946523182.0,92.0,87.2,274,575547143.0,235476244.0,135499795.0,4835.0,1,3,12,1,92.5,95.7,28,On Track,386,358,946523182.0,68150019.0,-4.8,7.76
P2340,Water Infrastructure Project 1340,Water Infrastructure,Central,Indore,Vertex Infra,2024-12-15,2026-10-26,2027-02-02,423300192.0,465191615.0,92.9,70.2,195,256515322.0,146435258.0,62241036.0,6171.0,1,3,10,2,89.7,86.3,99,Delayed,779,680,465191616.0,41891423.0,-22.7,9.9
P2341,Water Infrastructure Project 1341,Water Infrastructure,Central,Indore,MegaBuild,2024-01-27,2024-07-06,2024-09-06,527118907.0,583330380.0,91.3,76.6,158,286893008.0,177432333.0,119005039.0,3603.0,0,5,13,3,74.9,99.6,62,Delayed,223,161,583330380.0,56211473.0,-14.7,10.66
P2342,Metro Project 1342,Metro,West,Mumbai,MegaBuild,2023-01-26,2025-04-02,2025-05-15,1983364349.0,2104320579.0,90.5,82.0,548,1067020858.0,482334544.0,554965177.0,2747.0,1,3,15,1,91.7,92.2,43,Delayed,840,797,2104320579.0,120956230.0,-8.5,6.1
P2343,Building Project 1343,Building,Central,Nagpur,Prime Projects,2024-03-10,2026-02-21,2026-03-28,876209740.0,924514430.0,91.4,88.2,345,499802784.0,193043737.0,231667909.0,11776.0,0,4,16,0,82.1,94.6,35,Delayed,748,713,924514430.0,48304690.0,-3.2,5.51
P2344,Power Transmission Project 1344,Power Transmission,North, Delhi,Shakti Engineering,2023-06-22,2024-12-21,2025-03-21,742009780.0,860459647.0,88.9,70.6,234,449875441.0,253143529.0,157440677.0,9708.0,0,8,8,7,77.0,100.0,90,Delayed,638,548,860459647.0,118449867.0,-18.3,15.96
P2345,Highway Project 1345,Highway,Central,Nagpur,Prime Projects,2023-10-27,2024-07-30,2024-10-26,947152894.0,1032889839.0,92.4,70.4,404,485121279.0,295256668.0,252511892.0,8039.0,2,5,10,3,81.6,80.6,88,Delayed,365,277,1032889839.0,85736945.0,-22.0,9.05
P2346,Power Transmission Project 1346,Power Transmission,West,Mumbai,Unknown,2024-10-06,2025-09-06,2025-11-15,1191938220.0,1275825611.0,97.8,80.3,308,731414517.0,346324676.0,198086418.0,7144.0,0,5,10,4,84.1,100.0,70,Delayed,405,335,1275825611.0,83887391.0,-17.5,7.04
P2347,Highway Project 1347,Highway,North,Jaipur,UrbanWorks,2023-11-22,2026-01-19,2026-01-23,1087664282.0,1148102636.0,91.9,92.8,474,578519321.0,229377474.0,340205841.0,1590.0,1,1,9,2,95.7,88.4,4,Completed,793,789,1148102636.0,60438354.0,0.9,5.56
P2348,Metro Project 1348,Metro,Central,Nagpur,Shakti Engineering,2024-02-14,2025-09-17,2025-11-22,2610354070.0,2964252538.0,94.5,77.8,818,1526475111.0,821759356.0,616018071.0,6134.0,3,5,17,3,82.8,74.9,66,Delayed,647,581,2964252538.0,353898468.0,-16.7,13.56
P2349,Highway Project 1349,Highway,West,Pune,UrbanWorks,2023-04-28,2024-01-06,2024-01-17,701903714.0,782877640.0,85.3,82.7,154,478328591.0,163022828.0,141526221.0,7849.0,3,7,5,0,67.7,87.2,11,On Track,264,253,782877640.0,80973926.0,-2.6,11.54
P2350,Highway Project 1350,Highway,Central,Nagpur,Vertex Infra,2025-04-15,2025-10-18,2025-11-18,1366683867.0,1558542544.0,93.3,86.4,357,877893462.0,464819847.0,215829235.0,6987.0,2,7,7,2,73.8,87.3,31,Delayed,217,186,1558542544.0,191858677.0,-6.9,14.04
P2351,Power Transmission Project 1351,Power Transmission,South,Chennai,BuildTech,2025-02-25,2025-07-01,2025-08-22,1443382898.0,1528944297.0,92.0,79.6,762,799212948.0,355746982.0,373984367.0,8993.0,1,2,4,4,86.4,91.4,52,Delayed,178,126,1528944297.0,85561399.0,-12.4,5.93
P2352,Metro Project 1352,Metro,West,Ahmedabad,Apex Contractors,2024-12-24,2026-09-30,2027-01-04,2090624212.0,2475509743.0,94.3,73.9,1058,1233180323.0,634900530.0,607428890.0,11363.0,3,3,12,3,98.5,75.8,96,Delayed,741,645,2475509743.0,384885531.0,-20.4,18.41
P2353,Bridge Project 1353,Bridge,South,Hyderabad,Apex Contractors,2023-08-13,2024-02-21,2024-03-13,989610493.0,1029116745.0,88.3,88.0,294,637009477.0,225914037.0,166193232.0,7728.0,0,2,9,2,91.8,94.8,21,On Track,213,192,1029116746.0,39506252.0,-0.3,3.99
P2354,Metro Project 1354,Metro,Central,Nagpur,UrbanWorks,2024-06-15,2025-11-15,2026-02-04,1805795123.0,1925006124.0,93.9,78.4,861,1222781843.0,471074864.0,231149417.0,686.0,0,3,12,2,87.3,100.0,81,Delayed,599,518,1925006124.0,119211001.0,-15.5,6.6
P2355,Building Project 1355,Building,North,Delhi,ABC Infra,2023-04-23,2024-09-28,2024-10-30,456454274.0,524508853.0,87.1,82.5,192,292012457.0,142505081.0,89991314.0,8903.0,3,7,10,1,76.7,78.7,32,Delayed,556,524,524508852.0,68054579.0,-4.6,14.91
P2356,Building Project 1356,Building,North,Delhi,Vertex Infra,2023-05-20,2025-07-22,2025-08-08,833522147.0,837721222.0,94.6,89.5,450,524053916.0,202454504.0,111212802.0,2306.0,3,3,9,0,88.0,82.8,17,On Track,811,794,837721222.0,4199075.0,-5.1,0.5
P2357,Bridge Project 1357,Bridge,Central,Nagpur,UrbanWorks,2024-07-12,2026-06-09,2026-08-01,845354653.0,934133814.0,94.8,83.8,290,533006990.0,274629189.0,126497634.0,5513.0,3,4,11,2,81.6,81.8,53,Delayed,750,697,934133813.0,88779161.0,-11.0,10.5
P2358,Metro Project 1358,Metro,South,Bengaluru,BuildTech,2023-01-01,2023-09-07,2023-10-13,2255962105.0,2507905017.0,85.6,79.6,1003,1278613131.0,705768383.0,523523503.0,2447.0,5,4,9,3,78.6,61.8,36,Delayed,285,249,2507905017.0,251942912.0,-6.0,11.17
P2359,Power Transmission Project 1359,Power Transmission,Central,Indore,UrbanWorks,2023-03-31,2024-11-05,2025-01-15,1013978525.0,1051593909.0,91.5,75.9,244,493675794.0,207566771.0,350351343.0,4168.0,2,7,8,1,73.4,89.2,71,Delayed,656,585,1051593908.0,37615384.0,-15.6,3.71
P2360,Bridge Project 1360,Bridge,Central,Nagpur,MegaBuild,2024-10-15,2025-09-05,2025-09-18,1160664926.0,1157751802.0,89.1,83.9,407,563374403.0,295004016.0,299373383.0,9830.0,0,1,9,1,98.2,100.0,13,On Track,338,325,1157751802.0,-2913124.0,-5.2,-0.25
P2361,Building Project 1361,Building,Central,Indore,Prime Projects,2023-11-16,2026-04-21,2026-05-23,777469456.0,880162988.0,91.9,86.8,418,528219634.0,235084993.0,116858360.0,6337.0,2,4,4,2,87.0,87.8,32,Delayed,919,887,880162987.0,102693532.0,-5.1,13.21
P2363,Power Transmission Project 1363,Power Transmission,West,Mumbai,MegaBuild,2025-03-15,2026-12-31,2027-03-03,1149262829.0,1289281522.0,89.1,71.0,362,762986713.0,294677244.0,231617565.0,652.0,3,5,13,0,84.7,86.3,62,Delayed,718,656,1289281522.0,140018693.0,-18.1,12.18
P2364,Bridge Project 1364,Bridge,West,Pune,MegaBuild,2025-06-12,2026-06-19,2026-07-12,1036493745.0,1048006623.0,87.7,82.6,269,602898732.0,212027369.0,233080522.0,5264.0,0,0,9,1,92.2,95.0,23,On Track,395,372,1048006623.0,11512878.0,-5.1,1.11
P2365,Building Project 1365,Building,Central,Nagpur,BuildTech,2023-05-19,2024-06-30,2024-07-22,925306212.0,1012295160.0,95.8,89.4,418,523855089.0,237548642.0,250891429.0,3488.0,1,1,10,3,100.0,87.0,22,On Track,430,408,1012295160.0,86988948.0,-6.4,9.4
P2366,Metro Project 1366,Metro,North,Delhi,Prime Projects,2024-05-25,2025-03-04,2025-05-04,1969302164.0,2286164525.0,87.0,76.8,852,1208761539.0,541059394.0,536343592.0,1602.0,0,2,12,2,92.3,97.6,61,Delayed,344,283,2286164525.0,316862361.0,-10.2,16.09
P2367,Power Transmission Project 1367,Power Transmission,South,Bengaluru,Prime Projects,2025-05-17,2025-12-17,2026-01-29,1687644561.0,1744715278.0,87.8,76.1,579,876634861.0,536764715.0,331315702.0,8049.0,0,1,11,0,100.0,99.1,43,Delayed,257,214,1744715278.0,57070717.0,-11.7,3.38
P2368,Metro Project 1368,Metro,North,Jaipur,Shakti Engineering,2025-04-24,2025-12-09,2025-12-29,1519983506.0,1628533767.0,85.0,83.0,811,1005946313.0,438071959.0,184515494.0,1146.0,0,4,13,1,84.2,100.0,20,On Track,249,229,1628533766.0,108550261.0,-2.0,7.14
P2369,Water Infrastructure Project 1369,Water Infrastructure,Central,Indore,Vertex Infra,2023-09-16,2024-12-14,2025-02-24,550912212.0,616826004.0,93.4,80.7,125,392015990.0,153668987.0,71141027.0,7821.0,0,2,4,7,88.0,97.4,72,Delayed,527,455,616826004.0,65913792.0,-12.7,11.96
P2370,Bridge Project 1370,Bridge,West,Ahmedabad,ABC Infra,2024-11-03,2025-10-26,2025-11-25,1153842451.0,1208680367.0,94.1,87.6,369,668025840.0,323655792.0,216998735.0,9017.0,1,1,13,0,95.1,89.0,30,On Track,387,357,1208680367.0,54837916.0,-6.5,4.75
P2371,Metro Project 1371,Metro,Central,Indore,Vertex Infra,2025-06-20,2026-11-02,2026-11-18,2764588299.0,2850631257.0,91.6,86.7,1448,1403928370.0,781788415.0,664914471.0,2824.0,2,3,6,0,91.0,85.6,16,On Track,516,500,2850631256.0,86042958.0,-4.9,3.11
P2372,Power Transmission Project 1372,Power Transmission,South,Chennai,BuildTech,2024-11-20,2026-05-29,2026-06-25,1434712450.0,1548274828.0,86.9,77.2,467,799843990.0,377360006.0,371070832.0,2178.0,4,2,13,0,88.4,74.6,27,On Track,582,555,1548274828.0,113562378.0,-9.7,7.92
P2373,Metro Project 1373,Metro,South,Hyderabad,ABC Infra,2023-01-10,2024-09-03,2024-09-01,2690781483.0,3030111974.0,83.2,87.7,815,1909694012.0,592007064.0,528410898.0,4405.0,2,2,10,0,100.0,80.1,-2,On Track,600,602,3030111974.0,339330491.0,4.5,12.61
P2374,Power Transmission Project 1374,Power Transmission,Central,Nagpur,Shakti Engineering,2023-09-18,2024-02-09,2024-05-09,712415653.0,802738625.0,92.2,72.3,282,424317200.0,230744118.0,147677306.0,3930.0,3,4,6,5,84.3,82.5,90,Delayed,234,144,802738624.0,90322972.0,-19.9,12.68
P2375,Power Transmission Project 1375,Power Transmission,West,Pune,UrbanWorks,2025-07-07,2027-08-18,2027-10-25,1651643921.0,1908543073.0,93.6,78.2,812,944564851.0,394100127.0,569878094.0,7970.0,2,5,9,3,84.2,81.5,68,Delayed,840,772,1908543072.0,256899152.0,-15.4,15.55
P2376,Power Transmission Project 1376,Power Transmission,West,Ahmedabad,MegaBuild,2024-10-11,2025-06-04,2025-07-17,992950087.0,1212339924.0,88.0,80.2,252,711280701.0,356685868.0,144373355.0,6967.0,4,1,14,3,93.5,69.9,43,Delayed,279,236,1212339924.0,219389837.0,-7.8,22.09
P2377,Highway Project 1377,Highway,North,Delhi,ABC Infra,2023-06-21,2025-02-11,2025-04-19,708856430.0,752490235.0,90.3,77.6,376,386367581.0,170149745.0,195972909.0,3119.0,4,1,12,2,100.0,72.7,67,Delayed,668,601,752490235.0,43633805.0,-12.7,6.16
P2378,Power Transmission Project 1378,Power Transmission,North,Delhi,Vertex Infra,2025-06-16,2026-11-09,2026-12-12,894637502.0,998425322.0,83.7,81.7,431,630957402.0,257389611.0,110078309.0,6279.0,1,4,8,3,86.3,83.2,33,Delayed,544,511,998425322.0,103787820.0,-2.0,11.6
P2379,Bridge Project 1379,Bridge,North,Delhi,MegaBuild,2023-01-13,2024-10-30,2024-11-18,757324019.0,785743684.0,86.8,84.2,211,441384434.0,210397397.0,133961853.0,11399.0,0,5,12,2,83.2,98.1,19,On Track,675,656,785743684.0,28419665.0,-2.6,3.75
P2380,Power Transmission Project 1380,Power Transmission,North,Jaipur,BuildTech,2023-06-17,2024-01-01,2024-02-16,908942326.0,960364310.0,91.5,84.6,413,604650914.0,182616235.0,173097160.0,11569.0,1,4,9,0,79.5,90.7,46,Delayed,244,198,960364309.0,51421984.0,-6.9,5.66
P2381,Building Project 1381,Building,South,Chennai,Vertex Infra,2024-10-03,2026-09-02,2026-10-18,586705824.0,681635318.0,89.6,82.3,203,423110402.0,161633591.0,96891325.0,8377.0,1,2,20,0,96.0,91.0,46,Delayed,745,699,681635318.0,94929494.0,-7.3,16.18
P2382,Power Transmission Project 1382,Power Transmission,North,Delhi,UrbanWorks,2024-08-18,2025-06-06,2025-07-05,768323968.0,843295662.0,90.8,86.8,271,492855572.0,211988679.0,138451411.0,9550.0,2,3,4,1,89.1,84.8,29,On Track,321,292,843295662.0,74971694.0,-4.0,9.76
P2383,Building Project 1383,Building,North,Delhi,BuildTech,2023-11-17,2024-03-27,2024-05-26,569266387.0,635504066.0,94.6,82.1,272,387081925.0,178407473.0,70014668.0,2789.0,0,7,12,3,71.6,100.0,60,Delayed,191,131,635504066.0,66237679.0,-12.5,11.64
P2384,Building Project 1384,Building,Central,Nagpur,Apex Contractors,2023-11-15,2024-07-19,2024-09-01,766682927.0,797726368.0,85.0,80.7,412,459597797.0,215023413.0,123105158.0,5988.0,1,2,11,3,92.1,90.0,44,Delayed,291,247,797726368.0,31043441.0,-4.3,4.05
P2385,Highway Project 1385,Highway,South,Chennai,UrbanWorks,2024-09-04,2026-09-01,2026-10-18,984237125.0,1033645643.0,90.8,82.0,257,491728684.0,302669371.0,239247588.0,3564.0,0,6,8,1,76.2,99.6,47,Delayed,774,727,1033645643.0,49408518.0,-8.8,5.02
P2386,Power Transmission Project 1386,Power Transmission,South,Bengaluru,UrbanWorks,2023-11-25,2024-06-23,2024-08-21,1024529701.0,1110877492.0,87.3,74.3,367,621413022.0,229457335.0,260007135.0,6323.0,1,9,9,3,63.7,100.0,59,Delayed,270,211,1110877492.0,86347791.0,-13.0,8.43
P2387,Bridge Project 1387,Bridge,South,Bengaluru,MegaBuild,2025-02-23,2027-04-06,2027-05-21,1028323006.0,1063707268.0,89.3,81.7,389,542639509.0,211290108.0,309777652.0,2593.0,0,4,7,2,84.0,100.0,45,Delayed,817,772,1063707269.0,35384262.0,-7.6,3.44
P2388,Building Project 1388,Building,South,Chennai,BuildTech,2025-02-15,2026-12-09,2027-03-11,996359630.0,1126635884.0,91.2,72.6,342,619738202.0,305573867.0,201323816.0,974.0,1,4,12,3,72.1,88.4,92,Delayed,754,662,1126635885.0,130276254.0,-18.6,13.08
P2389,Power Transmission Project 1389,Power Transmission,South,Hyderabad,BuildTech,2025-08-28,2027-06-10,2027-06-25,1520714960.0,1679465453.0,84.9,88.0,516,928738460.0,393505231.0,357221762.0,10370.0,1,2,11,2,100.0,89.5,15,On Track,666,651,1679465453.0,158750493.0,3.1,10.44
P2390,Building Project 1390,Building,North,Jaipur,ABC Infra,2025-06-29,2027-08-15,2027-09-30,594880502.0,640273967.0,87.4,73.1,141,314962108.0,156005573.0,169306285.0,6557.0,1,3,13,2,92.0,97.2,46,Delayed,823,777,640273966.0,45393465.0,-14.3,7.63
P2391,Metro Project 1391,Metro,West,Ahmedabad,Vertex Infra,2025-07-08,2027-01-25,2027-02-18,2463995492.0,2604303443.0,88.3,88.8,1099,1243820402.0,676380351.0,684102690.0,1311.0,0,4,11,2,84.2,100.0,24,On Track,590,566,2604303443.0,140307951.0,0.5,5.69
P2392,Building Project 1392,Building,Central,Indore,Apex Contractors,2024-07-03,2025-11-24,2026-01-19,466165830.0,518259544.0,91.6,76.8,169,,163040437.0,86850856.0,9285.0,2,3,4,2,82.4,88.5,56,Delayed,565,509,249891293.0,52093714.0,-14.8,11.17
P2393,Bridge Project 1393,Bridge,Central,Nagpur,BuildTech,2024-02-23,2026-04-24,2026-06-11,520012340.0,596236482.0,94.4,79.0,147,388793780.0,123308971.0,84133731.0,532.0,1,2,14,2,87.2,87.2,48,Delayed,839,791,596236482.0,76224142.0,-15.4,14.66
P2394,Bridge Project 1394,Bridge,West,Mumbai,ABC Infra,2024-08-28,2025-02-06,2025-02-07,697642306.0,762072306.0,83.3,89.2,341,467469690.0,156322094.0,138280521.0,3327.0,0,1,9,1,90.8,100.0,1,On Track,163,162,762072305.0,64430000.0,5.9,9.24
P2395,Highway Project 1395,Highway,South,Bengaluru,Apex Contractors,2023-04-05,2024-04-12,2024-04-02,1366548976.0,1457526037.0,87.3,98.1,662,886441717.0,409272579.0,161811741.0,3909.0,0,4,4,1,84.2,100.0,-10,Completed,363,373,1457526037.0,90977061.0,10.8,6.66
P2396,Metro Project 1396,Metro,South,Chennai,Prime Projects,2025-03-27,2025-12-01,2025-11-30,1477769530.0,1616360601.0,89.4,93.1,562,869011207.0,322086533.0,425262860.0,2473.0,1,3,8,0,81.8,92.7,-1,Completed,248,249,1616360600.0,138591071.0,3.7,9.38
P2397,Metro Project 1397,Metro,West,Ahmedabad,Prime Projects,2024-08-03,2025-01-29,2025-02-18,1115241750.0,1250549140.0,89.4,85.5,355,656251610.0,308281747.0,286015783.0,3684.0,1,4,7,2,87.0,98.8,20,On Track,199,179,1250549140.0,135307390.0,-3.9,12.13
P2398,Water Infrastructure Project 1398,Water Infrastructure,South,Chennai,Apex Contractors,2023-11-14,2026-01-04,2026-03-12,382184269.0,416087795.0,91.7,80.1,164,206509211.0,119941949.0,89636636.0,2628.0,1,4,7,2,79.4,92.7,67,Delayed,849,782,416087796.0,33903526.0,-11.6,8.87
P2399,Highway Project 1399,Highway,Central,Indore,Prime Projects,2025-08-13,2027-03-22,2027-04-14,1419888492.0,1542384696.0,85.0,84.5,447,879717336.0,336445819.0,326221541.0,1097.0,2,4,9,1,83.1,90.2,23,On Track,609,586,1542384696.0,122496204.0,-0.5,8.63
P2400,Bridge Project 1400,Bridge,West,Ahmedabad,Shakti Engineering,2023-08-24,2024-10-03,2024-11-10,935371210.0,983342019.0,89.2,83.6,278,554494240.0,217449698.0,211398081.0,7421.0,1,4,8,1,83.0,96.4,38,Delayed,444,406,983342019.0,47970809.0,-5.6,5.13
P2401,Power Transmission Project 1401,Power Transmission,South,Bengaluru,BuildTech,2025-08-03,2027-05-01,2027-05-28,911373408.0,998268240.0,88.4,86.6,420,644296966.0,233899544.0,120071730.0,3984.0,1,4,9,0,90.6,95.1,27,On Track,663,636,998268240.0,86894832.0,-1.8,9.53
P2402,Highway Project 1402,Highway,North,Delhi,Shakti Engineering,2023-11-30,2025-07-08,2025-09-20,1102784137.0,1188093228.0,92.9,80.2,257,730839342.0,255540235.0,201713652.0,4787.0,0,5,12,2,88.9,100.0,74,Delayed,660,586,1188093229.0,85309091.0,-12.7,7.74
P2403,Building Project 1403,Building,South,Chennai,Vertex Infra,2025-06-03,2027-11-17,2027-11-29,734719430.0,754947221.0,90.3,91.2,184,374758561.0,201176193.0,179012466.0,7990.0,2,1,9,1,97.5,88.3,12,Completed,909,897,754947220.0,20227791.0,0.9,2.75
P2404,Power Transmission Project 1404,Power Transmission,West,Mumbai,BuildTech,2024-01-11,2025-04-19,2025-05-28,1398077534.0,1482264625.0,88.2,80.8,310,959351189.0,315410598.0,207502838.0,2889.0,0,6,10,3,76.5,99.6,39,Delayed,503,464,1482264625.0,84187091.0,-7.4,6.02
P2405,Power Transmission Project 1405,Power Transmission,South,Bengaluru,ABC Infra,2024-04-03,2026-05-04,2026-06-27,887156941.0,946228431.0,94.9,80.3,239,592188609.0,210023523.0,144016300.0,5001.0,1,2,14,1,97.6,88.0,54,Delayed,815,761,946228432.0,59071490.0,-14.6,6.66
P2406,Water Infrastructure Project 1406,Water Infrastructure,West,Pune,Shakti Engineering,2023-05-17,2024-09-29,2024-12-28,825463807.0,888684621.0,87.9,65.6,200,520335010.0,221159260.0,147190352.0,9000.0,2,2,8,5,87.4,82.5,90,Delayed,591,501,888684622.0,63220814.0,-22.3,7.66
P2407,Water Infrastructure Project 1407,Water Infrastructure,West,Mumbai,Shakti Engineering,2025-07-18,2028-01-02,2028-03-16,489667980.0,589505763.0,86.8,75.4,268,298652069.0,175209953.0,115643742.0,7967.0,0,5,12,3,84.1,93.9,74,Delayed,972,898,589505764.0,99837783.0,-11.4,20.39
P2408,Power Transmission Project 1408,Power Transmission,South,Hyderabad,Vertex Infra,2024-08-10,2026-10-28,2026-12-11,1444899301.0,1586644596.0,92.4,83.5,455,967570440.0,447769709.0,171304447.0,6714.0,2,4,7,1,81.1,86.3,44,Delayed,853,809,1586644596.0,141745295.0,-8.9,9.81
P2409,Bridge Project 1409,Bridge,North,Jaipur,Shakti Engineering,2025-09-21,2026-09-28,2026-11-29,425802833.0,466190844.0,88.1,77.3,114,260159823.0,134558743.0,71472279.0,1763.0,1,6,22,3,77.5,93.3,62,Delayed,434,372,466190845.0,40388011.0,-10.8,9.49
P2410,Power Transmission Project 1410,Power Transmission,South,Bengaluru,UrbanWorks,2024-06-30,2024-12-22,2025-02-20,1055915127.0,1157771758.0,90.3,77.3,316,600819758.0,286636355.0,270315645.0,11854.0,1,7,12,1,68.1,92.2,60,Delayed,235,175,1157771758.0,101856631.0,-13.0,9.65
P2411,Highway Project 1411,Highway,North,Delhi,ABC Infra,2024-05-27,2025-12-30,2026-03-23,890036760.0,1017785779.0,96.9,82.1,470,602388624.0,229322414.0,186074741.0,3410.0,3,3,7,4,94.0,85.1,83,Delayed,665,582,1017785779.0,127749019.0,-14.8,14.35
P2412,Power Transmission Project 1412,Power Transmission,South,Bengaluru,Prime Projects,2023-10-23,2025-05-21,2025-06-16,1262616159.0,1344322165.0,88.0,85.2,494,678108723.0,359427730.0,306785712.0,1347.0,1,0,10,1,100.0,88.9,26,On Track,602,576,1344322165.0,81706006.0,-2.8,6.47
P2413,Bridge Project 1413,Bridge,Central,Indore,ABC Infra,2023-11-16,2024-06-05,2024-07-25,472507416.0,494756944.0,86.1,79.1,160,319894742.0,118264750.0,56597452.0,5171.0,2,5,10,1,77.3,87.5,50,Delayed,252,202,494756944.0,22249528.0,-7.0,4.71
P2414,Building Project 1414,Building,West,Ahmedabad,UrbanWorks,2025-07-06,2026-02-09,2026-05-15,922443932.0,1067455843.0,89.1,71.0,468,657000098.0,292437779.0,118017966.0,5589.0,0,10,12,7,55.7,100.0,95,Delayed,313,218,1067455843.0,145011911.0,-18.1,15.72
P2415,Metro Project 1415,Metro,South,Chennai,Vertex Infra,2024-07-25,2025-04-19,2025-06-20,1421205987.0,1541319054.0,88.8,74.9,497,880714310.0,305727701.0,354877043.0,4735.0,1,9,7,1,62.4,91.3,62,Delayed,330,268,1541319054.0,120113067.0,-13.9,8.45
P2416,Water Infrastructure Project 1416,Water Infrastructure,West,Ahmedabad,Vertex Infra,2025-04-11,2026-07-03,2026-08-27,712107878.0,765170801.0,93.1,81.1,235,378986404.0,187559519.0,198624878.0,8660.0,0,5,9,3,84.4,100.0,55,Delayed,503,448,765170801.0,53062923.0,-12.0,7.45
P2417,Highway Project 1417,Highway,West,Ahmedabad,BuildTech,2023-12-15,2024-09-15,2024-10-15,1361856669.0,1410821953.0,84.5,84.8,392,785990755.0,320626409.0,304204788.0,1861.0,1,5,12,0,76.6,96.0,30,On Track,305,275,1410821952.0,48965284.0,0.3,3.6
P2418,Power Transmission Project 1418,Power Transmission,South,Bengaluru,ABC Infra,2025-04-19,2026-02-22,2026-04-06,1284871117.0,1401949579.0,100.0,88.5,442,687576971.0,301922880.0,412449728.0,8159.0,1,3,7,0,85.2,91.4,43,Delayed,352,309,1401949579.0,117078462.0,-11.5,9.11
P2419,Power Transmission Project 1419,Power Transmission,Central,Indore,Apex Contractors,2025-02-17,2026-10-23,2026-10-13,1501468680.0,1620148144.0,87.1,92.9,487,818331651.0,417285564.0,384530929.0,7105.0,1,2,4,1,97.7,91.3,-10,Completed,603,613,1620148144.0,118679464.0,5.8,7.9
P2420,Metro Project 1420,Metro,South,Chennai,Apex Contractors,2025-05-22,2026-06-08,2026-06-23,2300483418.0,2539798519.0,92.1,86.3,1020,1454501619.0,689863500.0,395433400.0,8112.0,3,5,15,0,77.8,69.8,15,On Track,397,382,2539798519.0,239315101.0,-5.8,10.4
P2421,Power Transmission Project 1421,Power Transmission,South,Chennai,Vertex Infra,2023-08-17,2024-03-03,2024-06-01,1035191055.0,1061800397.0,93.7,75.6,326,505101198.0,207234594.0,349464605.0,6586.0,3,4,11,2,83.3,78.0,90,Delayed,289,199,1061800397.0,26609342.0,-18.1,2.57
P2422,Power Transmission Project 1422,Power Transmission,West,Ahmedabad,Shakti Engineering,2023-09-27,2025-02-27,2025-05-21,1583718832.0,1699089645.0,90.8,74.1,650,1015978610.0,495839263.0,187271772.0,8143.0,2,4,6,2,83.5,83.9,83,Delayed,602,519,1699089645.0,115370813.0,-16.7,7.28
P2423,Building Project 1423,Building,South,Hyderabad,Vertex Infra,2025-04-07,2027-09-07,2027-11-08,568211479.0,645427994.0,92.5,70.9,137,324344564.0,148115476.0,172967955.0,11664.0,2,3,8,2,94.9,76.7,62,Delayed,945,883,645427995.0,77216515.0,-21.6,13.59
P2424,Bridge Project 1424,Bridge,North,Jaipur,Vertex Infra,2025-03-08,2027-03-06,2027-06-12,883750657.0,999631558.0,90.3,70.3,250,606750139.0,284272868.0,108608550.0,874.0,1,2,18,5,87.9,91.6,98,Delayed,826,728,999631557.0,115880901.0,-20.0,13.11
P2425,Metro Project 1425,Metro,Central,Indore,Vertex Infra,2023-10-18,2024-10-31,2025-01-09,2465887524.0,2564900696.0,92.5,78.6,874,1260131836.0,679426192.0,625342667.0,10234.0,2,3,9,2,90.7,84.3,70,Delayed,449,379,2564900695.0,99013172.0,-13.9,4.02
P2426,Metro Project 1426,Metro,South,Hyderabad,Vertex Infra,2024-12-25,2027-06-04,2027-07-23,1740332701.0,1999428126.0,88.3,79.9,920,1109973840.0,516947450.0,372506836.0,4316.0,1,6,9,1,79.2,100.0,49,Delayed,940,891,1999428126.0,259095425.0,-8.4,14.89
P2427,Metro Project 1427,Metro,Central,Nagpur,Apex Contractors,2023-06-14,2025-06-17,2025-09-10,1589479863.0,1630210629.0,87.4,68.3,547,974678561.0,476450173.0,179081895.0,10850.0,0,8,12,3,65.7,87.5,85,Delayed,819,734,1630210629.0,40730766.0,-19.1,2.56
P2428,Power Transmission Project 1428,Power Transmission,Central,Nagpur,Apex Contractors,2023-01-05,2024-11-06,2024-11-26,1160808672.0,1284901512.0,82.9,80.6,509,640117526.0,352456287.0,292327699.0,7527.0,3,2,11,3,93.1,78.2,20,On Track,691,671,1284901512.0,124092840.0,-2.3,10.69
P2429,Highway Project 1429,Highway,West,Mumbai,Prime Projects,2025-04-30,2025-12-06,2026-03-15,1377271852.0,1593818958.0,91.7,70.2,418,955463106.0,329718225.0,308637627.0,4324.0,2,2,17,2,99.2,89.0,99,Delayed,319,220,1593818958.0,216547106.0,-21.5,15.72
P2430,Power Transmission Project 1430,Power Transmission,West,Ahmedabad,Prime Projects,2024-01-14,2025-05-06,2025-06-16,1730205333.0,1751792039.0,88.6,83.4,453,1047631921.0,333703393.0,370456725.0,9022.0,1,2,9,2,84.4,92.1,41,Delayed,519,478,1751792039.0,21586706.0,-5.2,1.25
P2431,Metro Project 1431,Metro,South,Chennai,BuildTech,2023-03-19,2024-07-30,2024-09-27,2069265157.0,2187926224.0,91.5,80.4,495,1313402985.0,505326973.0,369196266.0,1290.0,1,4,13,1,82.9,90.1,59,Delayed,558,499,2187926224.0,118661067.0,-11.1,5.73
P2432,Building Project 1432,Building,South,Bengaluru,Vertex Infra,2024-02-14,2025-01-19,2025-02-28,830448337.0,835647048.0,88.7,84.6,266,459432981.0,210229454.0,165984613.0,2420.0,0,3,10,1,88.1,96.3,40,Delayed,380,340,835647048.0,5198711.0,-4.1,0.63
P2433,Power Transmission Project 1433,Power Transmission,South,Chennai,Apex Contractors,2024-07-27,2026-01-17,2026-05-01,1697961083.0,1931708964.0,95.0,75.5,461,1148986426.0,512180005.0,270542533.0,5264.0,0,4,14,2,84.2,100.0,104,Delayed,643,539,1931708964.0,233747881.0,-19.5,13.77
P2434,Power Transmission Project 1434,Power Transmission,South,Chennai,ABC Infra,2023-05-12,2024-01-10,2024-02-25,724241690.0,765331355.0,89.3,80.6,200,436887104.0,198158253.0,130285998.0,2741.0,1,5,10,2,79.9,99.2,46,Delayed,289,243,765331355.0,41089665.0,-8.7,5.67
P2435,Metro Project 1435,Metro,North,Delhi,UrbanWorks,2024-08-23,2026-02-15,2026-04-23,1449515584.0,1665157003.0,87.5,74.5,682,999981336.0,391247198.0,273928468.0,6177.0,1,6,15,3,75.5,92.7,67,Delayed,608,541,1665157002.0,215641419.0,-13.0,14.88
P2436,Bridge Project 1436,Bridge,South,Chennai,BuildTech,2025-01-18,2026-01-03,2026-02-14,997342505.0,1177118682.0,88.4,83.3,224,741112182.0,301519443.0,134487057.0,11020.0,2,5,4,5,74.3,87.7,42,Delayed,392,350,1177118682.0,179776177.0,-5.1,18.03
P2437,Bridge Project 1437,Bridge,West,Mumbai,Apex Contractors,2023-02-11,2025-04-30,2025-06-18,1092089181.0,1147236832.0,92.0,79.8,441,590034097.0,302113628.0,255089108.0,2820.0,3,5,8,2,72.1,82.1,49,Delayed,858,809,1147236833.0,55147651.0,-12.2,5.05
P2438,Highway Project 1438,Highway,South,Hyderabad,ABC Infra,2023-03-30,2023-09-28,2023-12-26,1418095335.0,1419054377.0,100.0,79.3,489,714246955.0,345837928.0,358969494.0,4708.0,0,5,10,0,81.4,100.0,89,Delayed,271,182,1419054377.0,959042.0,-20.7,0.07
P2439,Metro Project 1439,Metro,Central,Nagpur,Vertex Infra,2024-02-06,2025-10-02,2025-12-12,1811912210.0,2028918842.0,95.5,84.0,701,1084116549.0,537517069.0,407285224.0,9953.0,2,4,7,3,80.6,87.4,71,Delayed,675,604,2028918842.0,217006632.0,-11.5,11.98
P2440,Bridge Project 1440,Bridge,South,Chennai,MegaBuild,2023-10-23,2025-11-08,2025-12-24,486205419.0,541985128.0,85.2,80.8,197,267725679.0,135519409.0,138740040.0,1251.0,1,3,14,2,84.9,93.9,46,Delayed,793,747,541985128.0,55779709.0,-4.4,11.47
P2441,Bridge Project 1441,Bridge,South,Chennai,Vertex Infra,2025-04-19,2027-07-20,2027-09-09,773669719.0,830441438.0,90.9,83.8,250,461007198.0,216864515.0,152569725.0,1264.0,2,4,4,1,80.6,87.8,51,Delayed,873,822,830441438.0,56771719.0,-7.1,7.34
P2442,Water Infrastructure Project 1442,Water Infrastructure,North,Delhi,Prime Projects,2023-10-22,2025-09-14,2025-10-31,442094427.0,487154190.0,86.9,80.8,140,269440018.0,146706260.0,71007912.0,2434.0,1,7,13,2,65.6,87.2,47,Delayed,740,693,487154190.0,45059763.0,-6.1,10.19
P2443,Bridge Project 1443,Bridge,Central,Indore,UrbanWorks,2024-09-07,2027-02-11,2027-05-03,652737075.0,760369284.0,88.4,72.8,301,413422554.0,173014620.0,173932110.0,4754.0,1,3,14,4,83.7,91.9,81,Delayed,968,887,760369284.0,107632209.0,-15.6,16.49
P2444,Bridge Project 1444,Bridge,South,Bengaluru,Apex Contractors,2024-06-09,2026-02-01,2026-04-01,1049620734.0,1128448901.0,88.8,77.0,532,594443699.0,316901034.0,217104168.0,9186.0,3,5,14,0,77.9,77.9,59,Delayed,661,602,1128448901.0,78828167.0,-11.8,7.51
P2445,Bridge Project 1445,Bridge,Central,Indore,Apex Contractors,2025-03-10,2026-12-08,2027-01-12,474809846.0,527540649.0,89.7,80.8,134,343222844.0,123580589.0,60737216.0,2544.0,0,4,10,0,87.2,98.3,35,Delayed,673,638,527540649.0,52730803.0,-8.9,11.11
P2446,Water Infrastructure Project 1446,Water Infrastructure,South,Bengaluru,Shakti Engineering,2024-11-21,2025-08-22,2025-10-24,803186637.0,848604584.0,93.5,76.5,202,441527640.0,192675210.0,214401733.0,3103.0,0,4,12,2,82.5,100.0,63,Delayed,337,274,848604583.0,45417947.0,-17.0,5.65
P2447,Power Transmission Project 1447,Power Transmission,North,Jaipur,UrbanWorks,2024-09-28,2025-04-27,2025-06-29,1122479594.0,1350682647.0,89.0,77.7,579,817610396.0,386085617.0,146986634.0,4211.0,2,2,13,4,97.2,81.9,63,Delayed,274,211,1350682647.0,228203053.0,-11.3,20.33
P2448,Building Project 1448,Building,South,Chennai,Shakti Engineering,2024-02-26,2025-12-02,2026-01-31,783685711.0,809708520.0,90.7,75.3,262,455551974.0,222462636.0,131693910.0,11516.0,0,4,12,1,81.7,87.0,60,Delayed,705,645,809708520.0,26022809.0,-15.4,3.32
P2449,Power Transmission Project 1449,Power Transmission,North,Delhi,UrbanWorks,2025-05-14,2026-12-09,2027-02-13,713479200.0,823330153.0,90.0,85.2,286,485715099.0,238719878.0,98895175.0,1708.0,0,6,7,4,74.4,100.0,66,Delayed,640,574,823330152.0,109850953.0,-4.8,15.4
P2450,Metro Project 1450,Metro,West,Pune,Prime Projects,2023-01-23,2025-06-01,2025-07-01,1657970975.0,1763818509.0,87.2,81.6,561,848623176.0,522378898.0,392816436.0,5537.0,0,3,5,5,95.2,100.0,30,On Track,890,860,1763818510.0,105847534.0,-5.6,6.38
P2451,Building Project 1451,Building,West,Ahmedabad,Shakti Engineering,2024-07-28,2026-07-15,2026-09-10,421636157.0,481957011.0,87.8,77.6,110,269286828.0,90278927.0,122391255.0,4893.0,2,4,7,4,86.3,88.2,57,Delayed,774,717,481957010.0,60320854.0,-10.2,14.31
P2452,Metro Project 1452,Metro,Central,Nagpur,ABC Infra,2023-05-23,2025-06-25,2025-07-12,2893856571.0,3141550192.0,87.6,89.7,1199,1913288830.0,894780162.0,333481199.0,11470.0,1,7,8,1,75.7,91.8,17,On Track,781,764,3141550191.0,247693621.0,2.1,8.56
P2453,Bridge Project 1453,Bridge,South,Hyderabad,Shakti Engineering,2025-09-19,2027-06-10,2027-08-17,1078490861.0,1176327026.0,92.7,74.7,424,704939589.0,241075693.0,230311744.0,8351.0,0,4,12,2,80.5,100.0,68,Delayed,697,629,1176327026.0,97836165.0,-18.0,9.07
P2454,Water Infrastructure Project 1454,Water Infrastructure,Central,Nagpur,BuildTech,2024-10-26,2025-08-24,2025-09-03,580577816.0,636214356.0,88.5,87.6,166,394894808.0,126826488.0,114493059.0,8953.0,2,4,9,0,85.5,88.1,10,On Track,312,302,636214355.0,55636540.0,-0.9,9.58
P2455,Power Transmission Project 1455,Power Transmission,South,Hyderabad,ABC Infra,2023-05-25,2024-10-11,2024-12-12,875559083.0,944236925.0,97.1,82.9,323,483627255.0,258461309.0,202148361.0,7963.0,0,4,12,1,91.1,97.7,62,Delayed,567,505,944236925.0,68677842.0,-14.2,7.84
P2456,Highway Project 1456,Highway,North,Jaipur,BuildTech,2023-08-13,2025-07-06,2025-08-01,1497960585.0,1616468887.0,86.9,79.9,723,1034296597.0,386933281.0,195239009.0,10109.0,0,6,6,1,73.8,98.4,26,On Track,719,693,1616468887.0,118508302.0,-7.0,7.91
P2457,Building Project 1457,Building,Central,Indore,Vertex Infra,2024-05-17,2026-09-14,2026-11-18,603886566.0,601216735.0,86.9,72.2,250,316340031.0,173901253.0,110975451.0,7413.0,0,5,8,1,79.0,95.1,65,Delayed,915,850,601216735.0,-2669831.0,-14.7,-0.44
P2458,Building Project 1458,Building,West,Mumbai,UrbanWorks,2025-08-19,2027-01-25,2027-01-26,472603869.0,521633286.0,85.7,94.5,119,288365210.0,130068600.0,103199476.0,8442.0,0,2,12,0,91.4,99.4,1,Completed,525,524,521633286.0,49029417.0,8.8,10.37
P2459,Highway Project 1459,Highway,South,Chennai,ABC Infra,2025-08-31,2026-08-31,2026-10-17,1111006786.0,1272391677.0,89.6,80.2,445,625078706.0,289727063.0,357585907.0,6677.0,0,1,7,4,100.0,100.0,47,Delayed,412,365,1272391676.0,161384891.0,-9.4,14.53
P2460,Metro Project 1460,Metro,West,Pune,UrbanWorks,2025-03-31,2027-08-09,2027-09-23,2858672758.0,3097765781.0,87.8,82.6,1291,1711721767.0,609917568.0,776126446.0,8908.0,1,5,8,2,77.1,94.7,45,Delayed,906,861,3097765781.0,239093023.0,-5.2,8.36
P2461,Metro Project 1461,Metro,South,Hyderabad,Vertex Infra,2024-09-07,2026-08-18,2026-10-14,997583975.0,1083755533.0,88.6,80.8,480,636663884.0,274251095.0,172840554.0,5901.0,0,3,12,1,88.6,99.1,57,Delayed,767,710,1083755533.0,86171558.0,-7.8,8.64
P2462,Highway Project 1462,Highway,West,Ahmedabad,MegaBuild,2023-04-14,2025-06-02,2025-08-26,771340461.0,885758004.0,94.1,75.4,329,507477945.0,193185700.0,185094359.0,1688.0,3,3,9,2,88.9,83.2,85,Delayed,865,780,885758004.0,114417543.0,-18.7,14.83
P2463,Metro Project 1463,Metro,South,Hyderabad,Apex Contractors,2025-08-04,2027-09-12,2027-11-08,2848126328.0,3191185575.0,89.3,76.6,770,1969491989.0,625964518.0,595729067.0,6596.0,1,6,13,2,82.3,88.6,57,Delayed,826,769,3191185574.0,343059247.0,-12.7,12.05
P2464,Metro Project 1464,Metro,West,Mumbai,UrbanWorks,2023-02-08,2024-09-20,2024-09-25,1328750214.0,1376102988.0,88.5,85.2,603,734718845.0,371513993.0,269870150.0,4667.0,1,3,8,0,94.1,90.5,5,On Track,595,590,1376102988.0,47352774.0,-3.3,3.56
P2465,Metro Project 1465,Metro,Central,Nagpur,Vertex Infra,2025-08-04,2027-01-28,2027-02-14,1214222034.0,1237725715.0,91.1,90.1,538,756181519.0,350595031.0,130949166.0,11086.0,0,2,8,2,71.5,99.1,17,Completed,559,542,1237725716.0,23503681.0,-1.0,1.94
P2466,Water Infrastructure Project 1466,Water Infrastructure,North,Delhi,UrbanWorks,2023-07-17,2024-01-17,2024-03-02,647463266.0,731684262.0,90.7,83.6,147,447894318.0,167581543.0,116208401.0,10238.0,3,3,9,3,93.8,80.6,45,Delayed,229,184,731684262.0,84220996.0,-7.1,13.01
P2467,Building Project 1467,Building,Central,Nagpur,Vertex Infra,2024-10-07,2025-02-16,2025-03-25,973718334.0,1044765461.0,93.0,79.2,346,556702841.0,229506165.0,258556454.0,11993.0,1,2,13,1,100.0,86.4,37,Delayed,169,132,1044765460.0,71047127.0,-13.8,7.3
P2468,Power Transmission Project 1468,Power Transmission,North,Jaipur,BuildTech,2024-08-01,2025-06-29,2025-08-21,1182302879.0,1301104659.0,93.3,82.5,390,651066567.0,255417403.0,394620689.0,11351.0,3,7,9,1,73.9,81.2,53,Delayed,385,332,1301104659.0,118801780.0,-10.8,10.05
P2469,Bridge Project 1469,Bridge,North,Delhi,Vertex Infra,2024-01-26,2025-01-21,2025-03-17,1233015512.0,1308266208.0,91.8,78.6,543,656533058.0,292650416.0,359082734.0,4278.0,1,3,10,3,89.0,96.4,55,Delayed,416,361,1308266208.0,75250696.0,-13.2,6.1
P2470,Water Infrastructure Project 1470,Water Infrastructure,Central,Nagpur,Shakti Engineering,2023-06-28,2025-03-01,2025-05-17,713398878.0,762525038.0,93.8,75.2,207,399059783.0,173142206.0,190323050.0,4790.0,0,5,10,2,84.6,100.0,77,Delayed,689,612,762525039.0,49126160.0,-18.6,6.89
P2471,Power Transmission Project 1471,Power Transmission,West,Ahmedabad,MegaBuild,2025-08-25,2026-07-23,2026-08-19,694630638.0,773241646.0,87.3,85.9,288,,182534526.0,89294934.0,1152.0,1,5,9,3,84.1,89.7,27,On Track,359,332,271829460.0,78611008.0,-1.4,11.32
P2472,Water Infrastructure Project 1472,Water Infrastructure,Central,Nagpur,UrbanWorks,2024-07-07,2026-09-27,2026-11-27,903163440.0,963697581.0,89.5,75.6,470,495140809.0,247606678.0,220950094.0,11782.0,0,4,11,2,84.6,94.3,61,Delayed,873,812,963697581.0,60534141.0,-13.9,6.7
P2473,Bridge Project 1473,Bridge,West,Ahmedabad,Vertex Infra,2024-03-23,2025-06-23,2025-09-16,749012745.0,816282103.0,90.5,73.8,361,406484041.0,166875264.0,242922798.0,6677.0,0,3,15,3,86.2,95.8,85,Delayed,542,457,816282103.0,67269358.0,-16.7,8.98
P2474,Water Infrastructure Project 1474,Water Infrastructure,West,Ahmedabad,Vertex Infra,2024-05-14,2025-03-02,2025-04-24,476378533.0,526187372.0,90.4,78.4,249,256809990.0,106598454.0,162778928.0,10203.0,1,2,6,5,99.0,98.2,53,Delayed,345,292,526187372.0,49808839.0,-12.0,10.46
P2475,Metro Project 1475,Metro,North,Delhi,UrbanWorks,2023-01-15,2025-03-16,2025-04-28,2094600783.0,2331275808.0,100.0,85.9,1137,1204541062.0,677598010.0,449136735.0,6801.0,1,3,4,3,90.0,93.2,43,Delayed,834,791,2331275807.0,236675025.0,-14.1,11.3
P2476,Metro Project 1476,Metro,Central,Indore,Unknown,2024-09-14,2025-06-24,2025-08-23,1592529032.0,1611710291.0,94.4,82.4,355,840134625.0,461884481.0,309691185.0,11017.0,0,3,5,2,88.0,100.0,60,Delayed,343,283,1611710291.0,19181259.0,-12.0,1.2
P2477,Building Project 1477,Building,South,Bengaluru,MegaBuild,2024-10-30,2026-06-06,2026-08-13,419317118.0,454732344.0,94.2,79.5,178,223743780.0,101435196.0,129553369.0,8414.0,4,5,9,1,81.2,70.4,68,Delayed,652,584,454732345.0,35415226.0,-14.7,8.45
P2478,Building Project 1478,Building,South,Chennai,MegaBuild,2023-10-16,2025-06-23,2025-08-30,358521265.0,384272289.0,88.9,79.8,127,242668499.0,99192109.0,42411681.0,10522.0,0,7,13,4,75.4,100.0,68,Delayed,684,616,384272289.0,25751024.0,-9.1,7.18
P2479,Highway Project 1479,Highway,South,Hyderabad,Vertex Infra,2024-04-22,2026-07-20,2026-08-13,992314604.0,1064277931.0,89.7,83.6,499,563031934.0,278887636.0,222358362.0,8728.0,0,7,6,0,77.1,96.9,24,On Track,843,819,1064277932.0,71963327.0,-6.1,7.25
P2480,Power Transmission Project 1480,Power Transmission,South,Bengaluru,ABC Infra,2023-08-19,2025-01-14,2025-04-06,1617604741.0,1777583994.0,93.1,77.9,490,843429074.0,489445001.0,444709919.0,1356.0,4,7,11,3,63.4,73.8,82,Delayed,596,514,1777583994.0,159979253.0,-15.2,9.89
P2481,Water Infrastructure Project 1481,Water Infrastructure,West,Mumbai,BuildTech,2025-07-11,2027-10-11,2027-11-11,648750687.0,725614264.0,96.0,88.3,352,447012633.0,200327233.0,78274397.0,2560.0,0,5,8,2,91.7,100.0,31,Delayed,853,822,725614263.0,76863577.0,-7.7,11.85
P2482,Building Project 1482,Building,Central,Indore,MegaBuild,2024-02-24,2025-04-26,2025-05-05,1071933219.0,1116046439.0,86.6,87.3,452,669163106.0,268644858.0,178238475.0,10918.0,0,4,12,0,78.9,94.8,9,On Track,436,427,1116046439.0,44113220.0,0.7,4.12
P2483,Power Transmission Project 1483,Power Transmission,South,Bengaluru,MegaBuild,2023-06-06,2025-11-09,2026-01-01,952084441.0,1034679983.0,88.1,86.4,458,510110876.0,277965578.0,246603528.0,9517.0,0,6,11,4,81.7,100.0,53,Delayed,940,887,1034679982.0,82595542.0,-1.7,8.68
P2484,Bridge Project 1484,Bridge,North,Delhi,Prime Projects,2024-07-03,2025-05-01,2025-06-12,643875428.0,657698287.0,89.2,80.9,159,310959744.0,183054972.0,163683571.0,1208.0,0,2,6,1,90.8,96.5,42,Delayed,344,302,657698287.0,13822859.0,-8.3,2.15
P2485,Power Transmission Project 1485,Power Transmission,West,Mumbai,Shakti Engineering,2024-03-16,2026-04-03,2026-05-27,798296847.0,872890141.0,91.0,79.4,223,440941277.0,241951684.0,189997180.0,749.0,1,4,8,2,83.6,97.6,54,Delayed,802,748,872890141.0,74593294.0,-11.6,9.34
P2486,Building Project 1486,Building,West,Pune,MegaBuild,2023-04-07,2024-12-26,2025-01-30,474805466.0,486972819.0,93.1,87.5,223,275987711.0,140618540.0,70366567.0,868.0,0,4,8,2,89.2,100.0,35,Delayed,664,629,486972818.0,12167353.0,-5.6,2.56
P2487,Highway Project 1487,Highway,Central,Indore,BuildTech,2025-09-23,2027-12-29,2028-02-07,820519993.0,891885465.0,92.9,83.6,186,419796143.0,214310884.0,257778437.0,3798.0,1,3,9,3,89.0,98.1,40,Delayed,867,827,891885464.0,71365472.0,-9.3,8.7
P2488,Water Infrastructure Project 1488,Water Infrastructure,South,Bengaluru,Unknown,2024-02-15,2025-12-11,2026-01-31,782168227.0,818887503.0,91.8,83.0,382,473437789.0,231912085.0,113537629.0,11352.0,1,2,7,0,94.0,96.1,51,Delayed,716,665,818887503.0,36719276.0,-8.8,4.69
P2489,Water Infrastructure Project 1489,Water Infrastructure,West,Mumbai,Shakti Engineering,2025-08-08,2027-06-22,2027-09-10,850482858.0,918535805.0,87.0,72.1,191,544044164.0,270746912.0,103744728.0,10818.0,2,3,13,3,87.9,88.7,80,Delayed,763,683,918535804.0,68052947.0,-14.9,8.0
P2490,Water Infrastructure Project 1490,Water Infrastructure,West,Pune,UrbanWorks,2023-10-16,2025-10-28,2025-12-30,892427738.0,981901088.0,89.3,79.6,389,505581003.0,257234323.0,219085762.0,6170.0,0,7,10,2,65.6,100.0,63,Delayed,806,743,981901088.0,89473350.0,-9.7,10.03
P2491,Power Transmission Project 1491,Power Transmission,Central,Nagpur,UrbanWorks,2023-09-11,2026-02-10,2026-02-05,886070481.0,921673062.0,84.7,87.5,301,538168828.0,185525496.0,197978737.0,1608.0,3,1,4,0,88.9,79.2,-5,On Track,878,883,921673061.0,35602581.0,2.8,4.02
P2492,Water Infrastructure Project 1492,Water Infrastructure,West,Mumbai,UrbanWorks,2023-07-15,2025-06-27,2025-07-18,835685015.0,906368590.0,93.9,90.3,352,562034052.0,246456846.0,97877692.0,1017.0,3,0,14,1,100.0,83.0,21,Completed,734,713,906368590.0,70683575.0,-3.6,8.46
P2493,Building Project 1493,Building,North,Delhi,UrbanWorks,2024-08-20,2026-12-31,2027-03-22,592202389.0,662972160.0,90.1,73.4,266,404185911.0,185807182.0,72979066.0,9461.0,3,5,16,5,78.3,82.0,81,Delayed,944,863,662972159.0,70769771.0,-16.7,11.95
P2494,Power Transmission Project 1494,Power Transmission,Central,Nagpur,Prime Projects,2025-04-13,2026-03-25,2026-04-16,741537059.0,774348274.0,85.3,88.4,246,467855596.0,183378133.0,123114546.0,3645.0,1,4,10,1,78.9,92.1,22,On Track,368,346,774348275.0,32811215.0,3.1,4.42
P2495,Water Infrastructure Project 1495,Water Infrastructure,North,Delhi,MegaBuild,2024-06-05,2026-10-17,2026-12-06,828865080.0,917912508.0,99.4,85.7,211,514077925.0,197220020.0,206614563.0,7514.0,0,6,9,3,78.2,92.2,50,Delayed,914,864,917912508.0,89047428.0,-13.7,10.74
P2496,Bridge Project 1496,Bridge,South,Bengaluru,UrbanWorks,2024-05-31,2026-09-30,2026-10-28,937287149.0,1029970215.0,79.8,77.4,227,560430917.0,310694987.0,158844311.0,7982.0,1,2,12,1,89.0,91.1,28,On Track,880,852,1029970215.0,92683066.0,-2.4,9.89
P2497,Power Transmission Project 1497,Power Transmission,South,Chennai,Vertex Infra,2024-09-26,2026-04-04,2026-05-11,804324384.0,975458750.0,89.7,80.1,333,,251038822.0,175621590.0,10977.0,2,3,10,3,76.1,84.5,37,Delayed,592,555,426660412.0,171134366.0,-9.6,21.28
P2498,Metro Project 1498,Metro,South,Bengaluru,ABC Infra,2025-04-21,2026-10-14,2026-12-28,1841065890.0,1992750838.0,95.3,77.6,721,1221880655.0,499302847.0,271567336.0,3018.0,2,4,15,2,89.7,87.1,75,Delayed,616,541,1992750838.0,151684948.0,-17.7,8.24
P2499,Water Infrastructure Project 1499,Water Infrastructure,Central,Nagpur,UrbanWorks,2025-05-14,2027-03-18,2027-04-22,476290905.0,525059924.0,88.1,81.7,221,305034227.0,158671670.0,61354027.0,9395.0,1,1,10,2,93.6,100.0,35,Delayed,708,673,525059924.0,48769019.0,-6.4,10.24
P2500,Power Transmission Project 1500,Power Transmission,West,Ahmedabad,MegaBuild,2023-04-28,2023-09-15,2023-09-30,1496521428.0,1561649151.0,90.7,85.6,580,987204806.0,383727146.0,190717199.0,9942.0,1,1,11,1,100.0,93.8,15,On Track,155,140,1561649151.0,65127723.0,-5.1,4.35
P1001,Power Transmission Project 0001,Power Transmission,West,Ahmedabad,Prime Projects,2023-04-13,2024-01-16,2024-02-09,1007602667.0,1092391114.0,90.3,89.6,372,649344556.0,322321247.0,120725312.0,3917.0,1,2,10,1,90.1,95.5,24,On Track,302,278,1092391115.0,84788447.0,-0.7,8.41
P1005,Power Transmission Project 0005,Power Transmission,West,Mumbai,Prime Projects,2023-04-17,2023-08-29,2023-10-17,1192128851.0,1270594233.0,89.6,80.1,451,755630417.0,281389349.0,233574467.0,3602.0,1,5,12,0,80.3,95.4,49,Delayed,183,134,1270594233.0,78465382.0,-9.5,6.58
P1006,Power Transmission Project 0006,Power Transmission,Central,Nagpur,ABC Infra,2023-03-13,2023-12-14,2023-12-19,821788341.0,825686915.0,90.4,91.3,317,510528831.0,194578793.0,120579291.0,9295.0,2,2,7,0,87.4,82.0,5,Completed,281,276,825686915.0,3898574.0,0.9,0.47
P1007,Highway Project 0007,Highway,West,Ahmedabad,BuildTech,2024-12-01,2027-01-07,2027-01-28,1453741396.0,1571789029.0,90.0,89.8,471,805035299.0,393545628.0,373208101.0,3666.0,0,4,15,2,74.8,100.0,21,On Track,788,767,1571789028.0,118047633.0,-0.2,8.12
P1008,Metro Project 0008,Metro,Central,Nagpur,Apex Contractors,2023-01-21,2024-02-05,2024-05-07,1901503639.0,2197969382.0,97.8,77.2,875,1143328745.0,424342816.0,630297821.0,11384.0,3,7,10,4,77.4,80.8,92,Delayed,472,380,2197969382.0,296465743.0,-20.6,15.59
P1009,Power Transmission Project 0009,Power Transmission,South,Bengaluru,Unknown,2024-09-06,2025-06-09,2025-07-12,1463702326.0,1642123876.0,94.0,83.9,744,797923638.0,405412030.0,438788208.0,11990.0,1,3,11,1,84.7,87.7,33,Delayed,309,276,1642123876.0,178421550.0,-10.1,12.19
P1540,Building Project 0540,Building,South,Bengaluru,Vertex Infra,2023-11-17,2025-06-12,2025-08-19,443570377.0,471128732.0,93.2,73.1,103,265605346.0,99710675.0,105812710.0,3472.0,2,8,9,0,66.5,78.7,68,Delayed,641,573,471128731.0,27558355.0,-20.1,6.21
